date,date_key,service_key,self_service_sessions,successful_completions,abandonments,estimated_cases_deflected,completion_rate,synthetic_label
2024-09-01 00:00:00,20240901,1,125,98,27,42,0.7821,Synthetic demonstration data — not actual University of Sydney results
2024-09-01 00:00:00,20240901,2,92,51,41,29,0.5492,Synthetic demonstration data — not actual University of Sydney results
2024-09-02 00:00:00,20240902,1,175,125,50,70,0.7169,Synthetic demonstration data — not actual University of Sydney results
2024-09-02 00:00:00,20240902,2,199,110,89,63,0.5516,Synthetic demonstration data — not actual University of Sydney results
2024-09-03 00:00:00,20240903,1,139,97,42,40,0.6961,Synthetic demonstration data — not actual University of Sydney results
2024-09-03 00:00:00,20240903,2,137,81,56,41,0.5922,Synthetic demonstration data — not actual University of Sydney results
2024-09-04 00:00:00,20240904,1,139,93,46,51,0.6676,Synthetic demonstration data — not actual University of Sydney results
2024-09-04 00:00:00,20240904,2,120,60,60,30,0.5015,Synthetic demonstration data — not actual University of Sydney results
2024-09-05 00:00:00,20240905,1,115,82,33,42,0.7149,Synthetic demonstration data — not actual University of Sydney results
2024-09-05 00:00:00,20240905,2,138,82,56,46,0.5966,Synthetic demonstration data — not actual University of Sydney results
2024-09-06 00:00:00,20240906,1,126,83,43,34,0.6567,Synthetic demonstration data — not actual University of Sydney results
2024-09-06 00:00:00,20240906,2,114,68,46,28,0.5982,Synthetic demonstration data — not actual University of Sydney results
2024-09-07 00:00:00,20240907,1,136,89,47,45,0.6553,Synthetic demonstration data — not actual University of Sydney results
2024-09-07 00:00:00,20240907,2,121,73,48,41,0.6006,Synthetic demonstration data — not actual University of Sydney results
2024-09-08 00:00:00,20240908,1,105,65,40,27,0.6187,Synthetic demonstration data — not actual University of Sydney results
2024-09-08 00:00:00,20240908,2,87,48,39,23,0.5507,Synthetic demonstration data — not actual University of Sydney results
2024-09-09 00:00:00,20240909,1,187,130,57,70,0.693,Synthetic demonstration data — not actual University of Sydney results
2024-09-09 00:00:00,20240909,2,137,77,60,30,0.5587,Synthetic demonstration data — not actual University of Sydney results
2024-09-10 00:00:00,20240910,1,142,100,42,51,0.7012,Synthetic demonstration data — not actual University of Sydney results
2024-09-10 00:00:00,20240910,2,135,74,61,38,0.5447,Synthetic demonstration data — not actual University of Sydney results
2024-09-11 00:00:00,20240911,1,159,113,46,60,0.7118,Synthetic demonstration data — not actual University of Sydney results
2024-09-11 00:00:00,20240911,2,140,72,68,27,0.5132,Synthetic demonstration data — not actual University of Sydney results
2024-09-12 00:00:00,20240912,1,171,116,55,67,0.6802,Synthetic demonstration data — not actual University of Sydney results
2024-09-12 00:00:00,20240912,2,125,65,60,25,0.5234,Synthetic demonstration data — not actual University of Sydney results
2024-09-13 00:00:00,20240913,1,191,127,64,68,0.6664,Synthetic demonstration data — not actual University of Sydney results
2024-09-13 00:00:00,20240913,2,174,85,89,35,0.4894,Synthetic demonstration data — not actual University of Sydney results
2024-09-14 00:00:00,20240914,1,145,106,39,47,0.7333,Synthetic demonstration data — not actual University of Sydney results
2024-09-14 00:00:00,20240914,2,101,58,43,34,0.5718,Synthetic demonstration data — not actual University of Sydney results
2024-09-15 00:00:00,20240915,1,86,57,29,27,0.6668,Synthetic demonstration data — not actual University of Sydney results
2024-09-15 00:00:00,20240915,2,104,60,44,24,0.5798,Synthetic demonstration data — not actual University of Sydney results
2024-09-16 00:00:00,20240916,1,135,103,32,51,0.7619,Synthetic demonstration data — not actual University of Sydney results
2024-09-16 00:00:00,20240916,2,101,50,51,29,0.4938,Synthetic demonstration data — not actual University of Sydney results
2024-09-17 00:00:00,20240917,1,104,72,32,37,0.6888,Synthetic demonstration data — not actual University of Sydney results
2024-09-17 00:00:00,20240917,2,147,85,62,34,0.5787,Synthetic demonstration data — not actual University of Sydney results
2024-09-18 00:00:00,20240918,1,138,94,44,55,0.6831,Synthetic demonstration data — not actual University of Sydney results
2024-09-18 00:00:00,20240918,2,174,89,85,43,0.5133,Synthetic demonstration data — not actual University of Sydney results
2024-09-19 00:00:00,20240919,1,153,111,42,51,0.7263,Synthetic demonstration data — not actual University of Sydney results
2024-09-19 00:00:00,20240919,2,129,75,54,44,0.5822,Synthetic demonstration data — not actual University of Sydney results
2024-09-20 00:00:00,20240920,1,164,110,54,68,0.6689,Synthetic demonstration data — not actual University of Sydney results
2024-09-20 00:00:00,20240920,2,134,75,59,38,0.5625,Synthetic demonstration data — not actual University of Sydney results
2024-09-21 00:00:00,20240921,1,120,81,39,35,0.6722,Synthetic demonstration data — not actual University of Sydney results
2024-09-21 00:00:00,20240921,2,133,77,56,40,0.5754,Synthetic demonstration data — not actual University of Sydney results
2024-09-22 00:00:00,20240922,1,112,69,43,37,0.6146,Synthetic demonstration data — not actual University of Sydney results
2024-09-22 00:00:00,20240922,2,118,71,47,43,0.5994,Synthetic demonstration data — not actual University of Sydney results
2024-09-23 00:00:00,20240923,1,169,123,46,58,0.7298,Synthetic demonstration data — not actual University of Sydney results
2024-09-23 00:00:00,20240923,2,134,74,60,33,0.5517,Synthetic demonstration data — not actual University of Sydney results
2024-09-24 00:00:00,20240924,1,150,101,49,61,0.6705,Synthetic demonstration data — not actual University of Sydney results
2024-09-24 00:00:00,20240924,2,102,61,41,28,0.5983,Synthetic demonstration data — not actual University of Sydney results
2024-09-25 00:00:00,20240925,1,150,107,43,59,0.7154,Synthetic demonstration data — not actual University of Sydney results
2024-09-25 00:00:00,20240925,2,99,55,44,26,0.5533,Synthetic demonstration data — not actual University of Sydney results
2024-09-26 00:00:00,20240926,1,125,74,51,38,0.5956,Synthetic demonstration data — not actual University of Sydney results
2024-09-26 00:00:00,20240926,2,82,45,37,24,0.5435,Synthetic demonstration data — not actual University of Sydney results
2024-09-27 00:00:00,20240927,1,147,92,55,38,0.6278,Synthetic demonstration data — not actual University of Sydney results
2024-09-27 00:00:00,20240927,2,138,71,67,37,0.5118,Synthetic demonstration data — not actual University of Sydney results
2024-09-28 00:00:00,20240928,1,133,91,42,51,0.6853,Synthetic demonstration data — not actual University of Sydney results
2024-09-28 00:00:00,20240928,2,139,84,55,48,0.6047,Synthetic demonstration data — not actual University of Sydney results
2024-09-29 00:00:00,20240929,1,150,106,44,64,0.7034,Synthetic demonstration data — not actual University of Sydney results
2024-09-29 00:00:00,20240929,2,119,71,48,37,0.6005,Synthetic demonstration data — not actual University of Sydney results
2024-09-30 00:00:00,20240930,1,113,84,29,46,0.7471,Synthetic demonstration data — not actual University of Sydney results
2024-09-30 00:00:00,20240930,2,133,78,55,40,0.5866,Synthetic demonstration data — not actual University of Sydney results
2024-10-01 00:00:00,20241001,1,134,86,48,37,0.6429,Synthetic demonstration data — not actual University of Sydney results
2024-10-01 00:00:00,20241001,2,124,65,59,26,0.5239,Synthetic demonstration data — not actual University of Sydney results
2024-10-02 00:00:00,20241002,1,130,86,44,47,0.6611,Synthetic demonstration data — not actual University of Sydney results
2024-10-02 00:00:00,20241002,2,128,68,60,32,0.5278,Synthetic demonstration data — not actual University of Sydney results
2024-10-03 00:00:00,20241003,1,182,132,50,55,0.7249,Synthetic demonstration data — not actual University of Sydney results
2024-10-03 00:00:00,20241003,2,95,60,35,28,0.6298,Synthetic demonstration data — not actual University of Sydney results
2024-10-04 00:00:00,20241004,1,121,83,38,49,0.6836,Synthetic demonstration data — not actual University of Sydney results
2024-10-04 00:00:00,20241004,2,105,57,48,34,0.5435,Synthetic demonstration data — not actual University of Sydney results
2024-10-05 00:00:00,20241005,1,142,98,44,48,0.687,Synthetic demonstration data — not actual University of Sydney results
2024-10-05 00:00:00,20241005,2,105,56,49,31,0.5333,Synthetic demonstration data — not actual University of Sydney results
2024-10-06 00:00:00,20241006,1,112,82,30,40,0.734,Synthetic demonstration data — not actual University of Sydney results
2024-10-06 00:00:00,20241006,2,93,49,44,25,0.5218,Synthetic demonstration data — not actual University of Sydney results
2024-10-07 00:00:00,20241007,1,152,112,40,68,0.7372,Synthetic demonstration data — not actual University of Sydney results
2024-10-07 00:00:00,20241007,2,90,60,30,36,0.6689,Synthetic demonstration data — not actual University of Sydney results
2024-10-08 00:00:00,20241008,1,140,101,39,40,0.7191,Synthetic demonstration data — not actual University of Sydney results
2024-10-08 00:00:00,20241008,2,107,60,47,36,0.5576,Synthetic demonstration data — not actual University of Sydney results
2024-10-09 00:00:00,20241009,1,151,110,41,45,0.7268,Synthetic demonstration data — not actual University of Sydney results
2024-10-09 00:00:00,20241009,2,126,76,50,44,0.5996,Synthetic demonstration data — not actual University of Sydney results
2024-10-10 00:00:00,20241010,1,177,138,39,78,0.7792,Synthetic demonstration data — not actual University of Sydney results
2024-10-10 00:00:00,20241010,2,140,81,59,34,0.5753,Synthetic demonstration data — not actual University of Sydney results
2024-10-11 00:00:00,20241011,1,160,100,60,48,0.6232,Synthetic demonstration data — not actual University of Sydney results
2024-10-11 00:00:00,20241011,2,135,73,62,30,0.5371,Synthetic demonstration data — not actual University of Sydney results
2024-10-12 00:00:00,20241012,1,100,64,36,25,0.6427,Synthetic demonstration data — not actual University of Sydney results
2024-10-12 00:00:00,20241012,2,104,69,35,26,0.6638,Synthetic demonstration data — not actual University of Sydney results
2024-10-13 00:00:00,20241013,1,126,86,40,42,0.6807,Synthetic demonstration data — not actual University of Sydney results
2024-10-13 00:00:00,20241013,2,130,67,63,30,0.5116,Synthetic demonstration data — not actual University of Sydney results
2024-10-14 00:00:00,20241014,1,162,114,48,50,0.7032,Synthetic demonstration data — not actual University of Sydney results
2024-10-14 00:00:00,20241014,2,129,72,57,27,0.5569,Synthetic demonstration data — not actual University of Sydney results
2024-10-15 00:00:00,20241015,1,142,94,48,36,0.659,Synthetic demonstration data — not actual University of Sydney results
2024-10-15 00:00:00,20241015,2,140,74,66,28,0.5255,Synthetic demonstration data — not actual University of Sydney results
2024-10-16 00:00:00,20241016,1,114,81,33,31,0.7145,Synthetic demonstration data — not actual University of Sydney results
2024-10-16 00:00:00,20241016,2,147,74,73,32,0.5035,Synthetic demonstration data — not actual University of Sydney results
2024-10-17 00:00:00,20241017,1,159,104,55,49,0.653,Synthetic demonstration data — not actual University of Sydney results
2024-10-17 00:00:00,20241017,2,144,85,59,35,0.5869,Synthetic demonstration data — not actual University of Sydney results
2024-10-18 00:00:00,20241018,1,146,106,40,62,0.7229,Synthetic demonstration data — not actual University of Sydney results
2024-10-18 00:00:00,20241018,2,97,52,45,24,0.534,Synthetic demonstration data — not actual University of Sydney results
2024-10-19 00:00:00,20241019,1,93,58,35,22,0.6225,Synthetic demonstration data — not actual University of Sydney results
2024-10-19 00:00:00,20241019,2,105,58,47,27,0.5488,Synthetic demonstration data — not actual University of Sydney results
2024-10-20 00:00:00,20241020,1,128,84,44,44,0.658,Synthetic demonstration data — not actual University of Sydney results
2024-10-20 00:00:00,20241020,2,65,37,28,17,0.5695,Synthetic demonstration data — not actual University of Sydney results
2024-10-21 00:00:00,20241021,1,156,115,41,55,0.7366,Synthetic demonstration data — not actual University of Sydney results
2024-10-21 00:00:00,20241021,2,91,46,45,24,0.5053,Synthetic demonstration data — not actual University of Sydney results
2024-10-22 00:00:00,20241022,1,166,124,42,64,0.7479,Synthetic demonstration data — not actual University of Sydney results
2024-10-22 00:00:00,20241022,2,123,79,44,36,0.646,Synthetic demonstration data — not actual University of Sydney results
2024-10-23 00:00:00,20241023,1,149,109,40,53,0.7348,Synthetic demonstration data — not actual University of Sydney results
2024-10-23 00:00:00,20241023,2,87,44,43,24,0.5044,Synthetic demonstration data — not actual University of Sydney results
2024-10-24 00:00:00,20241024,1,150,100,50,38,0.6689,Synthetic demonstration data — not actual University of Sydney results
2024-10-24 00:00:00,20241024,2,131,77,54,47,0.5871,Synthetic demonstration data — not actual University of Sydney results
2024-10-25 00:00:00,20241025,1,154,100,54,42,0.6517,Synthetic demonstration data — not actual University of Sydney results
2024-10-25 00:00:00,20241025,2,149,81,68,35,0.5426,Synthetic demonstration data — not actual University of Sydney results
2024-10-26 00:00:00,20241026,1,104,78,26,32,0.7468,Synthetic demonstration data — not actual University of Sydney results
2024-10-26 00:00:00,20241026,2,124,59,65,30,0.4771,Synthetic demonstration data — not actual University of Sydney results
2024-10-27 00:00:00,20241027,1,133,93,40,36,0.6973,Synthetic demonstration data — not actual University of Sydney results
2024-10-27 00:00:00,20241027,2,95,51,44,21,0.536,Synthetic demonstration data — not actual University of Sydney results
2024-10-28 00:00:00,20241028,1,127,86,41,50,0.6774,Synthetic demonstration data — not actual University of Sydney results
2024-10-28 00:00:00,20241028,2,136,82,54,38,0.6054,Synthetic demonstration data — not actual University of Sydney results
2024-10-29 00:00:00,20241029,1,105,75,30,36,0.7101,Synthetic demonstration data — not actual University of Sydney results
2024-10-29 00:00:00,20241029,2,130,74,56,28,0.5661,Synthetic demonstration data — not actual University of Sydney results
2024-10-30 00:00:00,20241030,1,145,98,47,41,0.6739,Synthetic demonstration data — not actual University of Sydney results
2024-10-30 00:00:00,20241030,2,110,58,52,30,0.5318,Synthetic demonstration data — not actual University of Sydney results
2024-10-31 00:00:00,20241031,1,162,113,49,64,0.6996,Synthetic demonstration data — not actual University of Sydney results
2024-10-31 00:00:00,20241031,2,97,61,36,33,0.624,Synthetic demonstration data — not actual University of Sydney results
2024-11-01 00:00:00,20241101,1,122,84,38,41,0.685,Synthetic demonstration data — not actual University of Sydney results
2024-11-01 00:00:00,20241101,2,107,65,42,27,0.6074,Synthetic demonstration data — not actual University of Sydney results
2024-11-02 00:00:00,20241102,1,114,74,40,44,0.6451,Synthetic demonstration data — not actual University of Sydney results
2024-11-02 00:00:00,20241102,2,115,64,51,31,0.5585,Synthetic demonstration data — not actual University of Sydney results
2024-11-03 00:00:00,20241103,1,99,62,37,25,0.6309,Synthetic demonstration data — not actual University of Sydney results
2024-11-03 00:00:00,20241103,2,95,55,40,22,0.5791,Synthetic demonstration data — not actual University of Sydney results
2024-11-04 00:00:00,20241104,1,133,90,43,37,0.6771,Synthetic demonstration data — not actual University of Sydney results
2024-11-04 00:00:00,20241104,2,102,43,59,19,0.4196,Synthetic demonstration data — not actual University of Sydney results
2024-11-05 00:00:00,20241105,1,148,99,49,40,0.6716,Synthetic demonstration data — not actual University of Sydney results
2024-11-05 00:00:00,20241105,2,165,86,79,38,0.5202,Synthetic demonstration data — not actual University of Sydney results
2024-11-06 00:00:00,20241106,1,158,91,67,35,0.5732,Synthetic demonstration data — not actual University of Sydney results
2024-11-06 00:00:00,20241106,2,167,106,61,55,0.6336,Synthetic demonstration data — not actual University of Sydney results
2024-11-07 00:00:00,20241107,1,149,107,42,49,0.7181,Synthetic demonstration data — not actual University of Sydney results
2024-11-07 00:00:00,20241107,2,136,83,53,50,0.6088,Synthetic demonstration data — not actual University of Sydney results
2024-11-08 00:00:00,20241108,1,139,101,38,50,0.724,Synthetic demonstration data — not actual University of Sydney results
2024-11-08 00:00:00,20241108,2,143,84,59,50,0.5886,Synthetic demonstration data — not actual University of Sydney results
2024-11-09 00:00:00,20241109,1,134,91,43,38,0.6758,Synthetic demonstration data — not actual University of Sydney results
2024-11-09 00:00:00,20241109,2,74,39,35,18,0.5271,Synthetic demonstration data — not actual University of Sydney results
2024-11-10 00:00:00,20241110,1,101,59,42,24,0.5816,Synthetic demonstration data — not actual University of Sydney results
2024-11-10 00:00:00,20241110,2,110,63,47,36,0.5757,Synthetic demonstration data — not actual University of Sydney results
2024-11-11 00:00:00,20241111,1,147,102,45,55,0.6927,Synthetic demonstration data — not actual University of Sydney results
2024-11-11 00:00:00,20241111,2,159,94,65,50,0.5943,Synthetic demonstration data — not actual University of Sydney results
2024-11-12 00:00:00,20241112,1,144,100,44,56,0.6922,Synthetic demonstration data — not actual University of Sydney results
2024-11-12 00:00:00,20241112,2,144,85,59,32,0.5933,Synthetic demonstration data — not actual University of Sydney results
2024-11-13 00:00:00,20241113,1,134,95,39,41,0.7057,Synthetic demonstration data — not actual University of Sydney results
2024-11-13 00:00:00,20241113,2,124,72,52,38,0.5784,Synthetic demonstration data — not actual University of Sydney results
2024-11-14 00:00:00,20241114,1,158,111,47,49,0.7043,Synthetic demonstration data — not actual University of Sydney results
2024-11-14 00:00:00,20241114,2,157,98,59,53,0.6227,Synthetic demonstration data — not actual University of Sydney results
2024-11-15 00:00:00,20241115,1,165,118,47,64,0.7134,Synthetic demonstration data — not actual University of Sydney results
2024-11-15 00:00:00,20241115,2,153,85,68,42,0.5571,Synthetic demonstration data — not actual University of Sydney results
2024-11-16 00:00:00,20241116,1,99,72,27,27,0.7243,Synthetic demonstration data — not actual University of Sydney results
2024-11-16 00:00:00,20241116,2,140,73,67,44,0.5207,Synthetic demonstration data — not actual University of Sydney results
2024-11-17 00:00:00,20241117,1,81,52,29,30,0.6365,Synthetic demonstration data — not actual University of Sydney results
2024-11-17 00:00:00,20241117,2,98,57,41,28,0.586,Synthetic demonstration data — not actual University of Sydney results
2024-11-18 00:00:00,20241118,1,143,106,37,62,0.7448,Synthetic demonstration data — not actual University of Sydney results
2024-11-18 00:00:00,20241118,2,146,78,68,36,0.5356,Synthetic demonstration data — not actual University of Sydney results
2024-11-19 00:00:00,20241119,1,114,79,35,31,0.6941,Synthetic demonstration data — not actual University of Sydney results
2024-11-19 00:00:00,20241119,2,139,77,62,46,0.5546,Synthetic demonstration data — not actual University of Sydney results
2024-11-20 00:00:00,20241120,1,161,109,52,53,0.6797,Synthetic demonstration data — not actual University of Sydney results
2024-11-20 00:00:00,20241120,2,185,88,97,47,0.4766,Synthetic demonstration data — not actual University of Sydney results
2024-11-21 00:00:00,20241121,1,141,95,46,58,0.6755,Synthetic demonstration data — not actual University of Sydney results
2024-11-21 00:00:00,20241121,2,142,75,67,34,0.5282,Synthetic demonstration data — not actual University of Sydney results
2024-11-22 00:00:00,20241122,1,112,71,41,37,0.6361,Synthetic demonstration data — not actual University of Sydney results
2024-11-22 00:00:00,20241122,2,97,56,41,29,0.5783,Synthetic demonstration data — not actual University of Sydney results
2024-11-23 00:00:00,20241123,1,144,103,41,55,0.7164,Synthetic demonstration data — not actual University of Sydney results
2024-11-23 00:00:00,20241123,2,89,49,40,30,0.5544,Synthetic demonstration data — not actual University of Sydney results
2024-11-24 00:00:00,20241124,1,111,72,39,32,0.6483,Synthetic demonstration data — not actual University of Sydney results
2024-11-24 00:00:00,20241124,2,94,44,50,17,0.4676,Synthetic demonstration data — not actual University of Sydney results
2024-11-25 00:00:00,20241125,1,111,86,25,50,0.7781,Synthetic demonstration data — not actual University of Sydney results
2024-11-25 00:00:00,20241125,2,124,73,51,39,0.5874,Synthetic demonstration data — not actual University of Sydney results
2024-11-26 00:00:00,20241126,1,159,107,52,57,0.6725,Synthetic demonstration data — not actual University of Sydney results
2024-11-26 00:00:00,20241126,2,102,70,32,33,0.6837,Synthetic demonstration data — not actual University of Sydney results
2024-11-27 00:00:00,20241127,1,143,96,47,36,0.674,Synthetic demonstration data — not actual University of Sydney results
2024-11-27 00:00:00,20241127,2,167,92,75,50,0.5499,Synthetic demonstration data — not actual University of Sydney results
2024-11-28 00:00:00,20241128,1,223,149,74,84,0.6681,Synthetic demonstration data — not actual University of Sydney results
2024-11-28 00:00:00,20241128,2,121,66,55,26,0.5439,Synthetic demonstration data — not actual University of Sydney results
2024-11-29 00:00:00,20241129,1,130,81,49,37,0.6217,Synthetic demonstration data — not actual University of Sydney results
2024-11-29 00:00:00,20241129,2,163,93,70,51,0.5692,Synthetic demonstration data — not actual University of Sydney results
2024-11-30 00:00:00,20241130,1,148,101,47,60,0.684,Synthetic demonstration data — not actual University of Sydney results
2024-11-30 00:00:00,20241130,2,103,67,36,25,0.6464,Synthetic demonstration data — not actual University of Sydney results
2024-12-01 00:00:00,20241201,1,159,116,43,44,0.7299,Synthetic demonstration data — not actual University of Sydney results
2024-12-01 00:00:00,20241201,2,100,65,35,31,0.6475,Synthetic demonstration data — not actual University of Sydney results
2024-12-02 00:00:00,20241202,1,148,95,53,36,0.6391,Synthetic demonstration data — not actual University of Sydney results
2024-12-02 00:00:00,20241202,2,98,49,49,30,0.4951,Synthetic demonstration data — not actual University of Sydney results
2024-12-03 00:00:00,20241203,1,144,97,47,46,0.6753,Synthetic demonstration data — not actual University of Sydney results
2024-12-03 00:00:00,20241203,2,131,73,58,39,0.5535,Synthetic demonstration data — not actual University of Sydney results
2024-12-04 00:00:00,20241204,1,180,127,53,55,0.7054,Synthetic demonstration data — not actual University of Sydney results
2024-12-04 00:00:00,20241204,2,130,71,59,29,0.543,Synthetic demonstration data — not actual University of Sydney results
2024-12-05 00:00:00,20241205,1,179,112,67,44,0.6232,Synthetic demonstration data — not actual University of Sydney results
2024-12-05 00:00:00,20241205,2,101,62,39,28,0.6171,Synthetic demonstration data — not actual University of Sydney results
2024-12-06 00:00:00,20241206,1,146,109,37,44,0.7484,Synthetic demonstration data — not actual University of Sydney results
2024-12-06 00:00:00,20241206,2,128,66,62,35,0.5166,Synthetic demonstration data — not actual University of Sydney results
2024-12-07 00:00:00,20241207,1,147,93,54,38,0.6328,Synthetic demonstration data — not actual University of Sydney results
2024-12-07 00:00:00,20241207,2,115,61,54,32,0.5262,Synthetic demonstration data — not actual University of Sydney results
2024-12-08 00:00:00,20241208,1,78,50,28,26,0.6418,Synthetic demonstration data — not actual University of Sydney results
2024-12-08 00:00:00,20241208,2,94,52,42,27,0.5554,Synthetic demonstration data — not actual University of Sydney results
2024-12-09 00:00:00,20241209,1,165,117,48,68,0.7121,Synthetic demonstration data — not actual University of Sydney results
2024-12-09 00:00:00,20241209,2,142,69,73,35,0.4827,Synthetic demonstration data — not actual University of Sydney results
2024-12-10 00:00:00,20241210,1,127,90,37,35,0.7098,Synthetic demonstration data — not actual University of Sydney results
2024-12-10 00:00:00,20241210,2,154,91,63,47,0.5931,Synthetic demonstration data — not actual University of Sydney results
2024-12-11 00:00:00,20241211,1,174,117,57,63,0.6743,Synthetic demonstration data — not actual University of Sydney results
2024-12-11 00:00:00,20241211,2,125,71,54,32,0.5659,Synthetic demonstration data — not actual University of Sydney results
2024-12-12 00:00:00,20241212,1,226,148,78,69,0.6561,Synthetic demonstration data — not actual University of Sydney results
2024-12-12 00:00:00,20241212,2,199,106,93,55,0.5303,Synthetic demonstration data — not actual University of Sydney results
2024-12-13 00:00:00,20241213,1,107,69,38,29,0.6442,Synthetic demonstration data — not actual University of Sydney results
2024-12-13 00:00:00,20241213,2,119,64,55,28,0.5357,Synthetic demonstration data — not actual University of Sydney results
2024-12-14 00:00:00,20241214,1,109,85,24,34,0.7841,Synthetic demonstration data — not actual University of Sydney results
2024-12-14 00:00:00,20241214,2,161,103,58,57,0.6382,Synthetic demonstration data — not actual University of Sydney results
2024-12-15 00:00:00,20241215,1,89,65,24,29,0.7329,Synthetic demonstration data — not actual University of Sydney results
2024-12-15 00:00:00,20241215,2,101,56,45,32,0.5588,Synthetic demonstration data — not actual University of Sydney results
2024-12-16 00:00:00,20241216,1,188,110,78,49,0.5846,Synthetic demonstration data — not actual University of Sydney results
2024-12-16 00:00:00,20241216,2,139,78,61,37,0.5604,Synthetic demonstration data — not actual University of Sydney results
2024-12-17 00:00:00,20241217,1,143,87,56,53,0.6108,Synthetic demonstration data — not actual University of Sydney results
2024-12-17 00:00:00,20241217,2,129,74,55,42,0.5719,Synthetic demonstration data — not actual University of Sydney results
2024-12-18 00:00:00,20241218,1,153,106,47,61,0.6901,Synthetic demonstration data — not actual University of Sydney results
2024-12-18 00:00:00,20241218,2,113,64,49,38,0.5708,Synthetic demonstration data — not actual University of Sydney results
2024-12-19 00:00:00,20241219,1,159,98,61,47,0.6194,Synthetic demonstration data — not actual University of Sydney results
2024-12-19 00:00:00,20241219,2,101,54,47,21,0.5298,Synthetic demonstration data — not actual University of Sydney results
2024-12-20 00:00:00,20241220,1,131,86,45,37,0.6581,Synthetic demonstration data — not actual University of Sydney results
2024-12-20 00:00:00,20241220,2,92,50,42,26,0.5447,Synthetic demonstration data — not actual University of Sydney results
2024-12-21 00:00:00,20241221,1,119,85,34,52,0.7158,Synthetic demonstration data — not actual University of Sydney results
2024-12-21 00:00:00,20241221,2,87,51,36,19,0.5908,Synthetic demonstration data — not actual University of Sydney results
2024-12-22 00:00:00,20241222,1,106,70,36,38,0.6617,Synthetic demonstration data — not actual University of Sydney results
2024-12-22 00:00:00,20241222,2,107,57,50,24,0.5303,Synthetic demonstration data — not actual University of Sydney results
2024-12-23 00:00:00,20241223,1,129,89,40,44,0.6912,Synthetic demonstration data — not actual University of Sydney results
2024-12-23 00:00:00,20241223,2,147,84,63,38,0.5703,Synthetic demonstration data — not actual University of Sydney results
2024-12-24 00:00:00,20241224,1,182,137,45,80,0.7545,Synthetic demonstration data — not actual University of Sydney results
2024-12-24 00:00:00,20241224,2,144,90,54,45,0.6249,Synthetic demonstration data — not actual University of Sydney results
2024-12-25 00:00:00,20241225,1,180,127,53,66,0.7065,Synthetic demonstration data — not actual University of Sydney results
2024-12-25 00:00:00,20241225,2,133,73,60,37,0.547,Synthetic demonstration data — not actual University of Sydney results
2024-12-26 00:00:00,20241226,1,133,93,40,40,0.7027,Synthetic demonstration data — not actual University of Sydney results
2024-12-26 00:00:00,20241226,2,178,103,75,60,0.5804,Synthetic demonstration data — not actual University of Sydney results
2024-12-27 00:00:00,20241227,1,140,97,43,48,0.6948,Synthetic demonstration data — not actual University of Sydney results
2024-12-27 00:00:00,20241227,2,138,83,55,36,0.5988,Synthetic demonstration data — not actual University of Sydney results
2024-12-28 00:00:00,20241228,1,135,97,38,56,0.7185,Synthetic demonstration data — not actual University of Sydney results
2024-12-28 00:00:00,20241228,2,108,54,54,28,0.5029,Synthetic demonstration data — not actual University of Sydney results
2024-12-29 00:00:00,20241229,1,76,52,24,21,0.6788,Synthetic demonstration data — not actual University of Sydney results
2024-12-29 00:00:00,20241229,2,121,54,67,22,0.4441,Synthetic demonstration data — not actual University of Sydney results
2024-12-30 00:00:00,20241230,1,180,120,60,56,0.6652,Synthetic demonstration data — not actual University of Sydney results
2024-12-30 00:00:00,20241230,2,113,53,60,27,0.4733,Synthetic demonstration data — not actual University of Sydney results
2024-12-31 00:00:00,20241231,1,136,96,40,55,0.7036,Synthetic demonstration data — not actual University of Sydney results
2024-12-31 00:00:00,20241231,2,146,85,61,33,0.581,Synthetic demonstration data — not actual University of Sydney results
2025-01-01 00:00:00,20250101,1,103,76,27,46,0.7355,Synthetic demonstration data — not actual University of Sydney results
2025-01-01 00:00:00,20250101,2,92,46,46,23,0.5016,Synthetic demonstration data — not actual University of Sydney results
2025-01-02 00:00:00,20250102,1,154,104,50,42,0.6776,Synthetic demonstration data — not actual University of Sydney results
2025-01-02 00:00:00,20250102,2,97,55,42,33,0.5663,Synthetic demonstration data — not actual University of Sydney results
2025-01-03 00:00:00,20250103,1,190,117,73,65,0.6135,Synthetic demonstration data — not actual University of Sydney results
2025-01-03 00:00:00,20250103,2,113,61,52,28,0.5362,Synthetic demonstration data — not actual University of Sydney results
2025-01-04 00:00:00,20250104,1,112,76,36,40,0.6807,Synthetic demonstration data — not actual University of Sydney results
2025-01-04 00:00:00,20250104,2,120,66,54,40,0.5467,Synthetic demonstration data — not actual University of Sydney results
2025-01-05 00:00:00,20250105,1,110,75,35,40,0.6813,Synthetic demonstration data — not actual University of Sydney results
2025-01-05 00:00:00,20250105,2,109,64,45,33,0.5851,Synthetic demonstration data — not actual University of Sydney results
2025-01-06 00:00:00,20250106,1,219,151,68,88,0.6879,Synthetic demonstration data — not actual University of Sydney results
2025-01-06 00:00:00,20250106,2,121,67,54,33,0.5498,Synthetic demonstration data — not actual University of Sydney results
2025-01-07 00:00:00,20250107,1,152,105,47,49,0.6898,Synthetic demonstration data — not actual University of Sydney results
2025-01-07 00:00:00,20250107,2,135,72,63,39,0.5322,Synthetic demonstration data — not actual University of Sydney results
2025-01-08 00:00:00,20250108,1,182,127,55,55,0.6961,Synthetic demonstration data — not actual University of Sydney results
2025-01-08 00:00:00,20250108,2,102,56,46,27,0.5513,Synthetic demonstration data — not actual University of Sydney results
2025-01-09 00:00:00,20250109,1,202,122,80,52,0.6021,Synthetic demonstration data — not actual University of Sydney results
2025-01-09 00:00:00,20250109,2,183,103,80,54,0.561,Synthetic demonstration data — not actual University of Sydney results
2025-01-10 00:00:00,20250110,1,159,115,44,45,0.7235,Synthetic demonstration data — not actual University of Sydney results
2025-01-10 00:00:00,20250110,2,87,46,41,19,0.5297,Synthetic demonstration data — not actual University of Sydney results
2025-01-11 00:00:00,20250111,1,132,81,51,49,0.6101,Synthetic demonstration data — not actual University of Sydney results
2025-01-11 00:00:00,20250111,2,102,66,36,35,0.6519,Synthetic demonstration data — not actual University of Sydney results
2025-01-12 00:00:00,20250112,1,116,82,34,49,0.708,Synthetic demonstration data — not actual University of Sydney results
2025-01-12 00:00:00,20250112,2,93,51,42,25,0.5528,Synthetic demonstration data — not actual University of Sydney results
2025-01-13 00:00:00,20250113,1,144,89,55,34,0.6205,Synthetic demonstration data — not actual University of Sydney results
2025-01-13 00:00:00,20250113,2,176,102,74,55,0.5808,Synthetic demonstration data — not actual University of Sydney results
2025-01-14 00:00:00,20250114,1,161,112,49,63,0.6976,Synthetic demonstration data — not actual University of Sydney results
2025-01-14 00:00:00,20250114,2,132,62,70,35,0.4703,Synthetic demonstration data — not actual University of Sydney results
2025-01-15 00:00:00,20250115,1,148,99,49,38,0.6692,Synthetic demonstration data — not actual University of Sydney results
2025-01-15 00:00:00,20250115,2,134,74,60,37,0.5534,Synthetic demonstration data — not actual University of Sydney results
2025-01-16 00:00:00,20250116,1,134,76,58,33,0.5643,Synthetic demonstration data — not actual University of Sydney results
2025-01-16 00:00:00,20250116,2,47,29,18,11,0.6099,Synthetic demonstration data — not actual University of Sydney results
2025-01-17 00:00:00,20250117,1,137,88,49,36,0.6421,Synthetic demonstration data — not actual University of Sydney results
2025-01-17 00:00:00,20250117,2,137,77,60,42,0.5594,Synthetic demonstration data — not actual University of Sydney results
2025-01-18 00:00:00,20250118,1,96,65,31,38,0.6741,Synthetic demonstration data — not actual University of Sydney results
2025-01-18 00:00:00,20250118,2,78,49,29,23,0.6236,Synthetic demonstration data — not actual University of Sydney results
2025-01-19 00:00:00,20250119,1,70,45,25,19,0.6422,Synthetic demonstration data — not actual University of Sydney results
2025-01-19 00:00:00,20250119,2,103,62,41,30,0.5984,Synthetic demonstration data — not actual University of Sydney results
2025-01-20 00:00:00,20250120,1,126,86,40,36,0.6862,Synthetic demonstration data — not actual University of Sydney results
2025-01-20 00:00:00,20250120,2,103,55,48,24,0.5363,Synthetic demonstration data — not actual University of Sydney results
2025-01-21 00:00:00,20250121,1,177,130,47,68,0.7325,Synthetic demonstration data — not actual University of Sydney results
2025-01-21 00:00:00,20250121,2,105,60,45,36,0.5706,Synthetic demonstration data — not actual University of Sydney results
2025-01-22 00:00:00,20250122,1,182,130,52,79,0.7147,Synthetic demonstration data — not actual University of Sydney results
2025-01-22 00:00:00,20250122,2,155,82,73,38,0.53,Synthetic demonstration data — not actual University of Sydney results
2025-01-23 00:00:00,20250123,1,116,81,35,38,0.6951,Synthetic demonstration data — not actual University of Sydney results
2025-01-23 00:00:00,20250123,2,117,58,59,34,0.4954,Synthetic demonstration data — not actual University of Sydney results
2025-01-24 00:00:00,20250124,1,151,99,52,50,0.6543,Synthetic demonstration data — not actual University of Sydney results
2025-01-24 00:00:00,20250124,2,78,46,32,20,0.5958,Synthetic demonstration data — not actual University of Sydney results
2025-01-25 00:00:00,20250125,1,105,66,39,31,0.6291,Synthetic demonstration data — not actual University of Sydney results
2025-01-25 00:00:00,20250125,2,82,50,32,24,0.6069,Synthetic demonstration data — not actual University of Sydney results
2025-01-26 00:00:00,20250126,1,90,64,26,31,0.7134,Synthetic demonstration data — not actual University of Sydney results
2025-01-26 00:00:00,20250126,2,153,98,55,37,0.6377,Synthetic demonstration data — not actual University of Sydney results
2025-01-27 00:00:00,20250127,1,182,122,60,67,0.6719,Synthetic demonstration data — not actual University of Sydney results
2025-01-27 00:00:00,20250127,2,140,78,62,46,0.5576,Synthetic demonstration data — not actual University of Sydney results
2025-01-28 00:00:00,20250128,1,110,74,36,31,0.676,Synthetic demonstration data — not actual University of Sydney results
2025-01-28 00:00:00,20250128,2,134,66,68,29,0.4916,Synthetic demonstration data — not actual University of Sydney results
2025-01-29 00:00:00,20250129,1,150,101,49,45,0.6722,Synthetic demonstration data — not actual University of Sydney results
2025-01-29 00:00:00,20250129,2,120,66,54,33,0.552,Synthetic demonstration data — not actual University of Sydney results
2025-01-30 00:00:00,20250130,1,200,122,78,63,0.6106,Synthetic demonstration data — not actual University of Sydney results
2025-01-30 00:00:00,20250130,2,124,73,51,37,0.5858,Synthetic demonstration data — not actual University of Sydney results
2025-01-31 00:00:00,20250131,1,136,89,47,40,0.6521,Synthetic demonstration data — not actual University of Sydney results
2025-01-31 00:00:00,20250131,2,122,68,54,32,0.5553,Synthetic demonstration data — not actual University of Sydney results
2025-02-01 00:00:00,20250201,1,159,88,71,35,0.5538,Synthetic demonstration data — not actual University of Sydney results
2025-02-01 00:00:00,20250201,2,76,40,36,15,0.527,Synthetic demonstration data — not actual University of Sydney results
2025-02-02 00:00:00,20250202,1,124,73,51,42,0.591,Synthetic demonstration data — not actual University of Sydney results
2025-02-02 00:00:00,20250202,2,142,78,64,37,0.5519,Synthetic demonstration data — not actual University of Sydney results
2025-02-03 00:00:00,20250203,1,163,106,57,51,0.6492,Synthetic demonstration data — not actual University of Sydney results
2025-02-03 00:00:00,20250203,2,122,64,58,30,0.5282,Synthetic demonstration data — not actual University of Sydney results
2025-02-04 00:00:00,20250204,1,173,97,76,47,0.5612,Synthetic demonstration data — not actual University of Sydney results
2025-02-04 00:00:00,20250204,2,117,65,52,31,0.5516,Synthetic demonstration data — not actual University of Sydney results
2025-02-05 00:00:00,20250205,1,164,92,72,46,0.5616,Synthetic demonstration data — not actual University of Sydney results
2025-02-05 00:00:00,20250205,2,90,49,41,23,0.5436,Synthetic demonstration data — not actual University of Sydney results
2025-02-06 00:00:00,20250206,1,246,169,77,96,0.6881,Synthetic demonstration data — not actual University of Sydney results
2025-02-06 00:00:00,20250206,2,139,74,65,45,0.5316,Synthetic demonstration data — not actual University of Sydney results
2025-02-07 00:00:00,20250207,1,255,128,127,61,0.502,Synthetic demonstration data — not actual University of Sydney results
2025-02-07 00:00:00,20250207,2,138,69,69,32,0.5016,Synthetic demonstration data — not actual University of Sydney results
2025-02-08 00:00:00,20250208,1,158,89,69,52,0.5651,Synthetic demonstration data — not actual University of Sydney results
2025-02-08 00:00:00,20250208,2,89,51,38,25,0.5675,Synthetic demonstration data — not actual University of Sydney results
2025-02-09 00:00:00,20250209,1,218,125,93,75,0.5742,Synthetic demonstration data — not actual University of Sydney results
2025-02-09 00:00:00,20250209,2,86,46,40,18,0.5337,Synthetic demonstration data — not actual University of Sydney results
2025-02-10 00:00:00,20250210,1,197,113,84,63,0.5753,Synthetic demonstration data — not actual University of Sydney results
2025-02-10 00:00:00,20250210,2,127,69,58,38,0.5431,Synthetic demonstration data — not actual University of Sydney results
2025-02-11 00:00:00,20250211,1,167,99,68,55,0.5925,Synthetic demonstration data — not actual University of Sydney results
2025-02-11 00:00:00,20250211,2,207,110,97,55,0.5328,Synthetic demonstration data — not actual University of Sydney results
2025-02-12 00:00:00,20250212,1,203,126,77,70,0.6216,Synthetic demonstration data — not actual University of Sydney results
2025-02-12 00:00:00,20250212,2,177,105,72,64,0.5931,Synthetic demonstration data — not actual University of Sydney results
2025-02-13 00:00:00,20250213,1,178,95,83,51,0.532,Synthetic demonstration data — not actual University of Sydney results
2025-02-13 00:00:00,20250213,2,154,91,63,51,0.5892,Synthetic demonstration data — not actual University of Sydney results
2025-02-14 00:00:00,20250214,1,211,120,91,73,0.5666,Synthetic demonstration data — not actual University of Sydney results
2025-02-14 00:00:00,20250214,2,136,70,66,31,0.5111,Synthetic demonstration data — not actual University of Sydney results
2025-02-15 00:00:00,20250215,1,138,74,64,41,0.5366,Synthetic demonstration data — not actual University of Sydney results
2025-02-15 00:00:00,20250215,2,125,71,54,32,0.5647,Synthetic demonstration data — not actual University of Sydney results
2025-02-16 00:00:00,20250216,1,139,78,61,30,0.5616,Synthetic demonstration data — not actual University of Sydney results
2025-02-16 00:00:00,20250216,2,91,47,44,19,0.5124,Synthetic demonstration data — not actual University of Sydney results
2025-02-17 00:00:00,20250217,1,257,152,105,60,0.5921,Synthetic demonstration data — not actual University of Sydney results
2025-02-17 00:00:00,20250217,2,189,116,73,48,0.6135,Synthetic demonstration data — not actual University of Sydney results
2025-02-18 00:00:00,20250218,1,139,84,55,40,0.6023,Synthetic demonstration data — not actual University of Sydney results
2025-02-18 00:00:00,20250218,2,151,76,75,29,0.5064,Synthetic demonstration data — not actual University of Sydney results
2025-02-19 00:00:00,20250219,1,243,129,114,69,0.5315,Synthetic demonstration data — not actual University of Sydney results
2025-02-19 00:00:00,20250219,2,116,51,65,21,0.4382,Synthetic demonstration data — not actual University of Sydney results
2025-02-20 00:00:00,20250220,1,261,147,114,84,0.5645,Synthetic demonstration data — not actual University of Sydney results
2025-02-20 00:00:00,20250220,2,99,53,46,26,0.5366,Synthetic demonstration data — not actual University of Sydney results
2025-02-21 00:00:00,20250221,1,181,96,85,42,0.5306,Synthetic demonstration data — not actual University of Sydney results
2025-02-21 00:00:00,20250221,2,144,81,63,40,0.5627,Synthetic demonstration data — not actual University of Sydney results
2025-02-22 00:00:00,20250222,1,175,104,71,52,0.5929,Synthetic demonstration data — not actual University of Sydney results
2025-02-22 00:00:00,20250222,2,151,90,61,34,0.5987,Synthetic demonstration data — not actual University of Sydney results
2025-02-23 00:00:00,20250223,1,113,64,49,38,0.5636,Synthetic demonstration data — not actual University of Sydney results
2025-02-23 00:00:00,20250223,2,116,61,55,23,0.5265,Synthetic demonstration data — not actual University of Sydney results
2025-02-24 00:00:00,20250224,1,187,110,77,51,0.5882,Synthetic demonstration data — not actual University of Sydney results
2025-02-24 00:00:00,20250224,2,157,90,67,49,0.5734,Synthetic demonstration data — not actual University of Sydney results
2025-02-25 00:00:00,20250225,1,210,116,94,44,0.5516,Synthetic demonstration data — not actual University of Sydney results
2025-02-25 00:00:00,20250225,2,182,88,94,53,0.4861,Synthetic demonstration data — not actual University of Sydney results
2025-02-26 00:00:00,20250226,1,141,82,59,44,0.5811,Synthetic demonstration data — not actual University of Sydney results
2025-02-26 00:00:00,20250226,2,137,75,62,41,0.5457,Synthetic demonstration data — not actual University of Sydney results
2025-02-27 00:00:00,20250227,1,168,82,86,43,0.4878,Synthetic demonstration data — not actual University of Sydney results
2025-02-27 00:00:00,20250227,2,151,64,87,31,0.4235,Synthetic demonstration data — not actual University of Sydney results
2025-02-28 00:00:00,20250228,1,198,115,83,60,0.5785,Synthetic demonstration data — not actual University of Sydney results
2025-02-28 00:00:00,20250228,2,158,77,81,47,0.4905,Synthetic demonstration data — not actual University of Sydney results
2025-03-01 00:00:00,20250301,1,125,81,44,48,0.6465,Synthetic demonstration data — not actual University of Sydney results
2025-03-01 00:00:00,20250301,2,115,61,54,26,0.5326,Synthetic demonstration data — not actual University of Sydney results
2025-03-02 00:00:00,20250302,1,210,120,90,67,0.5725,Synthetic demonstration data — not actual University of Sydney results
2025-03-02 00:00:00,20250302,2,124,67,57,34,0.5388,Synthetic demonstration data — not actual University of Sydney results
2025-03-03 00:00:00,20250303,1,194,115,79,52,0.592,Synthetic demonstration data — not actual University of Sydney results
2025-03-03 00:00:00,20250303,2,199,107,92,48,0.539,Synthetic demonstration data — not actual University of Sydney results
2025-03-04 00:00:00,20250304,1,212,138,74,79,0.6503,Synthetic demonstration data — not actual University of Sydney results
2025-03-04 00:00:00,20250304,2,172,92,80,42,0.5341,Synthetic demonstration data — not actual University of Sydney results
2025-03-05 00:00:00,20250305,1,192,107,85,44,0.5597,Synthetic demonstration data — not actual University of Sydney results
2025-03-05 00:00:00,20250305,2,134,90,44,52,0.6738,Synthetic demonstration data — not actual University of Sydney results
2025-03-06 00:00:00,20250306,1,173,84,89,34,0.486,Synthetic demonstration data — not actual University of Sydney results
2025-03-06 00:00:00,20250306,2,161,77,84,46,0.4773,Synthetic demonstration data — not actual University of Sydney results
2025-03-07 00:00:00,20250307,1,215,120,95,49,0.5569,Synthetic demonstration data — not actual University of Sydney results
2025-03-07 00:00:00,20250307,2,105,55,50,29,0.5219,Synthetic demonstration data — not actual University of Sydney results
2025-03-08 00:00:00,20250308,1,170,103,67,48,0.6036,Synthetic demonstration data — not actual University of Sydney results
2025-03-08 00:00:00,20250308,2,131,73,58,36,0.5568,Synthetic demonstration data — not actual University of Sydney results
2025-03-09 00:00:00,20250309,1,184,105,79,63,0.5698,Synthetic demonstration data — not actual University of Sydney results
2025-03-09 00:00:00,20250309,2,131,68,63,42,0.5206,Synthetic demonstration data — not actual University of Sydney results
2025-03-10 00:00:00,20250310,1,181,99,82,50,0.5471,Synthetic demonstration data — not actual University of Sydney results
2025-03-10 00:00:00,20250310,2,180,115,65,48,0.6396,Synthetic demonstration data — not actual University of Sydney results
2025-03-11 00:00:00,20250311,1,200,119,81,70,0.5958,Synthetic demonstration data — not actual University of Sydney results
2025-03-11 00:00:00,20250311,2,106,57,49,32,0.5408,Synthetic demonstration data — not actual University of Sydney results
2025-03-12 00:00:00,20250312,1,203,99,104,60,0.4865,Synthetic demonstration data — not actual University of Sydney results
2025-03-12 00:00:00,20250312,2,117,70,47,28,0.6005,Synthetic demonstration data — not actual University of Sydney results
2025-03-13 00:00:00,20250313,1,177,97,80,37,0.5501,Synthetic demonstration data — not actual University of Sydney results
2025-03-13 00:00:00,20250313,2,223,120,103,64,0.5369,Synthetic demonstration data — not actual University of Sydney results
2025-03-14 00:00:00,20250314,1,148,79,69,33,0.5347,Synthetic demonstration data — not actual University of Sydney results
2025-03-14 00:00:00,20250314,2,200,118,82,65,0.5919,Synthetic demonstration data — not actual University of Sydney results
2025-03-15 00:00:00,20250315,1,150,73,77,42,0.4873,Synthetic demonstration data — not actual University of Sydney results
2025-03-15 00:00:00,20250315,2,125,74,51,31,0.5958,Synthetic demonstration data — not actual University of Sydney results
2025-03-16 00:00:00,20250316,1,134,73,61,37,0.5426,Synthetic demonstration data — not actual University of Sydney results
2025-03-16 00:00:00,20250316,2,130,70,60,33,0.5422,Synthetic demonstration data — not actual University of Sydney results
2025-03-17 00:00:00,20250317,1,201,113,88,46,0.5629,Synthetic demonstration data — not actual University of Sydney results
2025-03-17 00:00:00,20250317,2,187,105,82,48,0.5619,Synthetic demonstration data — not actual University of Sydney results
2025-03-18 00:00:00,20250318,1,153,86,67,53,0.5627,Synthetic demonstration data — not actual University of Sydney results
2025-03-18 00:00:00,20250318,2,152,86,66,37,0.5667,Synthetic demonstration data — not actual University of Sydney results
2025-03-19 00:00:00,20250319,1,227,124,103,74,0.5479,Synthetic demonstration data — not actual University of Sydney results
2025-03-19 00:00:00,20250319,2,172,97,75,58,0.5658,Synthetic demonstration data — not actual University of Sydney results
2025-03-20 00:00:00,20250320,1,211,126,85,59,0.5993,Synthetic demonstration data — not actual University of Sydney results
2025-03-20 00:00:00,20250320,2,116,64,52,39,0.556,Synthetic demonstration data — not actual University of Sydney results
2025-03-21 00:00:00,20250321,1,110,62,48,26,0.5643,Synthetic demonstration data — not actual University of Sydney results
2025-03-21 00:00:00,20250321,2,163,95,68,57,0.5821,Synthetic demonstration data — not actual University of Sydney results
2025-03-22 00:00:00,20250322,1,142,80,62,35,0.5632,Synthetic demonstration data — not actual University of Sydney results
2025-03-22 00:00:00,20250322,2,105,62,43,34,0.588,Synthetic demonstration data — not actual University of Sydney results
2025-03-23 00:00:00,20250323,1,141,84,57,37,0.5953,Synthetic demonstration data — not actual University of Sydney results
2025-03-23 00:00:00,20250323,2,110,58,52,30,0.531,Synthetic demonstration data — not actual University of Sydney results
2025-03-24 00:00:00,20250324,1,131,78,53,47,0.598,Synthetic demonstration data — not actual University of Sydney results
2025-03-24 00:00:00,20250324,2,174,96,78,37,0.5504,Synthetic demonstration data — not actual University of Sydney results
2025-03-25 00:00:00,20250325,1,157,94,63,52,0.5978,Synthetic demonstration data — not actual University of Sydney results
2025-03-25 00:00:00,20250325,2,159,74,85,34,0.4635,Synthetic demonstration data — not actual University of Sydney results
2025-03-26 00:00:00,20250326,1,224,135,89,72,0.6008,Synthetic demonstration data — not actual University of Sydney results
2025-03-26 00:00:00,20250326,2,156,92,64,44,0.5881,Synthetic demonstration data — not actual University of Sydney results
2025-03-27 00:00:00,20250327,1,169,93,76,57,0.5517,Synthetic demonstration data — not actual University of Sydney results
2025-03-27 00:00:00,20250327,2,138,76,62,42,0.5493,Synthetic demonstration data — not actual University of Sydney results
2025-03-28 00:00:00,20250328,1,218,109,109,65,0.499,Synthetic demonstration data — not actual University of Sydney results
2025-03-28 00:00:00,20250328,2,122,63,59,28,0.5185,Synthetic demonstration data — not actual University of Sydney results
2025-03-29 00:00:00,20250329,1,159,79,80,34,0.4971,Synthetic demonstration data — not actual University of Sydney results
2025-03-29 00:00:00,20250329,2,106,62,44,25,0.5891,Synthetic demonstration data — not actual University of Sydney results
2025-03-30 00:00:00,20250330,1,125,70,55,36,0.5563,Synthetic demonstration data — not actual University of Sydney results
2025-03-30 00:00:00,20250330,2,142,76,66,40,0.5371,Synthetic demonstration data — not actual University of Sydney results
2025-03-31 00:00:00,20250331,1,116,70,46,43,0.6036,Synthetic demonstration data — not actual University of Sydney results
2025-03-31 00:00:00,20250331,2,112,68,44,32,0.6054,Synthetic demonstration data — not actual University of Sydney results
2025-04-01 00:00:00,20250401,1,157,90,67,54,0.576,Synthetic demonstration data — not actual University of Sydney results
2025-04-01 00:00:00,20250401,2,115,76,39,32,0.6638,Synthetic demonstration data — not actual University of Sydney results
2025-04-02 00:00:00,20250402,1,211,143,68,82,0.6758,Synthetic demonstration data — not actual University of Sydney results
2025-04-02 00:00:00,20250402,2,133,80,53,41,0.6036,Synthetic demonstration data — not actual University of Sydney results
2025-04-03 00:00:00,20250403,1,115,74,41,30,0.6405,Synthetic demonstration data — not actual University of Sydney results
2025-04-03 00:00:00,20250403,2,112,57,55,22,0.5082,Synthetic demonstration data — not actual University of Sydney results
2025-04-04 00:00:00,20250404,1,95,70,25,39,0.7359,Synthetic demonstration data — not actual University of Sydney results
2025-04-04 00:00:00,20250404,2,165,91,74,46,0.5512,Synthetic demonstration data — not actual University of Sydney results
2025-04-05 00:00:00,20250405,1,87,59,28,27,0.6784,Synthetic demonstration data — not actual University of Sydney results
2025-04-05 00:00:00,20250405,2,95,55,40,34,0.5748,Synthetic demonstration data — not actual University of Sydney results
2025-04-06 00:00:00,20250406,1,115,83,32,43,0.7213,Synthetic demonstration data — not actual University of Sydney results
2025-04-06 00:00:00,20250406,2,64,39,25,18,0.6121,Synthetic demonstration data — not actual University of Sydney results
2025-04-07 00:00:00,20250407,1,134,86,48,47,0.6447,Synthetic demonstration data — not actual University of Sydney results
2025-04-07 00:00:00,20250407,2,112,61,51,28,0.5467,Synthetic demonstration data — not actual University of Sydney results
2025-04-08 00:00:00,20250408,1,156,108,48,44,0.6949,Synthetic demonstration data — not actual University of Sydney results
2025-04-08 00:00:00,20250408,2,131,84,47,38,0.64,Synthetic demonstration data — not actual University of Sydney results
2025-04-09 00:00:00,20250409,1,230,163,67,92,0.7108,Synthetic demonstration data — not actual University of Sydney results
2025-04-09 00:00:00,20250409,2,86,42,44,21,0.4844,Synthetic demonstration data — not actual University of Sydney results
2025-04-10 00:00:00,20250410,1,135,97,38,51,0.7167,Synthetic demonstration data — not actual University of Sydney results
2025-04-10 00:00:00,20250410,2,154,69,85,26,0.4504,Synthetic demonstration data — not actual University of Sydney results
2025-04-11 00:00:00,20250411,1,181,103,78,43,0.5668,Synthetic demonstration data — not actual University of Sydney results
2025-04-11 00:00:00,20250411,2,146,69,77,36,0.4696,Synthetic demonstration data — not actual University of Sydney results
2025-04-12 00:00:00,20250412,1,100,74,26,38,0.7425,Synthetic demonstration data — not actual University of Sydney results
2025-04-12 00:00:00,20250412,2,98,55,43,32,0.5641,Synthetic demonstration data — not actual University of Sydney results
2025-04-13 00:00:00,20250413,1,114,75,39,32,0.6559,Synthetic demonstration data — not actual University of Sydney results
2025-04-13 00:00:00,20250413,2,99,52,47,21,0.5254,Synthetic demonstration data — not actual University of Sydney results
2025-04-14 00:00:00,20250414,1,175,116,59,48,0.6642,Synthetic demonstration data — not actual University of Sydney results
2025-04-14 00:00:00,20250414,2,140,76,64,38,0.5438,Synthetic demonstration data — not actual University of Sydney results
2025-04-15 00:00:00,20250415,1,165,111,54,65,0.6702,Synthetic demonstration data — not actual University of Sydney results
2025-04-15 00:00:00,20250415,2,119,72,47,29,0.6033,Synthetic demonstration data — not actual University of Sydney results
2025-04-16 00:00:00,20250416,1,141,97,44,54,0.6888,Synthetic demonstration data — not actual University of Sydney results
2025-04-16 00:00:00,20250416,2,119,63,56,26,0.5322,Synthetic demonstration data — not actual University of Sydney results
2025-04-17 00:00:00,20250417,1,207,132,75,79,0.6383,Synthetic demonstration data — not actual University of Sydney results
2025-04-17 00:00:00,20250417,2,111,64,47,26,0.5783,Synthetic demonstration data — not actual University of Sydney results
2025-04-18 00:00:00,20250418,1,97,63,34,26,0.6483,Synthetic demonstration data — not actual University of Sydney results
2025-04-18 00:00:00,20250418,2,112,65,47,26,0.5847,Synthetic demonstration data — not actual University of Sydney results
2025-04-19 00:00:00,20250419,1,104,78,26,45,0.7471,Synthetic demonstration data — not actual University of Sydney results
2025-04-19 00:00:00,20250419,2,122,74,48,37,0.6068,Synthetic demonstration data — not actual University of Sydney results
2025-04-20 00:00:00,20250420,1,113,81,32,43,0.7179,Synthetic demonstration data — not actual University of Sydney results
2025-04-20 00:00:00,20250420,2,123,74,49,37,0.6005,Synthetic demonstration data — not actual University of Sydney results
2025-04-21 00:00:00,20250421,1,132,98,34,56,0.7427,Synthetic demonstration data — not actual University of Sydney results
2025-04-21 00:00:00,20250421,2,106,55,51,28,0.5232,Synthetic demonstration data — not actual University of Sydney results
2025-04-22 00:00:00,20250422,1,166,121,45,73,0.7295,Synthetic demonstration data — not actual University of Sydney results
2025-04-22 00:00:00,20250422,2,160,87,73,52,0.5428,Synthetic demonstration data — not actual University of Sydney results
2025-04-23 00:00:00,20250423,1,140,107,33,52,0.7609,Synthetic demonstration data — not actual University of Sydney results
2025-04-23 00:00:00,20250423,2,119,63,56,32,0.5257,Synthetic demonstration data — not actual University of Sydney results
2025-04-24 00:00:00,20250424,1,134,101,33,39,0.756,Synthetic demonstration data — not actual University of Sydney results
2025-04-24 00:00:00,20250424,2,150,80,70,37,0.532,Synthetic demonstration data — not actual University of Sydney results
2025-04-25 00:00:00,20250425,1,177,122,55,46,0.6877,Synthetic demonstration data — not actual University of Sydney results
2025-04-25 00:00:00,20250425,2,186,87,99,41,0.4661,Synthetic demonstration data — not actual University of Sydney results
2025-04-26 00:00:00,20250426,1,133,91,42,43,0.6876,Synthetic demonstration data — not actual University of Sydney results
2025-04-26 00:00:00,20250426,2,95,57,38,33,0.5969,Synthetic demonstration data — not actual University of Sydney results
2025-04-27 00:00:00,20250427,1,77,56,21,24,0.7241,Synthetic demonstration data — not actual University of Sydney results
2025-04-27 00:00:00,20250427,2,90,52,38,25,0.5735,Synthetic demonstration data — not actual University of Sydney results
2025-04-28 00:00:00,20250428,1,182,136,46,69,0.7464,Synthetic demonstration data — not actual University of Sydney results
2025-04-28 00:00:00,20250428,2,117,70,47,39,0.5974,Synthetic demonstration data — not actual University of Sydney results
2025-04-29 00:00:00,20250429,1,149,88,61,51,0.5909,Synthetic demonstration data — not actual University of Sydney results
2025-04-29 00:00:00,20250429,2,170,103,67,51,0.6033,Synthetic demonstration data — not actual University of Sydney results
2025-04-30 00:00:00,20250430,1,172,121,51,60,0.7046,Synthetic demonstration data — not actual University of Sydney results
2025-04-30 00:00:00,20250430,2,134,74,60,30,0.5488,Synthetic demonstration data — not actual University of Sydney results
2025-05-01 00:00:00,20250501,1,199,135,64,64,0.6804,Synthetic demonstration data — not actual University of Sydney results
2025-05-01 00:00:00,20250501,2,109,56,53,23,0.5172,Synthetic demonstration data — not actual University of Sydney results
2025-05-02 00:00:00,20250502,1,156,109,47,50,0.6981,Synthetic demonstration data — not actual University of Sydney results
2025-05-02 00:00:00,20250502,2,114,59,55,24,0.5205,Synthetic demonstration data — not actual University of Sydney results
2025-05-03 00:00:00,20250503,1,114,85,29,34,0.7494,Synthetic demonstration data — not actual University of Sydney results
2025-05-03 00:00:00,20250503,2,73,36,37,16,0.4913,Synthetic demonstration data — not actual University of Sydney results
2025-05-04 00:00:00,20250504,1,85,62,23,28,0.7246,Synthetic demonstration data — not actual University of Sydney results
2025-05-04 00:00:00,20250504,2,77,44,33,17,0.5711,Synthetic demonstration data — not actual University of Sydney results
2025-05-05 00:00:00,20250505,1,183,137,46,56,0.7482,Synthetic demonstration data — not actual University of Sydney results
2025-05-05 00:00:00,20250505,2,126,72,54,33,0.5682,Synthetic demonstration data — not actual University of Sydney results
2025-05-06 00:00:00,20250506,1,160,100,60,47,0.6272,Synthetic demonstration data — not actual University of Sydney results
2025-05-06 00:00:00,20250506,2,108,55,53,30,0.5115,Synthetic demonstration data — not actual University of Sydney results
2025-05-07 00:00:00,20250507,1,137,94,43,51,0.6858,Synthetic demonstration data — not actual University of Sydney results
2025-05-07 00:00:00,20250507,2,128,72,56,43,0.561,Synthetic demonstration data — not actual University of Sydney results
2025-05-08 00:00:00,20250508,1,185,135,50,60,0.7321,Synthetic demonstration data — not actual University of Sydney results
2025-05-08 00:00:00,20250508,2,139,81,58,45,0.5816,Synthetic demonstration data — not actual University of Sydney results
2025-05-09 00:00:00,20250509,1,148,107,41,59,0.7258,Synthetic demonstration data — not actual University of Sydney results
2025-05-09 00:00:00,20250509,2,150,83,67,33,0.551,Synthetic demonstration data — not actual University of Sydney results
2025-05-10 00:00:00,20250510,1,125,84,41,45,0.6719,Synthetic demonstration data — not actual University of Sydney results
2025-05-10 00:00:00,20250510,2,138,86,52,50,0.6204,Synthetic demonstration data — not actual University of Sydney results
2025-05-11 00:00:00,20250511,1,154,107,47,47,0.6973,Synthetic demonstration data — not actual University of Sydney results
2025-05-11 00:00:00,20250511,2,108,65,43,34,0.6004,Synthetic demonstration data — not actual University of Sydney results
2025-05-12 00:00:00,20250512,1,119,83,36,32,0.6938,Synthetic demonstration data — not actual University of Sydney results
2025-05-12 00:00:00,20250512,2,78,43,35,16,0.5471,Synthetic demonstration data — not actual University of Sydney results
2025-05-13 00:00:00,20250513,1,116,65,51,31,0.5642,Synthetic demonstration data — not actual University of Sydney results
2025-05-13 00:00:00,20250513,2,134,72,62,40,0.5398,Synthetic demonstration data — not actual University of Sydney results
2025-05-14 00:00:00,20250514,1,101,73,28,42,0.7192,Synthetic demonstration data — not actual University of Sydney results
2025-05-14 00:00:00,20250514,2,141,79,62,31,0.5635,Synthetic demonstration data — not actual University of Sydney results
2025-05-15 00:00:00,20250515,1,170,121,49,64,0.7136,Synthetic demonstration data — not actual University of Sydney results
2025-05-15 00:00:00,20250515,2,115,66,49,30,0.5742,Synthetic demonstration data — not actual University of Sydney results
2025-05-16 00:00:00,20250516,1,95,62,33,32,0.6492,Synthetic demonstration data — not actual University of Sydney results
2025-05-16 00:00:00,20250516,2,147,92,55,44,0.6256,Synthetic demonstration data — not actual University of Sydney results
2025-05-17 00:00:00,20250517,1,117,71,46,34,0.6093,Synthetic demonstration data — not actual University of Sydney results
2025-05-17 00:00:00,20250517,2,91,55,36,23,0.6095,Synthetic demonstration data — not actual University of Sydney results
2025-05-18 00:00:00,20250518,1,114,69,45,41,0.6049,Synthetic demonstration data — not actual University of Sydney results
2025-05-18 00:00:00,20250518,2,89,55,34,29,0.6232,Synthetic demonstration data — not actual University of Sydney results
2025-05-19 00:00:00,20250519,1,201,138,63,82,0.687,Synthetic demonstration data — not actual University of Sydney results
2025-05-19 00:00:00,20250519,2,135,63,72,27,0.4657,Synthetic demonstration data — not actual University of Sydney results
2025-05-20 00:00:00,20250520,1,171,114,57,47,0.6651,Synthetic demonstration data — not actual University of Sydney results
2025-05-20 00:00:00,20250520,2,122,67,55,25,0.5516,Synthetic demonstration data — not actual University of Sydney results
2025-05-21 00:00:00,20250521,1,123,76,47,29,0.6158,Synthetic demonstration data — not actual University of Sydney results
2025-05-21 00:00:00,20250521,2,108,59,49,27,0.5452,Synthetic demonstration data — not actual University of Sydney results
2025-05-22 00:00:00,20250522,1,186,134,52,69,0.7204,Synthetic demonstration data — not actual University of Sydney results
2025-05-22 00:00:00,20250522,2,111,71,40,33,0.6393,Synthetic demonstration data — not actual University of Sydney results
2025-05-23 00:00:00,20250523,1,132,88,44,35,0.6662,Synthetic demonstration data — not actual University of Sydney results
2025-05-23 00:00:00,20250523,2,119,71,48,40,0.5928,Synthetic demonstration data — not actual University of Sydney results
2025-05-24 00:00:00,20250524,1,124,79,45,33,0.6397,Synthetic demonstration data — not actual University of Sydney results
2025-05-24 00:00:00,20250524,2,95,64,31,38,0.6731,Synthetic demonstration data — not actual University of Sydney results
2025-05-25 00:00:00,20250525,1,120,80,40,34,0.6667,Synthetic demonstration data — not actual University of Sydney results
2025-05-25 00:00:00,20250525,2,108,60,48,28,0.5571,Synthetic demonstration data — not actual University of Sydney results
2025-05-26 00:00:00,20250526,1,180,128,52,66,0.7084,Synthetic demonstration data — not actual University of Sydney results
2025-05-26 00:00:00,20250526,2,82,42,40,16,0.5135,Synthetic demonstration data — not actual University of Sydney results
2025-05-27 00:00:00,20250527,1,183,116,67,65,0.6322,Synthetic demonstration data — not actual University of Sydney results
2025-05-27 00:00:00,20250527,2,138,67,71,27,0.4835,Synthetic demonstration data — not actual University of Sydney results
2025-05-28 00:00:00,20250528,1,156,111,45,44,0.7102,Synthetic demonstration data — not actual University of Sydney results
2025-05-28 00:00:00,20250528,2,148,82,66,46,0.5521,Synthetic demonstration data — not actual University of Sydney results
2025-05-29 00:00:00,20250529,1,161,105,56,51,0.6504,Synthetic demonstration data — not actual University of Sydney results
2025-05-29 00:00:00,20250529,2,121,77,44,45,0.6376,Synthetic demonstration data — not actual University of Sydney results
2025-05-30 00:00:00,20250530,1,172,123,49,62,0.7154,Synthetic demonstration data — not actual University of Sydney results
2025-05-30 00:00:00,20250530,2,152,92,60,54,0.6046,Synthetic demonstration data — not actual University of Sydney results
2025-05-31 00:00:00,20250531,1,114,73,41,44,0.643,Synthetic demonstration data — not actual University of Sydney results
2025-05-31 00:00:00,20250531,2,87,55,32,32,0.6314,Synthetic demonstration data — not actual University of Sydney results
2025-06-01 00:00:00,20250601,1,73,44,29,20,0.609,Synthetic demonstration data — not actual University of Sydney results
2025-06-01 00:00:00,20250601,2,82,48,34,27,0.5849,Synthetic demonstration data — not actual University of Sydney results
2025-06-02 00:00:00,20250602,1,111,68,43,37,0.6087,Synthetic demonstration data — not actual University of Sydney results
2025-06-02 00:00:00,20250602,2,106,62,44,33,0.5876,Synthetic demonstration data — not actual University of Sydney results
2025-06-03 00:00:00,20250603,1,166,103,63,49,0.6233,Synthetic demonstration data — not actual University of Sydney results
2025-06-03 00:00:00,20250603,2,176,93,83,41,0.5303,Synthetic demonstration data — not actual University of Sydney results
2025-06-04 00:00:00,20250604,1,101,74,27,41,0.7336,Synthetic demonstration data — not actual University of Sydney results
2025-06-04 00:00:00,20250604,2,114,66,48,38,0.5806,Synthetic demonstration data — not actual University of Sydney results
2025-06-05 00:00:00,20250605,1,169,107,62,53,0.6332,Synthetic demonstration data — not actual University of Sydney results
2025-06-05 00:00:00,20250605,2,82,47,35,21,0.5715,Synthetic demonstration data — not actual University of Sydney results
2025-06-06 00:00:00,20250606,1,118,78,40,46,0.6634,Synthetic demonstration data — not actual University of Sydney results
2025-06-06 00:00:00,20250606,2,128,75,53,40,0.5848,Synthetic demonstration data — not actual University of Sydney results
2025-06-07 00:00:00,20250607,1,130,80,50,47,0.6181,Synthetic demonstration data — not actual University of Sydney results
2025-06-07 00:00:00,20250607,2,114,67,47,30,0.5883,Synthetic demonstration data — not actual University of Sydney results
2025-06-08 00:00:00,20250608,1,96,61,35,32,0.6372,Synthetic demonstration data — not actual University of Sydney results
2025-06-08 00:00:00,20250608,2,111,59,52,27,0.5305,Synthetic demonstration data — not actual University of Sydney results
2025-06-09 00:00:00,20250609,1,125,90,35,50,0.724,Synthetic demonstration data — not actual University of Sydney results
2025-06-09 00:00:00,20250609,2,105,65,40,27,0.6211,Synthetic demonstration data — not actual University of Sydney results
2025-06-10 00:00:00,20250610,1,156,108,48,62,0.6924,Synthetic demonstration data — not actual University of Sydney results
2025-06-10 00:00:00,20250610,2,93,53,40,20,0.567,Synthetic demonstration data — not actual University of Sydney results
2025-06-11 00:00:00,20250611,1,96,72,24,39,0.7458,Synthetic demonstration data — not actual University of Sydney results
2025-06-11 00:00:00,20250611,2,125,65,60,24,0.5201,Synthetic demonstration data — not actual University of Sydney results
2025-06-12 00:00:00,20250612,1,137,98,39,53,0.7167,Synthetic demonstration data — not actual University of Sydney results
2025-06-12 00:00:00,20250612,2,127,75,52,33,0.5935,Synthetic demonstration data — not actual University of Sydney results
2025-06-13 00:00:00,20250613,1,183,129,54,66,0.7065,Synthetic demonstration data — not actual University of Sydney results
2025-06-13 00:00:00,20250613,2,168,91,77,38,0.5445,Synthetic demonstration data — not actual University of Sydney results
2025-06-14 00:00:00,20250614,1,112,78,34,39,0.7002,Synthetic demonstration data — not actual University of Sydney results
2025-06-14 00:00:00,20250614,2,123,80,43,31,0.6521,Synthetic demonstration data — not actual University of Sydney results
2025-06-15 00:00:00,20250615,1,116,71,45,41,0.6135,Synthetic demonstration data — not actual University of Sydney results
2025-06-15 00:00:00,20250615,2,113,69,44,33,0.6114,Synthetic demonstration data — not actual University of Sydney results
2025-06-16 00:00:00,20250616,1,149,100,49,54,0.671,Synthetic demonstration data — not actual University of Sydney results
2025-06-16 00:00:00,20250616,2,116,70,46,36,0.6026,Synthetic demonstration data — not actual University of Sydney results
2025-06-17 00:00:00,20250617,1,167,116,51,70,0.6974,Synthetic demonstration data — not actual University of Sydney results
2025-06-17 00:00:00,20250617,2,103,62,41,36,0.6031,Synthetic demonstration data — not actual University of Sydney results
2025-06-18 00:00:00,20250618,1,137,84,53,40,0.6125,Synthetic demonstration data — not actual University of Sydney results
2025-06-18 00:00:00,20250618,2,220,124,96,55,0.5642,Synthetic demonstration data — not actual University of Sydney results
2025-06-19 00:00:00,20250619,1,158,108,50,53,0.684,Synthetic demonstration data — not actual University of Sydney results
2025-06-19 00:00:00,20250619,2,132,65,67,29,0.4952,Synthetic demonstration data — not actual University of Sydney results
2025-06-20 00:00:00,20250620,1,169,105,64,57,0.6202,Synthetic demonstration data — not actual University of Sydney results
2025-06-20 00:00:00,20250620,2,148,81,67,35,0.5465,Synthetic demonstration data — not actual University of Sydney results
2025-06-21 00:00:00,20250621,1,131,79,52,32,0.6064,Synthetic demonstration data — not actual University of Sydney results
2025-06-21 00:00:00,20250621,2,61,33,28,18,0.5489,Synthetic demonstration data — not actual University of Sydney results
2025-06-22 00:00:00,20250622,1,104,73,31,34,0.6992,Synthetic demonstration data — not actual University of Sydney results
2025-06-22 00:00:00,20250622,2,73,39,34,15,0.5322,Synthetic demonstration data — not actual University of Sydney results
2025-06-23 00:00:00,20250623,1,167,108,59,48,0.6444,Synthetic demonstration data — not actual University of Sydney results
2025-06-23 00:00:00,20250623,2,130,71,59,39,0.5473,Synthetic demonstration data — not actual University of Sydney results
2025-06-24 00:00:00,20250624,1,164,114,50,67,0.6929,Synthetic demonstration data — not actual University of Sydney results
2025-06-24 00:00:00,20250624,2,123,66,57,29,0.5364,Synthetic demonstration data — not actual University of Sydney results
2025-06-25 00:00:00,20250625,1,93,69,24,39,0.7425,Synthetic demonstration data — not actual University of Sydney results
2025-06-25 00:00:00,20250625,2,123,71,52,39,0.5779,Synthetic demonstration data — not actual University of Sydney results
2025-06-26 00:00:00,20250626,1,154,102,52,44,0.6635,Synthetic demonstration data — not actual University of Sydney results
2025-06-26 00:00:00,20250626,2,107,55,52,33,0.516,Synthetic demonstration data — not actual University of Sydney results
2025-06-27 00:00:00,20250627,1,131,92,39,53,0.7042,Synthetic demonstration data — not actual University of Sydney results
2025-06-27 00:00:00,20250627,2,131,76,55,45,0.5788,Synthetic demonstration data — not actual University of Sydney results
2025-06-28 00:00:00,20250628,1,116,86,30,45,0.7374,Synthetic demonstration data — not actual University of Sydney results
2025-06-28 00:00:00,20250628,2,134,67,67,32,0.4987,Synthetic demonstration data — not actual University of Sydney results
2025-06-29 00:00:00,20250629,1,114,63,51,28,0.5497,Synthetic demonstration data — not actual University of Sydney results
2025-06-29 00:00:00,20250629,2,88,46,42,20,0.5183,Synthetic demonstration data — not actual University of Sydney results
2025-06-30 00:00:00,20250630,1,156,106,50,55,0.6775,Synthetic demonstration data — not actual University of Sydney results
2025-06-30 00:00:00,20250630,2,133,61,72,36,0.4575,Synthetic demonstration data — not actual University of Sydney results
2025-07-01 00:00:00,20250701,1,257,146,111,65,0.57,Synthetic demonstration data — not actual University of Sydney results
2025-07-01 00:00:00,20250701,2,151,81,70,37,0.537,Synthetic demonstration data — not actual University of Sydney results
2025-07-02 00:00:00,20250702,1,238,130,108,73,0.5482,Synthetic demonstration data — not actual University of Sydney results
2025-07-02 00:00:00,20250702,2,144,62,82,37,0.428,Synthetic demonstration data — not actual University of Sydney results
2025-07-03 00:00:00,20250703,1,191,97,94,51,0.5076,Synthetic demonstration data — not actual University of Sydney results
2025-07-03 00:00:00,20250703,2,208,120,88,54,0.5773,Synthetic demonstration data — not actual University of Sydney results
2025-07-04 00:00:00,20250704,1,236,116,120,50,0.4925,Synthetic demonstration data — not actual University of Sydney results
2025-07-04 00:00:00,20250704,2,94,45,49,21,0.4792,Synthetic demonstration data — not actual University of Sydney results
2025-07-05 00:00:00,20250705,1,148,88,60,48,0.5977,Synthetic demonstration data — not actual University of Sydney results
2025-07-05 00:00:00,20250705,2,116,63,53,36,0.5399,Synthetic demonstration data — not actual University of Sydney results
2025-07-06 00:00:00,20250706,1,120,73,47,39,0.6096,Synthetic demonstration data — not actual University of Sydney results
2025-07-06 00:00:00,20250706,2,103,53,50,21,0.5146,Synthetic demonstration data — not actual University of Sydney results
2025-07-07 00:00:00,20250707,1,199,119,80,64,0.5964,Synthetic demonstration data — not actual University of Sydney results
2025-07-07 00:00:00,20250707,2,157,84,73,45,0.5329,Synthetic demonstration data — not actual University of Sydney results
2025-07-08 00:00:00,20250708,1,192,100,92,47,0.5233,Synthetic demonstration data — not actual University of Sydney results
2025-07-08 00:00:00,20250708,2,123,77,46,36,0.6255,Synthetic demonstration data — not actual University of Sydney results
2025-07-09 00:00:00,20250709,1,204,119,85,54,0.5854,Synthetic demonstration data — not actual University of Sydney results
2025-07-09 00:00:00,20250709,2,105,59,46,29,0.56,Synthetic demonstration data — not actual University of Sydney results
2025-07-10 00:00:00,20250710,1,140,80,60,32,0.5728,Synthetic demonstration data — not actual University of Sydney results
2025-07-10 00:00:00,20250710,2,165,78,87,37,0.4711,Synthetic demonstration data — not actual University of Sydney results
2025-07-11 00:00:00,20250711,1,205,101,104,46,0.4914,Synthetic demonstration data — not actual University of Sydney results
2025-07-11 00:00:00,20250711,2,160,85,75,52,0.529,Synthetic demonstration data — not actual University of Sydney results
2025-07-12 00:00:00,20250712,1,74,41,33,20,0.5565,Synthetic demonstration data — not actual University of Sydney results
2025-07-12 00:00:00,20250712,2,124,71,53,35,0.5687,Synthetic demonstration data — not actual University of Sydney results
2025-07-13 00:00:00,20250713,1,138,89,49,43,0.6441,Synthetic demonstration data — not actual University of Sydney results
2025-07-13 00:00:00,20250713,2,165,101,64,42,0.6123,Synthetic demonstration data — not actual University of Sydney results
2025-07-14 00:00:00,20250714,1,197,102,95,44,0.5155,Synthetic demonstration data — not actual University of Sydney results
2025-07-14 00:00:00,20250714,2,154,93,61,46,0.6044,Synthetic demonstration data — not actual University of Sydney results
2025-07-15 00:00:00,20250715,1,167,85,82,49,0.5081,Synthetic demonstration data — not actual University of Sydney results
2025-07-15 00:00:00,20250715,2,186,115,71,49,0.6207,Synthetic demonstration data — not actual University of Sydney results
2025-07-16 00:00:00,20250716,1,153,78,75,39,0.5069,Synthetic demonstration data — not actual University of Sydney results
2025-07-16 00:00:00,20250716,2,153,87,66,52,0.5659,Synthetic demonstration data — not actual University of Sydney results
2025-07-17 00:00:00,20250717,1,172,102,70,61,0.5908,Synthetic demonstration data — not actual University of Sydney results
2025-07-17 00:00:00,20250717,2,148,77,71,46,0.5229,Synthetic demonstration data — not actual University of Sydney results
2025-07-18 00:00:00,20250718,1,200,100,100,51,0.5007,Synthetic demonstration data — not actual University of Sydney results
2025-07-18 00:00:00,20250718,2,151,86,65,35,0.5707,Synthetic demonstration data — not actual University of Sydney results
2025-07-19 00:00:00,20250719,1,159,91,68,46,0.5733,Synthetic demonstration data — not actual University of Sydney results
2025-07-19 00:00:00,20250719,2,115,64,51,39,0.5575,Synthetic demonstration data — not actual University of Sydney results
2025-07-20 00:00:00,20250720,1,146,86,60,53,0.5858,Synthetic demonstration data — not actual University of Sydney results
2025-07-20 00:00:00,20250720,2,121,72,49,31,0.5978,Synthetic demonstration data — not actual University of Sydney results
2025-07-21 00:00:00,20250721,1,216,115,101,66,0.5319,Synthetic demonstration data — not actual University of Sydney results
2025-07-21 00:00:00,20250721,2,144,82,62,34,0.5722,Synthetic demonstration data — not actual University of Sydney results
2025-07-22 00:00:00,20250722,1,193,106,87,43,0.5506,Synthetic demonstration data — not actual University of Sydney results
2025-07-22 00:00:00,20250722,2,139,86,53,51,0.6216,Synthetic demonstration data — not actual University of Sydney results
2025-07-23 00:00:00,20250723,1,198,104,94,48,0.5256,Synthetic demonstration data — not actual University of Sydney results
2025-07-23 00:00:00,20250723,2,140,70,70,38,0.5023,Synthetic demonstration data — not actual University of Sydney results
2025-07-24 00:00:00,20250724,1,248,138,110,70,0.5577,Synthetic demonstration data — not actual University of Sydney results
2025-07-24 00:00:00,20250724,2,164,102,62,43,0.6212,Synthetic demonstration data — not actual University of Sydney results
2025-07-25 00:00:00,20250725,1,211,113,98,63,0.5369,Synthetic demonstration data — not actual University of Sydney results
2025-07-25 00:00:00,20250725,2,151,90,61,46,0.5969,Synthetic demonstration data — not actual University of Sydney results
2025-07-26 00:00:00,20250726,1,143,84,59,40,0.5871,Synthetic demonstration data — not actual University of Sydney results
2025-07-26 00:00:00,20250726,2,123,68,55,36,0.5539,Synthetic demonstration data — not actual University of Sydney results
2025-07-27 00:00:00,20250727,1,120,68,52,39,0.5646,Synthetic demonstration data — not actual University of Sydney results
2025-07-27 00:00:00,20250727,2,136,62,74,35,0.4558,Synthetic demonstration data — not actual University of Sydney results
2025-07-28 00:00:00,20250728,1,220,132,88,59,0.5986,Synthetic demonstration data — not actual University of Sydney results
2025-07-28 00:00:00,20250728,2,181,113,68,55,0.6217,Synthetic demonstration data — not actual University of Sydney results
2025-07-29 00:00:00,20250729,1,188,99,89,55,0.5249,Synthetic demonstration data — not actual University of Sydney results
2025-07-29 00:00:00,20250729,2,89,50,39,27,0.5606,Synthetic demonstration data — not actual University of Sydney results
2025-07-30 00:00:00,20250730,1,240,145,95,62,0.6053,Synthetic demonstration data — not actual University of Sydney results
2025-07-30 00:00:00,20250730,2,145,87,58,50,0.6007,Synthetic demonstration data — not actual University of Sydney results
2025-07-31 00:00:00,20250731,1,195,120,75,52,0.6132,Synthetic demonstration data — not actual University of Sydney results
2025-07-31 00:00:00,20250731,2,122,69,53,34,0.5628,Synthetic demonstration data — not actual University of Sydney results
2025-08-01 00:00:00,20250801,1,167,96,71,55,0.5762,Synthetic demonstration data — not actual University of Sydney results
2025-08-01 00:00:00,20250801,2,131,69,62,26,0.5253,Synthetic demonstration data — not actual University of Sydney results
2025-08-02 00:00:00,20250802,1,152,88,64,34,0.5761,Synthetic demonstration data — not actual University of Sydney results
2025-08-02 00:00:00,20250802,2,114,65,49,37,0.5659,Synthetic demonstration data — not actual University of Sydney results
2025-08-03 00:00:00,20250803,1,96,57,39,31,0.5893,Synthetic demonstration data — not actual University of Sydney results
2025-08-03 00:00:00,20250803,2,92,51,41,22,0.5598,Synthetic demonstration data — not actual University of Sydney results
2025-08-04 00:00:00,20250804,1,217,127,90,63,0.5851,Synthetic demonstration data — not actual University of Sydney results
2025-08-04 00:00:00,20250804,2,120,65,55,28,0.5453,Synthetic demonstration data — not actual University of Sydney results
2025-08-05 00:00:00,20250805,1,202,111,91,61,0.5483,Synthetic demonstration data — not actual University of Sydney results
2025-08-05 00:00:00,20250805,2,210,110,100,66,0.5216,Synthetic demonstration data — not actual University of Sydney results
2025-08-06 00:00:00,20250806,1,209,110,99,64,0.5252,Synthetic demonstration data — not actual University of Sydney results
2025-08-06 00:00:00,20250806,2,127,71,56,43,0.5629,Synthetic demonstration data — not actual University of Sydney results
2025-08-07 00:00:00,20250807,1,195,115,80,63,0.5879,Synthetic demonstration data — not actual University of Sydney results
2025-08-07 00:00:00,20250807,2,144,87,57,52,0.6075,Synthetic demonstration data — not actual University of Sydney results
2025-08-08 00:00:00,20250808,1,220,125,95,52,0.5702,Synthetic demonstration data — not actual University of Sydney results
2025-08-08 00:00:00,20250808,2,193,106,87,65,0.5502,Synthetic demonstration data — not actual University of Sydney results
2025-08-09 00:00:00,20250809,1,115,64,51,34,0.5599,Synthetic demonstration data — not actual University of Sydney results
2025-08-09 00:00:00,20250809,2,107,69,38,38,0.6433,Synthetic demonstration data — not actual University of Sydney results
2025-08-10 00:00:00,20250810,1,89,55,34,33,0.621,Synthetic demonstration data — not actual University of Sydney results
2025-08-10 00:00:00,20250810,2,116,68,48,30,0.5879,Synthetic demonstration data — not actual University of Sydney results
2025-08-11 00:00:00,20250811,1,204,126,78,71,0.6199,Synthetic demonstration data — not actual University of Sydney results
2025-08-11 00:00:00,20250811,2,183,108,75,52,0.5875,Synthetic demonstration data — not actual University of Sydney results
2025-08-12 00:00:00,20250812,1,172,108,64,45,0.6252,Synthetic demonstration data — not actual University of Sydney results
2025-08-12 00:00:00,20250812,2,155,86,69,47,0.557,Synthetic demonstration data — not actual University of Sydney results
2025-08-13 00:00:00,20250813,1,155,84,71,40,0.5428,Synthetic demonstration data — not actual University of Sydney results
2025-08-13 00:00:00,20250813,2,192,118,74,60,0.614,Synthetic demonstration data — not actual University of Sydney results
2025-08-14 00:00:00,20250814,1,187,106,81,61,0.5646,Synthetic demonstration data — not actual University of Sydney results
2025-08-14 00:00:00,20250814,2,132,71,61,34,0.5399,Synthetic demonstration data — not actual University of Sydney results
2025-08-15 00:00:00,20250815,1,232,141,91,60,0.6062,Synthetic demonstration data — not actual University of Sydney results
2025-08-15 00:00:00,20250815,2,125,79,46,38,0.6346,Synthetic demonstration data — not actual University of Sydney results
2025-08-16 00:00:00,20250816,1,114,60,54,37,0.5269,Synthetic demonstration data — not actual University of Sydney results
2025-08-16 00:00:00,20250816,2,87,40,47,21,0.4598,Synthetic demonstration data — not actual University of Sydney results
2025-08-17 00:00:00,20250817,1,125,66,59,34,0.5277,Synthetic demonstration data — not actual University of Sydney results
2025-08-17 00:00:00,20250817,2,135,72,63,34,0.537,Synthetic demonstration data — not actual University of Sydney results
2025-08-18 00:00:00,20250818,1,186,93,93,53,0.5026,Synthetic demonstration data — not actual University of Sydney results
2025-08-18 00:00:00,20250818,2,183,110,73,57,0.6037,Synthetic demonstration data — not actual University of Sydney results
2025-08-19 00:00:00,20250819,1,116,67,49,29,0.5795,Synthetic demonstration data — not actual University of Sydney results
2025-08-19 00:00:00,20250819,2,153,93,60,52,0.6098,Synthetic demonstration data — not actual University of Sydney results
2025-08-20 00:00:00,20250820,1,181,99,82,50,0.5491,Synthetic demonstration data — not actual University of Sydney results
2025-08-20 00:00:00,20250820,2,128,59,69,24,0.4571,Synthetic demonstration data — not actual University of Sydney results
2025-08-21 00:00:00,20250821,1,208,128,80,74,0.6139,Synthetic demonstration data — not actual University of Sydney results
2025-08-21 00:00:00,20250821,2,163,85,78,43,0.519,Synthetic demonstration data — not actual University of Sydney results
2025-08-22 00:00:00,20250822,1,150,96,54,45,0.643,Synthetic demonstration data — not actual University of Sydney results
2025-08-22 00:00:00,20250822,2,202,109,93,61,0.5392,Synthetic demonstration data — not actual University of Sydney results
2025-08-23 00:00:00,20250823,1,141,75,66,29,0.5324,Synthetic demonstration data — not actual University of Sydney results
2025-08-23 00:00:00,20250823,2,94,54,40,26,0.5702,Synthetic demonstration data — not actual University of Sydney results
2025-08-24 00:00:00,20250824,1,142,77,65,31,0.5423,Synthetic demonstration data — not actual University of Sydney results
2025-08-24 00:00:00,20250824,2,105,54,51,26,0.5149,Synthetic demonstration data — not actual University of Sydney results
2025-08-25 00:00:00,20250825,1,136,78,58,36,0.5722,Synthetic demonstration data — not actual University of Sydney results
2025-08-25 00:00:00,20250825,2,169,87,82,34,0.5155,Synthetic demonstration data — not actual University of Sydney results
2025-08-26 00:00:00,20250826,1,206,105,101,57,0.5075,Synthetic demonstration data — not actual University of Sydney results
2025-08-26 00:00:00,20250826,2,139,88,51,48,0.6318,Synthetic demonstration data — not actual University of Sydney results
2025-08-27 00:00:00,20250827,1,195,120,75,57,0.6144,Synthetic demonstration data — not actual University of Sydney results
2025-08-27 00:00:00,20250827,2,156,90,66,55,0.5766,Synthetic demonstration data — not actual University of Sydney results
2025-08-28 00:00:00,20250828,1,200,113,87,61,0.5639,Synthetic demonstration data — not actual University of Sydney results
2025-08-28 00:00:00,20250828,2,170,97,73,46,0.5698,Synthetic demonstration data — not actual University of Sydney results
2025-08-29 00:00:00,20250829,1,203,122,81,46,0.5987,Synthetic demonstration data — not actual University of Sydney results
2025-08-29 00:00:00,20250829,2,169,84,85,35,0.4962,Synthetic demonstration data — not actual University of Sydney results
2025-08-30 00:00:00,20250830,1,154,94,60,42,0.6117,Synthetic demonstration data — not actual University of Sydney results
2025-08-30 00:00:00,20250830,2,104,55,49,24,0.526,Synthetic demonstration data — not actual University of Sydney results
2025-08-31 00:00:00,20250831,1,138,70,68,40,0.508,Synthetic demonstration data — not actual University of Sydney results
2025-08-31 00:00:00,20250831,2,102,53,49,31,0.5147,Synthetic demonstration data — not actual University of Sydney results
2025-09-01 00:00:00,20250901,1,152,101,51,41,0.6617,Synthetic demonstration data — not actual University of Sydney results
2025-09-01 00:00:00,20250901,2,124,74,50,35,0.5983,Synthetic demonstration data — not actual University of Sydney results
2025-09-02 00:00:00,20250902,1,115,79,36,35,0.6832,Synthetic demonstration data — not actual University of Sydney results
2025-09-02 00:00:00,20250902,2,106,65,41,34,0.6094,Synthetic demonstration data — not actual University of Sydney results
2025-09-03 00:00:00,20250903,1,132,91,41,35,0.6861,Synthetic demonstration data — not actual University of Sydney results
2025-09-03 00:00:00,20250903,2,87,50,37,27,0.5707,Synthetic demonstration data — not actual University of Sydney results
2025-09-04 00:00:00,20250904,1,165,110,55,53,0.6687,Synthetic demonstration data — not actual University of Sydney results
2025-09-04 00:00:00,20250904,2,134,82,52,31,0.6085,Synthetic demonstration data — not actual University of Sydney results
2025-09-05 00:00:00,20250905,1,158,106,52,44,0.6679,Synthetic demonstration data — not actual University of Sydney results
2025-09-05 00:00:00,20250905,2,130,69,61,27,0.5322,Synthetic demonstration data — not actual University of Sydney results
2025-09-06 00:00:00,20250906,1,90,57,33,22,0.6375,Synthetic demonstration data — not actual University of Sydney results
2025-09-06 00:00:00,20250906,2,136,79,57,33,0.5775,Synthetic demonstration data — not actual University of Sydney results
2025-09-07 00:00:00,20250907,1,101,70,31,34,0.6917,Synthetic demonstration data — not actual University of Sydney results
2025-09-07 00:00:00,20250907,2,95,48,47,23,0.5016,Synthetic demonstration data — not actual University of Sydney results
2025-09-08 00:00:00,20250908,1,170,122,48,63,0.7192,Synthetic demonstration data — not actual University of Sydney results
2025-09-08 00:00:00,20250908,2,133,69,64,35,0.5211,Synthetic demonstration data — not actual University of Sydney results
2025-09-09 00:00:00,20250909,1,96,67,29,31,0.6966,Synthetic demonstration data — not actual University of Sydney results
2025-09-09 00:00:00,20250909,2,136,71,65,39,0.5199,Synthetic demonstration data — not actual University of Sydney results
2025-09-10 00:00:00,20250910,1,123,81,42,49,0.6583,Synthetic demonstration data — not actual University of Sydney results
2025-09-10 00:00:00,20250910,2,90,47,43,21,0.521,Synthetic demonstration data — not actual University of Sydney results
2025-09-11 00:00:00,20250911,1,200,128,72,50,0.6394,Synthetic demonstration data — not actual University of Sydney results
2025-09-11 00:00:00,20250911,2,154,89,65,52,0.5788,Synthetic demonstration data — not actual University of Sydney results
2025-09-12 00:00:00,20250912,1,182,128,54,70,0.7027,Synthetic demonstration data — not actual University of Sydney results
2025-09-12 00:00:00,20250912,2,81,43,38,20,0.5316,Synthetic demonstration data — not actual University of Sydney results
2025-09-13 00:00:00,20250913,1,113,81,32,32,0.7196,Synthetic demonstration data — not actual University of Sydney results
2025-09-13 00:00:00,20250913,2,97,51,46,28,0.5226,Synthetic demonstration data — not actual University of Sydney results
2025-09-14 00:00:00,20250914,1,78,55,23,23,0.6989,Synthetic demonstration data — not actual University of Sydney results
2025-09-14 00:00:00,20250914,2,112,63,49,32,0.5665,Synthetic demonstration data — not actual University of Sydney results
2025-09-15 00:00:00,20250915,1,178,116,62,59,0.6511,Synthetic demonstration data — not actual University of Sydney results
2025-09-15 00:00:00,20250915,2,117,59,58,27,0.5063,Synthetic demonstration data — not actual University of Sydney results
2025-09-16 00:00:00,20250916,1,145,106,39,56,0.7307,Synthetic demonstration data — not actual University of Sydney results
2025-09-16 00:00:00,20250916,2,149,84,65,42,0.5611,Synthetic demonstration data — not actual University of Sydney results
2025-09-17 00:00:00,20250917,1,133,94,39,43,0.7038,Synthetic demonstration data — not actual University of Sydney results
2025-09-17 00:00:00,20250917,2,150,71,79,41,0.4758,Synthetic demonstration data — not actual University of Sydney results
2025-09-18 00:00:00,20250918,1,133,93,40,43,0.7018,Synthetic demonstration data — not actual University of Sydney results
2025-09-18 00:00:00,20250918,2,106,60,46,31,0.5626,Synthetic demonstration data — not actual University of Sydney results
2025-09-19 00:00:00,20250919,1,116,70,46,27,0.6001,Synthetic demonstration data — not actual University of Sydney results
2025-09-19 00:00:00,20250919,2,127,75,52,30,0.5911,Synthetic demonstration data — not actual University of Sydney results
2025-09-20 00:00:00,20250920,1,96,61,35,27,0.6384,Synthetic demonstration data — not actual University of Sydney results
2025-09-20 00:00:00,20250920,2,104,55,49,31,0.525,Synthetic demonstration data — not actual University of Sydney results
2025-09-21 00:00:00,20250921,1,94,61,33,26,0.644,Synthetic demonstration data — not actual University of Sydney results
2025-09-21 00:00:00,20250921,2,106,59,47,28,0.5586,Synthetic demonstration data — not actual University of Sydney results
2025-09-22 00:00:00,20250922,1,144,102,42,39,0.7108,Synthetic demonstration data — not actual University of Sydney results
2025-09-22 00:00:00,20250922,2,93,54,39,33,0.5814,Synthetic demonstration data — not actual University of Sydney results
2025-09-23 00:00:00,20250923,1,164,97,67,39,0.5933,Synthetic demonstration data — not actual University of Sydney results
2025-09-23 00:00:00,20250923,2,147,79,68,42,0.5354,Synthetic demonstration data — not actual University of Sydney results
2025-09-24 00:00:00,20250924,1,160,109,51,46,0.6788,Synthetic demonstration data — not actual University of Sydney results
2025-09-24 00:00:00,20250924,2,174,112,62,52,0.6464,Synthetic demonstration data — not actual University of Sydney results
2025-09-25 00:00:00,20250925,1,158,116,42,60,0.7366,Synthetic demonstration data — not actual University of Sydney results
2025-09-25 00:00:00,20250925,2,123,74,49,28,0.603,Synthetic demonstration data — not actual University of Sydney results
2025-09-26 00:00:00,20250926,1,144,93,51,46,0.648,Synthetic demonstration data — not actual University of Sydney results
2025-09-26 00:00:00,20250926,2,115,65,50,32,0.5681,Synthetic demonstration data — not actual University of Sydney results
2025-09-27 00:00:00,20250927,1,78,54,24,26,0.6976,Synthetic demonstration data — not actual University of Sydney results
2025-09-27 00:00:00,20250927,2,100,57,43,31,0.5731,Synthetic demonstration data — not actual University of Sydney results
2025-09-28 00:00:00,20250928,1,92,59,33,26,0.644,Synthetic demonstration data — not actual University of Sydney results
2025-09-28 00:00:00,20250928,2,84,46,38,28,0.547,Synthetic demonstration data — not actual University of Sydney results
2025-09-29 00:00:00,20250929,1,161,108,53,48,0.6727,Synthetic demonstration data — not actual University of Sydney results
2025-09-29 00:00:00,20250929,2,99,56,43,30,0.5662,Synthetic demonstration data — not actual University of Sydney results
2025-09-30 00:00:00,20250930,1,95,67,28,31,0.707,Synthetic demonstration data — not actual University of Sydney results
2025-09-30 00:00:00,20250930,2,100,46,54,24,0.4629,Synthetic demonstration data — not actual University of Sydney results
2025-10-01 00:00:00,20251001,1,113,70,43,38,0.6192,Synthetic demonstration data — not actual University of Sydney results
2025-10-01 00:00:00,20251001,2,175,129,46,53,0.7354,Synthetic demonstration data — not actual University of Sydney results
2025-10-02 00:00:00,20251002,1,144,103,41,42,0.7128,Synthetic demonstration data — not actual University of Sydney results
2025-10-02 00:00:00,20251002,2,129,90,39,40,0.6941,Synthetic demonstration data — not actual University of Sydney results
2025-10-03 00:00:00,20251003,1,189,142,47,72,0.7516,Synthetic demonstration data — not actual University of Sydney results
2025-10-03 00:00:00,20251003,2,128,92,36,45,0.7216,Synthetic demonstration data — not actual University of Sydney results
2025-10-04 00:00:00,20251004,1,100,66,34,37,0.6636,Synthetic demonstration data — not actual University of Sydney results
2025-10-04 00:00:00,20251004,2,91,67,24,26,0.7376,Synthetic demonstration data — not actual University of Sydney results
2025-10-05 00:00:00,20251005,1,86,59,27,33,0.6901,Synthetic demonstration data — not actual University of Sydney results
2025-10-05 00:00:00,20251005,2,97,79,18,36,0.8094,Synthetic demonstration data — not actual University of Sydney results
2025-10-06 00:00:00,20251006,1,139,94,45,46,0.6758,Synthetic demonstration data — not actual University of Sydney results
2025-10-06 00:00:00,20251006,2,146,109,37,50,0.7484,Synthetic demonstration data — not actual University of Sydney results
2025-10-07 00:00:00,20251007,1,99,69,30,29,0.6929,Synthetic demonstration data — not actual University of Sydney results
2025-10-07 00:00:00,20251007,2,92,64,28,39,0.6924,Synthetic demonstration data — not actual University of Sydney results
2025-10-08 00:00:00,20251008,1,176,127,49,58,0.7243,Synthetic demonstration data — not actual University of Sydney results
2025-10-08 00:00:00,20251008,2,134,102,32,51,0.7601,Synthetic demonstration data — not actual University of Sydney results
2025-10-09 00:00:00,20251009,1,140,107,33,44,0.7648,Synthetic demonstration data — not actual University of Sydney results
2025-10-09 00:00:00,20251009,2,126,92,34,42,0.7321,Synthetic demonstration data — not actual University of Sydney results
2025-10-10 00:00:00,20251010,1,114,76,38,33,0.6675,Synthetic demonstration data — not actual University of Sydney results
2025-10-10 00:00:00,20251010,2,120,85,35,40,0.7058,Synthetic demonstration data — not actual University of Sydney results
2025-10-11 00:00:00,20251011,1,134,96,38,37,0.7155,Synthetic demonstration data — not actual University of Sydney results
2025-10-11 00:00:00,20251011,2,100,73,27,43,0.7305,Synthetic demonstration data — not actual University of Sydney results
2025-10-12 00:00:00,20251012,1,110,71,39,31,0.6457,Synthetic demonstration data — not actual University of Sydney results
2025-10-12 00:00:00,20251012,2,99,72,27,33,0.7247,Synthetic demonstration data — not actual University of Sydney results
2025-10-13 00:00:00,20251013,1,128,80,48,43,0.6218,Synthetic demonstration data — not actual University of Sydney results
2025-10-13 00:00:00,20251013,2,128,84,44,35,0.6592,Synthetic demonstration data — not actual University of Sydney results
2025-10-14 00:00:00,20251014,1,127,95,32,57,0.7475,Synthetic demonstration data — not actual University of Sydney results
2025-10-14 00:00:00,20251014,2,145,101,44,51,0.6943,Synthetic demonstration data — not actual University of Sydney results
2025-10-15 00:00:00,20251015,1,163,101,62,44,0.6191,Synthetic demonstration data — not actual University of Sydney results
2025-10-15 00:00:00,20251015,2,166,129,37,67,0.7797,Synthetic demonstration data — not actual University of Sydney results
2025-10-16 00:00:00,20251016,1,117,83,34,35,0.7061,Synthetic demonstration data — not actual University of Sydney results
2025-10-16 00:00:00,20251016,2,132,96,36,38,0.7288,Synthetic demonstration data — not actual University of Sydney results
2025-10-17 00:00:00,20251017,1,194,138,56,52,0.7131,Synthetic demonstration data — not actual University of Sydney results
2025-10-17 00:00:00,20251017,2,107,82,25,40,0.7673,Synthetic demonstration data — not actual University of Sydney results
2025-10-18 00:00:00,20251018,1,123,84,39,33,0.6858,Synthetic demonstration data — not actual University of Sydney results
2025-10-18 00:00:00,20251018,2,123,97,26,50,0.7877,Synthetic demonstration data — not actual University of Sydney results
2025-10-19 00:00:00,20251019,1,83,55,28,25,0.6625,Synthetic demonstration data — not actual University of Sydney results
2025-10-19 00:00:00,20251019,2,82,59,23,32,0.7236,Synthetic demonstration data — not actual University of Sydney results
2025-10-20 00:00:00,20251020,1,133,82,51,40,0.6159,Synthetic demonstration data — not actual University of Sydney results
2025-10-20 00:00:00,20251020,2,188,152,36,84,0.8109,Synthetic demonstration data — not actual University of Sydney results
2025-10-21 00:00:00,20251021,1,167,119,48,50,0.7153,Synthetic demonstration data — not actual University of Sydney results
2025-10-21 00:00:00,20251021,2,85,63,22,26,0.7439,Synthetic demonstration data — not actual University of Sydney results
2025-10-22 00:00:00,20251022,1,173,113,60,55,0.6507,Synthetic demonstration data — not actual University of Sydney results
2025-10-22 00:00:00,20251022,2,126,91,35,40,0.725,Synthetic demonstration data — not actual University of Sydney results
2025-10-23 00:00:00,20251023,1,183,110,73,51,0.603,Synthetic demonstration data — not actual University of Sydney results
2025-10-23 00:00:00,20251023,2,110,82,28,44,0.7448,Synthetic demonstration data — not actual University of Sydney results
2025-10-24 00:00:00,20251024,1,177,134,43,65,0.7578,Synthetic demonstration data — not actual University of Sydney results
2025-10-24 00:00:00,20251024,2,95,65,30,24,0.6815,Synthetic demonstration data — not actual University of Sydney results
2025-10-25 00:00:00,20251025,1,73,42,31,19,0.58,Synthetic demonstration data — not actual University of Sydney results
2025-10-25 00:00:00,20251025,2,105,81,24,48,0.7696,Synthetic demonstration data — not actual University of Sydney results
2025-10-26 00:00:00,20251026,1,126,82,44,38,0.6547,Synthetic demonstration data — not actual University of Sydney results
2025-10-26 00:00:00,20251026,2,119,90,29,51,0.7602,Synthetic demonstration data — not actual University of Sydney results
2025-10-27 00:00:00,20251027,1,163,111,52,66,0.6826,Synthetic demonstration data — not actual University of Sydney results
2025-10-27 00:00:00,20251027,2,121,84,37,35,0.6955,Synthetic demonstration data — not actual University of Sydney results
2025-10-28 00:00:00,20251028,1,140,95,45,42,0.6768,Synthetic demonstration data — not actual University of Sydney results
2025-10-28 00:00:00,20251028,2,131,104,27,51,0.7951,Synthetic demonstration data — not actual University of Sydney results
2025-10-29 00:00:00,20251029,1,150,104,46,58,0.6928,Synthetic demonstration data — not actual University of Sydney results
2025-10-29 00:00:00,20251029,2,196,142,54,73,0.725,Synthetic demonstration data — not actual University of Sydney results
2025-10-30 00:00:00,20251030,1,177,110,67,56,0.6221,Synthetic demonstration data — not actual University of Sydney results
2025-10-30 00:00:00,20251030,2,191,134,57,72,0.701,Synthetic demonstration data — not actual University of Sydney results
2025-10-31 00:00:00,20251031,1,136,98,38,46,0.7181,Synthetic demonstration data — not actual University of Sydney results
2025-10-31 00:00:00,20251031,2,81,64,17,36,0.7906,Synthetic demonstration data — not actual University of Sydney results
2025-11-01 00:00:00,20251101,1,98,70,28,30,0.7138,Synthetic demonstration data — not actual University of Sydney results
2025-11-01 00:00:00,20251101,2,152,113,39,50,0.7456,Synthetic demonstration data — not actual University of Sydney results
2025-11-02 00:00:00,20251102,1,87,57,30,24,0.6539,Synthetic demonstration data — not actual University of Sydney results
2025-11-02 00:00:00,20251102,2,79,56,23,27,0.7114,Synthetic demonstration data — not actual University of Sydney results
2025-11-03 00:00:00,20251103,1,175,123,52,62,0.7035,Synthetic demonstration data — not actual University of Sydney results
2025-11-03 00:00:00,20251103,2,180,137,43,59,0.7601,Synthetic demonstration data — not actual University of Sydney results
2025-11-04 00:00:00,20251104,1,196,118,78,53,0.6002,Synthetic demonstration data — not actual University of Sydney results
2025-11-04 00:00:00,20251104,2,139,101,38,55,0.7249,Synthetic demonstration data — not actual University of Sydney results
2025-11-05 00:00:00,20251105,1,165,92,73,55,0.5573,Synthetic demonstration data — not actual University of Sydney results
2025-11-05 00:00:00,20251105,2,115,81,34,49,0.704,Synthetic demonstration data — not actual University of Sydney results
2025-11-06 00:00:00,20251106,1,154,94,60,48,0.6073,Synthetic demonstration data — not actual University of Sydney results
2025-11-06 00:00:00,20251106,2,93,75,18,38,0.8022,Synthetic demonstration data — not actual University of Sydney results
2025-11-07 00:00:00,20251107,1,117,79,38,46,0.6774,Synthetic demonstration data — not actual University of Sydney results
2025-11-07 00:00:00,20251107,2,138,103,35,39,0.7478,Synthetic demonstration data — not actual University of Sydney results
2025-11-08 00:00:00,20251108,1,110,73,37,37,0.6628,Synthetic demonstration data — not actual University of Sydney results
2025-11-08 00:00:00,20251108,2,101,74,27,45,0.7344,Synthetic demonstration data — not actual University of Sydney results
2025-11-09 00:00:00,20251109,1,137,93,44,46,0.6758,Synthetic demonstration data — not actual University of Sydney results
2025-11-09 00:00:00,20251109,2,96,71,25,27,0.738,Synthetic demonstration data — not actual University of Sydney results
2025-11-10 00:00:00,20251110,1,130,94,36,41,0.7216,Synthetic demonstration data — not actual University of Sydney results
2025-11-10 00:00:00,20251110,2,102,78,24,46,0.7672,Synthetic demonstration data — not actual University of Sydney results
2025-11-11 00:00:00,20251111,1,124,87,37,50,0.6989,Synthetic demonstration data — not actual University of Sydney results
2025-11-11 00:00:00,20251111,2,72,57,15,23,0.785,Synthetic demonstration data — not actual University of Sydney results
2025-11-12 00:00:00,20251112,1,161,96,65,59,0.5968,Synthetic demonstration data — not actual University of Sydney results
2025-11-12 00:00:00,20251112,2,86,62,24,31,0.7209,Synthetic demonstration data — not actual University of Sydney results
2025-11-13 00:00:00,20251113,1,134,93,41,49,0.6948,Synthetic demonstration data — not actual University of Sydney results
2025-11-13 00:00:00,20251113,2,101,66,35,34,0.6518,Synthetic demonstration data — not actual University of Sydney results
2025-11-14 00:00:00,20251114,1,154,108,46,66,0.7025,Synthetic demonstration data — not actual University of Sydney results
2025-11-14 00:00:00,20251114,2,108,92,16,37,0.8488,Synthetic demonstration data — not actual University of Sydney results
2025-11-15 00:00:00,20251115,1,112,69,43,27,0.6163,Synthetic demonstration data — not actual University of Sydney results
2025-11-15 00:00:00,20251115,2,102,71,31,35,0.6991,Synthetic demonstration data — not actual University of Sydney results
2025-11-16 00:00:00,20251116,1,84,55,29,30,0.6592,Synthetic demonstration data — not actual University of Sydney results
2025-11-16 00:00:00,20251116,2,67,44,23,22,0.6617,Synthetic demonstration data — not actual University of Sydney results
2025-11-17 00:00:00,20251117,1,126,86,40,34,0.6789,Synthetic demonstration data — not actual University of Sydney results
2025-11-17 00:00:00,20251117,2,121,80,41,41,0.6587,Synthetic demonstration data — not actual University of Sydney results
2025-11-18 00:00:00,20251118,1,176,116,60,45,0.6589,Synthetic demonstration data — not actual University of Sydney results
2025-11-18 00:00:00,20251118,2,48,33,15,18,0.6972,Synthetic demonstration data — not actual University of Sydney results
2025-11-19 00:00:00,20251119,1,185,123,62,55,0.6623,Synthetic demonstration data — not actual University of Sydney results
2025-11-19 00:00:00,20251119,2,101,75,26,42,0.7423,Synthetic demonstration data — not actual University of Sydney results
2025-11-20 00:00:00,20251120,1,192,120,72,67,0.6228,Synthetic demonstration data — not actual University of Sydney results
2025-11-20 00:00:00,20251120,2,139,103,36,57,0.7376,Synthetic demonstration data — not actual University of Sydney results
2025-11-21 00:00:00,20251121,1,103,75,28,34,0.7246,Synthetic demonstration data — not actual University of Sydney results
2025-11-21 00:00:00,20251121,2,115,79,36,33,0.6889,Synthetic demonstration data — not actual University of Sydney results
2025-11-22 00:00:00,20251122,1,106,77,29,29,0.7228,Synthetic demonstration data — not actual University of Sydney results
2025-11-22 00:00:00,20251122,2,99,69,30,38,0.7003,Synthetic demonstration data — not actual University of Sydney results
2025-11-23 00:00:00,20251123,1,100,65,35,38,0.6463,Synthetic demonstration data — not actual University of Sydney results
2025-11-23 00:00:00,20251123,2,129,100,29,50,0.7751,Synthetic demonstration data — not actual University of Sydney results
2025-11-24 00:00:00,20251124,1,124,86,38,40,0.6903,Synthetic demonstration data — not actual University of Sydney results
2025-11-24 00:00:00,20251124,2,123,74,49,38,0.603,Synthetic demonstration data — not actual University of Sydney results
2025-11-25 00:00:00,20251125,1,170,120,50,58,0.7044,Synthetic demonstration data — not actual University of Sydney results
2025-11-25 00:00:00,20251125,2,108,79,29,40,0.7319,Synthetic demonstration data — not actual University of Sydney results
2025-11-26 00:00:00,20251126,1,172,117,55,70,0.6796,Synthetic demonstration data — not actual University of Sydney results
2025-11-26 00:00:00,20251126,2,141,106,35,48,0.7495,Synthetic demonstration data — not actual University of Sydney results
2025-11-27 00:00:00,20251127,1,120,79,41,45,0.6598,Synthetic demonstration data — not actual University of Sydney results
2025-11-27 00:00:00,20251127,2,144,109,35,53,0.757,Synthetic demonstration data — not actual University of Sydney results
2025-11-28 00:00:00,20251128,1,157,104,53,42,0.6642,Synthetic demonstration data — not actual University of Sydney results
2025-11-28 00:00:00,20251128,2,142,99,43,54,0.6958,Synthetic demonstration data — not actual University of Sydney results
2025-11-29 00:00:00,20251129,1,168,119,49,70,0.7056,Synthetic demonstration data — not actual University of Sydney results
2025-11-29 00:00:00,20251129,2,96,66,30,40,0.6888,Synthetic demonstration data — not actual University of Sydney results
2025-11-30 00:00:00,20251130,1,148,97,51,57,0.6584,Synthetic demonstration data — not actual University of Sydney results
2025-11-30 00:00:00,20251130,2,88,56,32,28,0.6355,Synthetic demonstration data — not actual University of Sydney results
2025-12-01 00:00:00,20251201,1,180,117,63,60,0.6502,Synthetic demonstration data — not actual University of Sydney results
2025-12-01 00:00:00,20251201,2,116,76,40,30,0.6549,Synthetic demonstration data — not actual University of Sydney results
2025-12-02 00:00:00,20251202,1,180,115,65,66,0.6384,Synthetic demonstration data — not actual University of Sydney results
2025-12-02 00:00:00,20251202,2,137,104,33,42,0.7602,Synthetic demonstration data — not actual University of Sydney results
2025-12-03 00:00:00,20251203,1,112,78,34,40,0.6995,Synthetic demonstration data — not actual University of Sydney results
2025-12-03 00:00:00,20251203,2,144,95,49,39,0.6601,Synthetic demonstration data — not actual University of Sydney results
2025-12-04 00:00:00,20251204,1,171,118,53,65,0.6913,Synthetic demonstration data — not actual University of Sydney results
2025-12-04 00:00:00,20251204,2,121,96,25,59,0.7907,Synthetic demonstration data — not actual University of Sydney results
2025-12-05 00:00:00,20251205,1,97,65,32,27,0.6726,Synthetic demonstration data — not actual University of Sydney results
2025-12-05 00:00:00,20251205,2,94,61,33,23,0.6521,Synthetic demonstration data — not actual University of Sydney results
2025-12-06 00:00:00,20251206,1,82,53,29,28,0.6449,Synthetic demonstration data — not actual University of Sydney results
2025-12-06 00:00:00,20251206,2,125,72,53,40,0.5745,Synthetic demonstration data — not actual University of Sydney results
2025-12-07 00:00:00,20251207,1,152,103,49,45,0.6764,Synthetic demonstration data — not actual University of Sydney results
2025-12-07 00:00:00,20251207,2,51,38,13,22,0.7494,Synthetic demonstration data — not actual University of Sydney results
2025-12-08 00:00:00,20251208,1,176,115,61,64,0.6548,Synthetic demonstration data — not actual University of Sydney results
2025-12-08 00:00:00,20251208,2,137,102,35,56,0.7455,Synthetic demonstration data — not actual University of Sydney results
2025-12-09 00:00:00,20251209,1,158,108,50,50,0.685,Synthetic demonstration data — not actual University of Sydney results
2025-12-09 00:00:00,20251209,2,113,96,17,47,0.8454,Synthetic demonstration data — not actual University of Sydney results
2025-12-10 00:00:00,20251210,1,159,108,51,62,0.6796,Synthetic demonstration data — not actual University of Sydney results
2025-12-10 00:00:00,20251210,2,107,73,34,43,0.6816,Synthetic demonstration data — not actual University of Sydney results
2025-12-11 00:00:00,20251211,1,132,83,49,40,0.6255,Synthetic demonstration data — not actual University of Sydney results
2025-12-11 00:00:00,20251211,2,127,94,33,38,0.7429,Synthetic demonstration data — not actual University of Sydney results
2025-12-12 00:00:00,20251212,1,165,111,54,46,0.6735,Synthetic demonstration data — not actual University of Sydney results
2025-12-12 00:00:00,20251212,2,133,91,42,45,0.6859,Synthetic demonstration data — not actual University of Sydney results
2025-12-13 00:00:00,20251213,1,133,100,33,58,0.7486,Synthetic demonstration data — not actual University of Sydney results
2025-12-13 00:00:00,20251213,2,88,61,27,25,0.6887,Synthetic demonstration data — not actual University of Sydney results
2025-12-14 00:00:00,20251214,1,79,54,25,31,0.6796,Synthetic demonstration data — not actual University of Sydney results
2025-12-14 00:00:00,20251214,2,67,50,17,27,0.7421,Synthetic demonstration data — not actual University of Sydney results
2025-12-15 00:00:00,20251215,1,135,90,45,48,0.6696,Synthetic demonstration data — not actual University of Sydney results
2025-12-15 00:00:00,20251215,2,89,63,26,36,0.7023,Synthetic demonstration data — not actual University of Sydney results
2025-12-16 00:00:00,20251216,1,163,120,43,49,0.7383,Synthetic demonstration data — not actual University of Sydney results
2025-12-16 00:00:00,20251216,2,167,121,46,64,0.7224,Synthetic demonstration data — not actual University of Sydney results
2025-12-17 00:00:00,20251217,1,184,126,58,51,0.683,Synthetic demonstration data — not actual University of Sydney results
2025-12-17 00:00:00,20251217,2,106,82,24,50,0.7742,Synthetic demonstration data — not actual University of Sydney results
2025-12-18 00:00:00,20251218,1,157,113,44,60,0.7183,Synthetic demonstration data — not actual University of Sydney results
2025-12-18 00:00:00,20251218,2,176,122,54,57,0.6935,Synthetic demonstration data — not actual University of Sydney results
2025-12-19 00:00:00,20251219,1,172,121,51,68,0.7063,Synthetic demonstration data — not actual University of Sydney results
2025-12-19 00:00:00,20251219,2,110,81,29,39,0.7333,Synthetic demonstration data — not actual University of Sydney results
2025-12-20 00:00:00,20251220,1,117,81,36,42,0.6921,Synthetic demonstration data — not actual University of Sydney results
2025-12-20 00:00:00,20251220,2,105,77,28,44,0.7337,Synthetic demonstration data — not actual University of Sydney results
2025-12-21 00:00:00,20251221,1,131,87,44,42,0.6651,Synthetic demonstration data — not actual University of Sydney results
2025-12-21 00:00:00,20251221,2,110,72,38,40,0.6561,Synthetic demonstration data — not actual University of Sydney results
2025-12-22 00:00:00,20251222,1,147,103,44,55,0.698,Synthetic demonstration data — not actual University of Sydney results
2025-12-22 00:00:00,20251222,2,94,63,31,26,0.6728,Synthetic demonstration data — not actual University of Sydney results
2025-12-23 00:00:00,20251223,1,162,109,53,51,0.671,Synthetic demonstration data — not actual University of Sydney results
2025-12-23 00:00:00,20251223,2,105,87,18,53,0.8279,Synthetic demonstration data — not actual University of Sydney results
2025-12-24 00:00:00,20251224,1,167,103,64,42,0.6167,Synthetic demonstration data — not actual University of Sydney results
2025-12-24 00:00:00,20251224,2,145,114,31,43,0.7865,Synthetic demonstration data — not actual University of Sydney results
2025-12-25 00:00:00,20251225,1,204,142,62,85,0.695,Synthetic demonstration data — not actual University of Sydney results
2025-12-25 00:00:00,20251225,2,147,101,46,60,0.6887,Synthetic demonstration data — not actual University of Sydney results
2025-12-26 00:00:00,20251226,1,113,78,35,45,0.6884,Synthetic demonstration data — not actual University of Sydney results
2025-12-26 00:00:00,20251226,2,78,59,19,23,0.7547,Synthetic demonstration data — not actual University of Sydney results
2025-12-27 00:00:00,20251227,1,95,60,35,22,0.6343,Synthetic demonstration data — not actual University of Sydney results
2025-12-27 00:00:00,20251227,2,130,101,29,61,0.7779,Synthetic demonstration data — not actual University of Sydney results
2025-12-28 00:00:00,20251228,1,91,69,22,40,0.7614,Synthetic demonstration data — not actual University of Sydney results
2025-12-28 00:00:00,20251228,2,56,35,21,20,0.6215,Synthetic demonstration data — not actual University of Sydney results
2025-12-29 00:00:00,20251229,1,132,87,45,42,0.6596,Synthetic demonstration data — not actual University of Sydney results
2025-12-29 00:00:00,20251229,2,137,106,31,45,0.7722,Synthetic demonstration data — not actual University of Sydney results
2025-12-30 00:00:00,20251230,1,186,133,53,78,0.7138,Synthetic demonstration data — not actual University of Sydney results
2025-12-30 00:00:00,20251230,2,104,73,31,41,0.7012,Synthetic demonstration data — not actual University of Sydney results
2025-12-31 00:00:00,20251231,1,163,108,55,58,0.665,Synthetic demonstration data — not actual University of Sydney results
2025-12-31 00:00:00,20251231,2,171,124,47,75,0.7243,Synthetic demonstration data — not actual University of Sydney results
2026-01-01 00:00:00,20260101,1,156,89,67,50,0.5732,Synthetic demonstration data — not actual University of Sydney results
2026-01-01 00:00:00,20260101,2,105,83,22,33,0.7895,Synthetic demonstration data — not actual University of Sydney results
2026-01-02 00:00:00,20260102,1,155,104,51,55,0.6689,Synthetic demonstration data — not actual University of Sydney results
2026-01-02 00:00:00,20260102,2,85,57,28,24,0.6712,Synthetic demonstration data — not actual University of Sydney results
2026-01-03 00:00:00,20260103,1,148,98,50,45,0.6635,Synthetic demonstration data — not actual University of Sydney results
2026-01-03 00:00:00,20260103,2,97,64,33,39,0.6604,Synthetic demonstration data — not actual University of Sydney results
2026-01-04 00:00:00,20260104,1,121,84,37,35,0.6941,Synthetic demonstration data — not actual University of Sydney results
2026-01-04 00:00:00,20260104,2,103,74,29,39,0.7143,Synthetic demonstration data — not actual University of Sydney results
2026-01-05 00:00:00,20260105,1,111,79,32,33,0.7092,Synthetic demonstration data — not actual University of Sydney results
2026-01-05 00:00:00,20260105,2,119,83,36,42,0.7007,Synthetic demonstration data — not actual University of Sydney results
2026-01-06 00:00:00,20260106,1,197,142,55,58,0.7226,Synthetic demonstration data — not actual University of Sydney results
2026-01-06 00:00:00,20260106,2,114,78,36,36,0.6855,Synthetic demonstration data — not actual University of Sydney results
2026-01-07 00:00:00,20260107,1,168,112,56,67,0.6657,Synthetic demonstration data — not actual University of Sydney results
2026-01-07 00:00:00,20260107,2,183,116,67,58,0.6319,Synthetic demonstration data — not actual University of Sydney results
2026-01-08 00:00:00,20260108,1,166,120,46,70,0.7247,Synthetic demonstration data — not actual University of Sydney results
2026-01-08 00:00:00,20260108,2,136,83,53,36,0.6135,Synthetic demonstration data — not actual University of Sydney results
2026-01-09 00:00:00,20260109,1,154,106,48,47,0.6886,Synthetic demonstration data — not actual University of Sydney results
2026-01-09 00:00:00,20260109,2,159,109,50,45,0.6855,Synthetic demonstration data — not actual University of Sydney results
2026-01-10 00:00:00,20260110,1,88,56,32,28,0.6335,Synthetic demonstration data — not actual University of Sydney results
2026-01-10 00:00:00,20260110,2,105,73,32,44,0.6983,Synthetic demonstration data — not actual University of Sydney results
2026-01-11 00:00:00,20260111,1,73,46,27,23,0.6287,Synthetic demonstration data — not actual University of Sydney results
2026-01-11 00:00:00,20260111,2,131,86,45,35,0.6548,Synthetic demonstration data — not actual University of Sydney results
2026-01-12 00:00:00,20260112,1,123,85,38,39,0.6901,Synthetic demonstration data — not actual University of Sydney results
2026-01-12 00:00:00,20260112,2,123,87,36,43,0.7078,Synthetic demonstration data — not actual University of Sydney results
2026-01-13 00:00:00,20260113,1,157,115,42,50,0.7294,Synthetic demonstration data — not actual University of Sydney results
2026-01-13 00:00:00,20260113,2,102,77,25,45,0.7549,Synthetic demonstration data — not actual University of Sydney results
2026-01-14 00:00:00,20260114,1,199,139,60,61,0.6993,Synthetic demonstration data — not actual University of Sydney results
2026-01-14 00:00:00,20260114,2,83,61,22,30,0.7292,Synthetic demonstration data — not actual University of Sydney results
2026-01-15 00:00:00,20260115,1,109,70,39,38,0.6426,Synthetic demonstration data — not actual University of Sydney results
2026-01-15 00:00:00,20260115,2,157,118,39,48,0.7543,Synthetic demonstration data — not actual University of Sydney results
2026-01-16 00:00:00,20260116,1,126,89,37,36,0.7098,Synthetic demonstration data — not actual University of Sydney results
2026-01-16 00:00:00,20260116,2,107,84,23,39,0.7808,Synthetic demonstration data — not actual University of Sydney results
2026-01-17 00:00:00,20260117,1,83,55,28,33,0.6588,Synthetic demonstration data — not actual University of Sydney results
2026-01-17 00:00:00,20260117,2,97,67,30,28,0.693,Synthetic demonstration data — not actual University of Sydney results
2026-01-18 00:00:00,20260118,1,106,78,28,34,0.7387,Synthetic demonstration data — not actual University of Sydney results
2026-01-18 00:00:00,20260118,2,105,80,25,49,0.7599,Synthetic demonstration data — not actual University of Sydney results
2026-01-19 00:00:00,20260119,1,173,125,48,55,0.7212,Synthetic demonstration data — not actual University of Sydney results
2026-01-19 00:00:00,20260119,2,114,85,29,45,0.7439,Synthetic demonstration data — not actual University of Sydney results
2026-01-20 00:00:00,20260120,1,86,65,21,36,0.7515,Synthetic demonstration data — not actual University of Sydney results
2026-01-20 00:00:00,20260120,2,88,64,24,28,0.7275,Synthetic demonstration data — not actual University of Sydney results
2026-01-21 00:00:00,20260121,1,156,110,46,41,0.7068,Synthetic demonstration data — not actual University of Sydney results
2026-01-21 00:00:00,20260121,2,146,106,40,58,0.7259,Synthetic demonstration data — not actual University of Sydney results
2026-01-22 00:00:00,20260122,1,160,100,60,59,0.6242,Synthetic demonstration data — not actual University of Sydney results
2026-01-22 00:00:00,20260122,2,119,88,31,36,0.7403,Synthetic demonstration data — not actual University of Sydney results
2026-01-23 00:00:00,20260123,1,122,76,46,38,0.6229,Synthetic demonstration data — not actual University of Sydney results
2026-01-23 00:00:00,20260123,2,154,110,44,48,0.7138,Synthetic demonstration data — not actual University of Sydney results
2026-01-24 00:00:00,20260124,1,85,60,25,24,0.7009,Synthetic demonstration data — not actual University of Sydney results
2026-01-24 00:00:00,20260124,2,99,76,23,29,0.7654,Synthetic demonstration data — not actual University of Sydney results
2026-01-25 00:00:00,20260125,1,140,93,47,47,0.665,Synthetic demonstration data — not actual University of Sydney results
2026-01-25 00:00:00,20260125,2,122,83,39,35,0.6832,Synthetic demonstration data — not actual University of Sydney results
2026-01-26 00:00:00,20260126,1,95,62,33,33,0.6518,Synthetic demonstration data — not actual University of Sydney results
2026-01-26 00:00:00,20260126,2,92,65,27,29,0.707,Synthetic demonstration data — not actual University of Sydney results
2026-01-27 00:00:00,20260127,1,147,96,51,46,0.6546,Synthetic demonstration data — not actual University of Sydney results
2026-01-27 00:00:00,20260127,2,118,83,35,42,0.7018,Synthetic demonstration data — not actual University of Sydney results
2026-01-28 00:00:00,20260128,1,133,90,43,48,0.6745,Synthetic demonstration data — not actual University of Sydney results
2026-01-28 00:00:00,20260128,2,111,91,20,55,0.8161,Synthetic demonstration data — not actual University of Sydney results
2026-01-29 00:00:00,20260129,1,100,64,36,39,0.6383,Synthetic demonstration data — not actual University of Sydney results
2026-01-29 00:00:00,20260129,2,133,90,43,50,0.673,Synthetic demonstration data — not actual University of Sydney results
2026-01-30 00:00:00,20260130,1,194,121,73,63,0.622,Synthetic demonstration data — not actual University of Sydney results
2026-01-30 00:00:00,20260130,2,107,77,30,33,0.7173,Synthetic demonstration data — not actual University of Sydney results
2026-01-31 00:00:00,20260131,1,120,72,48,35,0.6029,Synthetic demonstration data — not actual University of Sydney results
2026-01-31 00:00:00,20260131,2,151,111,40,44,0.7329,Synthetic demonstration data — not actual University of Sydney results
2026-02-01 00:00:00,20260201,1,120,71,49,37,0.5949,Synthetic demonstration data — not actual University of Sydney results
2026-02-01 00:00:00,20260201,2,121,86,35,37,0.7089,Synthetic demonstration data — not actual University of Sydney results
2026-02-02 00:00:00,20260202,1,213,130,83,72,0.6096,Synthetic demonstration data — not actual University of Sydney results
2026-02-02 00:00:00,20260202,2,115,83,32,49,0.7197,Synthetic demonstration data — not actual University of Sydney results
2026-02-03 00:00:00,20260203,1,229,144,85,59,0.6307,Synthetic demonstration data — not actual University of Sydney results
2026-02-03 00:00:00,20260203,2,188,137,51,52,0.7306,Synthetic demonstration data — not actual University of Sydney results
2026-02-04 00:00:00,20260204,1,189,109,80,50,0.5757,Synthetic demonstration data — not actual University of Sydney results
2026-02-04 00:00:00,20260204,2,158,105,53,54,0.6671,Synthetic demonstration data — not actual University of Sydney results
2026-02-05 00:00:00,20260205,1,186,95,91,51,0.5098,Synthetic demonstration data — not actual University of Sydney results
2026-02-05 00:00:00,20260205,2,217,139,78,84,0.6386,Synthetic demonstration data — not actual University of Sydney results
2026-02-06 00:00:00,20260206,1,209,128,81,48,0.612,Synthetic demonstration data — not actual University of Sydney results
2026-02-06 00:00:00,20260206,2,165,122,43,66,0.7382,Synthetic demonstration data — not actual University of Sydney results
2026-02-07 00:00:00,20260207,1,128,70,58,38,0.5445,Synthetic demonstration data — not actual University of Sydney results
2026-02-07 00:00:00,20260207,2,98,74,24,40,0.7593,Synthetic demonstration data — not actual University of Sydney results
2026-02-08 00:00:00,20260208,1,132,81,51,40,0.6173,Synthetic demonstration data — not actual University of Sydney results
2026-02-08 00:00:00,20260208,2,145,99,46,41,0.6834,Synthetic demonstration data — not actual University of Sydney results
2026-02-09 00:00:00,20260209,1,251,154,97,74,0.6129,Synthetic demonstration data — not actual University of Sydney results
2026-02-09 00:00:00,20260209,2,140,105,35,63,0.7467,Synthetic demonstration data — not actual University of Sydney results
2026-02-10 00:00:00,20260210,1,165,91,74,46,0.5506,Synthetic demonstration data — not actual University of Sydney results
2026-02-10 00:00:00,20260210,2,210,150,60,58,0.7139,Synthetic demonstration data — not actual University of Sydney results
2026-02-11 00:00:00,20260211,1,233,130,103,67,0.5601,Synthetic demonstration data — not actual University of Sydney results
2026-02-11 00:00:00,20260211,2,165,118,47,53,0.7173,Synthetic demonstration data — not actual University of Sydney results
2026-02-12 00:00:00,20260212,1,175,105,70,52,0.5977,Synthetic demonstration data — not actual University of Sydney results
2026-02-12 00:00:00,20260212,2,182,129,53,59,0.7091,Synthetic demonstration data — not actual University of Sydney results
2026-02-13 00:00:00,20260213,1,192,126,66,49,0.6557,Synthetic demonstration data — not actual University of Sydney results
2026-02-13 00:00:00,20260213,2,129,94,35,39,0.7252,Synthetic demonstration data — not actual University of Sydney results
2026-02-14 00:00:00,20260214,1,156,96,60,58,0.6133,Synthetic demonstration data — not actual University of Sydney results
2026-02-14 00:00:00,20260214,2,119,89,30,40,0.7488,Synthetic demonstration data — not actual University of Sydney results
2026-02-15 00:00:00,20260215,1,133,81,52,47,0.6064,Synthetic demonstration data — not actual University of Sydney results
2026-02-15 00:00:00,20260215,2,118,99,19,58,0.8382,Synthetic demonstration data — not actual University of Sydney results
2026-02-16 00:00:00,20260216,1,237,136,101,52,0.5722,Synthetic demonstration data — not actual University of Sydney results
2026-02-16 00:00:00,20260216,2,117,88,29,46,0.7499,Synthetic demonstration data — not actual University of Sydney results
2026-02-17 00:00:00,20260217,1,201,114,87,59,0.5663,Synthetic demonstration data — not actual University of Sydney results
2026-02-17 00:00:00,20260217,2,122,92,30,44,0.755,Synthetic demonstration data — not actual University of Sydney results
2026-02-18 00:00:00,20260218,1,197,98,99,50,0.4957,Synthetic demonstration data — not actual University of Sydney results
2026-02-18 00:00:00,20260218,2,166,116,50,68,0.6962,Synthetic demonstration data — not actual University of Sydney results
2026-02-19 00:00:00,20260219,1,220,126,94,58,0.5729,Synthetic demonstration data — not actual University of Sydney results
2026-02-19 00:00:00,20260219,2,173,128,45,49,0.7398,Synthetic demonstration data — not actual University of Sydney results
2026-02-20 00:00:00,20260220,1,173,94,79,36,0.5449,Synthetic demonstration data — not actual University of Sydney results
2026-02-20 00:00:00,20260220,2,137,97,40,45,0.7073,Synthetic demonstration data — not actual University of Sydney results
2026-02-21 00:00:00,20260221,1,140,82,58,35,0.5851,Synthetic demonstration data — not actual University of Sydney results
2026-02-21 00:00:00,20260221,2,94,65,29,37,0.6927,Synthetic demonstration data — not actual University of Sydney results
2026-02-22 00:00:00,20260222,1,184,107,77,50,0.5823,Synthetic demonstration data — not actual University of Sydney results
2026-02-22 00:00:00,20260222,2,116,74,42,33,0.6404,Synthetic demonstration data — not actual University of Sydney results
2026-02-23 00:00:00,20260223,1,226,142,84,62,0.6296,Synthetic demonstration data — not actual University of Sydney results
2026-02-23 00:00:00,20260223,2,197,149,48,65,0.7545,Synthetic demonstration data — not actual University of Sydney results
2026-02-24 00:00:00,20260224,1,158,80,78,36,0.5048,Synthetic demonstration data — not actual University of Sydney results
2026-02-24 00:00:00,20260224,2,134,92,42,50,0.6894,Synthetic demonstration data — not actual University of Sydney results
2026-02-25 00:00:00,20260225,1,156,81,75,49,0.5224,Synthetic demonstration data — not actual University of Sydney results
2026-02-25 00:00:00,20260225,2,161,118,43,64,0.731,Synthetic demonstration data — not actual University of Sydney results
2026-02-26 00:00:00,20260226,1,185,109,76,51,0.5901,Synthetic demonstration data — not actual University of Sydney results
2026-02-26 00:00:00,20260226,2,165,123,42,61,0.7466,Synthetic demonstration data — not actual University of Sydney results
2026-02-27 00:00:00,20260227,1,143,71,72,43,0.4951,Synthetic demonstration data — not actual University of Sydney results
2026-02-27 00:00:00,20260227,2,176,127,49,50,0.7198,Synthetic demonstration data — not actual University of Sydney results
2026-02-28 00:00:00,20260228,1,107,66,41,30,0.6185,Synthetic demonstration data — not actual University of Sydney results
2026-02-28 00:00:00,20260228,2,121,76,45,40,0.6257,Synthetic demonstration data — not actual University of Sydney results
2026-03-01 00:00:00,20260301,1,141,78,63,38,0.5552,Synthetic demonstration data — not actual University of Sydney results
2026-03-01 00:00:00,20260301,2,148,114,34,43,0.7675,Synthetic demonstration data — not actual University of Sydney results
2026-03-02 00:00:00,20260302,1,200,116,84,45,0.5798,Synthetic demonstration data — not actual University of Sydney results
2026-03-02 00:00:00,20260302,2,134,103,31,44,0.7694,Synthetic demonstration data — not actual University of Sydney results
2026-03-03 00:00:00,20260303,1,230,124,106,68,0.54,Synthetic demonstration data — not actual University of Sydney results
2026-03-03 00:00:00,20260303,2,139,109,30,60,0.7827,Synthetic demonstration data — not actual University of Sydney results
2026-03-04 00:00:00,20260304,1,192,115,77,54,0.5979,Synthetic demonstration data — not actual University of Sydney results
2026-03-04 00:00:00,20260304,2,206,144,62,54,0.7004,Synthetic demonstration data — not actual University of Sydney results
2026-03-05 00:00:00,20260305,1,163,96,67,49,0.5916,Synthetic demonstration data — not actual University of Sydney results
2026-03-05 00:00:00,20260305,2,145,109,36,43,0.7545,Synthetic demonstration data — not actual University of Sydney results
2026-03-06 00:00:00,20260306,1,253,140,113,77,0.5551,Synthetic demonstration data — not actual University of Sydney results
2026-03-06 00:00:00,20260306,2,176,110,66,63,0.6275,Synthetic demonstration data — not actual University of Sydney results
2026-03-07 00:00:00,20260307,1,140,82,58,39,0.5881,Synthetic demonstration data — not actual University of Sydney results
2026-03-07 00:00:00,20260307,2,110,75,35,37,0.6806,Synthetic demonstration data — not actual University of Sydney results
2026-03-08 00:00:00,20260308,1,137,81,56,31,0.5891,Synthetic demonstration data — not actual University of Sydney results
2026-03-08 00:00:00,20260308,2,128,95,33,40,0.7429,Synthetic demonstration data — not actual University of Sydney results
2026-03-09 00:00:00,20260309,1,197,104,93,47,0.5305,Synthetic demonstration data — not actual University of Sydney results
2026-03-09 00:00:00,20260309,2,176,120,56,65,0.6831,Synthetic demonstration data — not actual University of Sydney results
2026-03-10 00:00:00,20260310,1,182,105,77,55,0.5781,Synthetic demonstration data — not actual University of Sydney results
2026-03-10 00:00:00,20260310,2,197,136,61,61,0.6911,Synthetic demonstration data — not actual University of Sydney results
2026-03-11 00:00:00,20260311,1,277,154,123,73,0.5552,Synthetic demonstration data — not actual University of Sydney results
2026-03-11 00:00:00,20260311,2,186,115,71,50,0.6187,Synthetic demonstration data — not actual University of Sydney results
2026-03-12 00:00:00,20260312,1,195,100,95,49,0.5115,Synthetic demonstration data — not actual University of Sydney results
2026-03-12 00:00:00,20260312,2,94,56,38,34,0.5907,Synthetic demonstration data — not actual University of Sydney results
2026-03-13 00:00:00,20260313,1,193,97,96,58,0.5035,Synthetic demonstration data — not actual University of Sydney results
2026-03-13 00:00:00,20260313,2,141,100,41,40,0.7116,Synthetic demonstration data — not actual University of Sydney results
2026-03-14 00:00:00,20260314,1,125,75,50,32,0.6024,Synthetic demonstration data — not actual University of Sydney results
2026-03-14 00:00:00,20260314,2,110,83,27,43,0.759,Synthetic demonstration data — not actual University of Sydney results
2026-03-15 00:00:00,20260315,1,138,80,58,31,0.5773,Synthetic demonstration data — not actual University of Sydney results
2026-03-15 00:00:00,20260315,2,94,70,24,36,0.7442,Synthetic demonstration data — not actual University of Sydney results
2026-03-16 00:00:00,20260316,1,240,139,101,83,0.581,Synthetic demonstration data — not actual University of Sydney results
2026-03-16 00:00:00,20260316,2,162,115,47,49,0.7072,Synthetic demonstration data — not actual University of Sydney results
2026-03-17 00:00:00,20260317,1,225,144,81,61,0.6409,Synthetic demonstration data — not actual University of Sydney results
2026-03-17 00:00:00,20260317,2,114,84,30,51,0.735,Synthetic demonstration data — not actual University of Sydney results
2026-03-18 00:00:00,20260318,1,225,128,97,79,0.5711,Synthetic demonstration data — not actual University of Sydney results
2026-03-18 00:00:00,20260318,2,102,73,29,36,0.7194,Synthetic demonstration data — not actual University of Sydney results
2026-03-19 00:00:00,20260319,1,233,152,81,88,0.6514,Synthetic demonstration data — not actual University of Sydney results
2026-03-19 00:00:00,20260319,2,181,128,53,69,0.7093,Synthetic demonstration data — not actual University of Sydney results
2026-03-20 00:00:00,20260320,1,157,88,69,34,0.5587,Synthetic demonstration data — not actual University of Sydney results
2026-03-20 00:00:00,20260320,2,130,87,43,48,0.6722,Synthetic demonstration data — not actual University of Sydney results
2026-03-21 00:00:00,20260321,1,135,78,57,42,0.5784,Synthetic demonstration data — not actual University of Sydney results
2026-03-21 00:00:00,20260321,2,152,109,43,65,0.7187,Synthetic demonstration data — not actual University of Sydney results
2026-03-22 00:00:00,20260322,1,115,64,51,24,0.5549,Synthetic demonstration data — not actual University of Sydney results
2026-03-22 00:00:00,20260322,2,121,101,20,41,0.8338,Synthetic demonstration data — not actual University of Sydney results
2026-03-23 00:00:00,20260323,1,195,116,79,68,0.596,Synthetic demonstration data — not actual University of Sydney results
2026-03-23 00:00:00,20260323,2,154,108,46,63,0.6992,Synthetic demonstration data — not actual University of Sydney results
2026-03-24 00:00:00,20260324,1,189,114,75,53,0.602,Synthetic demonstration data — not actual University of Sydney results
2026-03-24 00:00:00,20260324,2,123,90,33,53,0.7357,Synthetic demonstration data — not actual University of Sydney results
2026-03-25 00:00:00,20260325,1,191,114,77,50,0.5946,Synthetic demonstration data — not actual University of Sydney results
2026-03-25 00:00:00,20260325,2,134,91,43,54,0.6787,Synthetic demonstration data — not actual University of Sydney results
2026-03-26 00:00:00,20260326,1,182,116,66,60,0.6367,Synthetic demonstration data — not actual University of Sydney results
2026-03-26 00:00:00,20260326,2,118,86,32,45,0.7328,Synthetic demonstration data — not actual University of Sydney results
2026-03-27 00:00:00,20260327,1,213,120,93,51,0.5619,Synthetic demonstration data — not actual University of Sydney results
2026-03-27 00:00:00,20260327,2,163,120,43,53,0.7342,Synthetic demonstration data — not actual University of Sydney results
2026-03-28 00:00:00,20260328,1,143,83,60,42,0.5774,Synthetic demonstration data — not actual University of Sydney results
2026-03-28 00:00:00,20260328,2,110,72,38,33,0.654,Synthetic demonstration data — not actual University of Sydney results
2026-03-29 00:00:00,20260329,1,158,91,67,49,0.5788,Synthetic demonstration data — not actual University of Sydney results
2026-03-29 00:00:00,20260329,2,61,46,15,22,0.7535,Synthetic demonstration data — not actual University of Sydney results
2026-03-30 00:00:00,20260330,1,187,102,85,46,0.544,Synthetic demonstration data — not actual University of Sydney results
2026-03-30 00:00:00,20260330,2,155,113,42,65,0.7275,Synthetic demonstration data — not actual University of Sydney results
2026-03-31 00:00:00,20260331,1,168,99,69,39,0.5868,Synthetic demonstration data — not actual University of Sydney results
2026-03-31 00:00:00,20260331,2,222,154,68,74,0.6947,Synthetic demonstration data — not actual University of Sydney results
2026-04-01 00:00:00,20260401,1,171,114,57,45,0.6648,Synthetic demonstration data — not actual University of Sydney results
2026-04-01 00:00:00,20260401,2,137,102,35,51,0.7456,Synthetic demonstration data — not actual University of Sydney results
2026-04-02 00:00:00,20260402,1,178,127,51,71,0.7161,Synthetic demonstration data — not actual University of Sydney results
2026-04-02 00:00:00,20260402,2,132,93,39,41,0.7065,Synthetic demonstration data — not actual University of Sydney results
2026-04-03 00:00:00,20260403,1,104,62,42,30,0.5951,Synthetic demonstration data — not actual University of Sydney results
2026-04-03 00:00:00,20260403,2,120,83,37,44,0.6911,Synthetic demonstration data — not actual University of Sydney results
2026-04-04 00:00:00,20260404,1,104,70,34,38,0.6701,Synthetic demonstration data — not actual University of Sydney results
2026-04-04 00:00:00,20260404,2,71,51,20,22,0.724,Synthetic demonstration data — not actual University of Sydney results
2026-04-05 00:00:00,20260405,1,116,84,32,51,0.7201,Synthetic demonstration data — not actual University of Sydney results
2026-04-05 00:00:00,20260405,2,120,94,26,36,0.787,Synthetic demonstration data — not actual University of Sydney results
2026-04-06 00:00:00,20260406,1,107,71,36,38,0.6679,Synthetic demonstration data — not actual University of Sydney results
2026-04-06 00:00:00,20260406,2,141,96,45,55,0.683,Synthetic demonstration data — not actual University of Sydney results
2026-04-07 00:00:00,20260407,1,122,78,44,44,0.6409,Synthetic demonstration data — not actual University of Sydney results
2026-04-07 00:00:00,20260407,2,133,84,49,36,0.6298,Synthetic demonstration data — not actual University of Sydney results
2026-04-08 00:00:00,20260408,1,110,82,28,44,0.7446,Synthetic demonstration data — not actual University of Sydney results
2026-04-08 00:00:00,20260408,2,144,103,41,54,0.7138,Synthetic demonstration data — not actual University of Sydney results
2026-04-09 00:00:00,20260409,1,153,106,47,60,0.6953,Synthetic demonstration data — not actual University of Sydney results
2026-04-09 00:00:00,20260409,2,118,84,34,39,0.71,Synthetic demonstration data — not actual University of Sydney results
2026-04-10 00:00:00,20260410,1,170,104,66,45,0.6122,Synthetic demonstration data — not actual University of Sydney results
2026-04-10 00:00:00,20260410,2,164,124,40,74,0.755,Synthetic demonstration data — not actual University of Sydney results
2026-04-11 00:00:00,20260411,1,125,80,45,34,0.6388,Synthetic demonstration data — not actual University of Sydney results
2026-04-11 00:00:00,20260411,2,153,117,36,64,0.7634,Synthetic demonstration data — not actual University of Sydney results
2026-04-12 00:00:00,20260412,1,98,71,27,40,0.7276,Synthetic demonstration data — not actual University of Sydney results
2026-04-12 00:00:00,20260412,2,124,86,38,44,0.6964,Synthetic demonstration data — not actual University of Sydney results
2026-04-13 00:00:00,20260413,1,158,108,50,55,0.6859,Synthetic demonstration data — not actual University of Sydney results
2026-04-13 00:00:00,20260413,2,142,100,42,58,0.7016,Synthetic demonstration data — not actual University of Sydney results
2026-04-14 00:00:00,20260414,1,137,98,39,49,0.7126,Synthetic demonstration data — not actual University of Sydney results
2026-04-14 00:00:00,20260414,2,144,100,44,43,0.6942,Synthetic demonstration data — not actual University of Sydney results
2026-04-15 00:00:00,20260415,1,187,117,70,52,0.6263,Synthetic demonstration data — not actual University of Sydney results
2026-04-15 00:00:00,20260415,2,109,84,25,38,0.7728,Synthetic demonstration data — not actual University of Sydney results
2026-04-16 00:00:00,20260416,1,223,154,69,77,0.6895,Synthetic demonstration data — not actual University of Sydney results
2026-04-16 00:00:00,20260416,2,152,106,46,58,0.6957,Synthetic demonstration data — not actual University of Sydney results
2026-04-17 00:00:00,20260417,1,144,99,45,51,0.6863,Synthetic demonstration data — not actual University of Sydney results
2026-04-17 00:00:00,20260417,2,116,78,38,39,0.6693,Synthetic demonstration data — not actual University of Sydney results
2026-04-18 00:00:00,20260418,1,114,67,47,35,0.5862,Synthetic demonstration data — not actual University of Sydney results
2026-04-18 00:00:00,20260418,2,144,105,39,50,0.7279,Synthetic demonstration data — not actual University of Sydney results
2026-04-19 00:00:00,20260419,1,119,86,33,44,0.7231,Synthetic demonstration data — not actual University of Sydney results
2026-04-19 00:00:00,20260419,2,96,70,26,39,0.7336,Synthetic demonstration data — not actual University of Sydney results
2026-04-20 00:00:00,20260420,1,132,85,47,50,0.6426,Synthetic demonstration data — not actual University of Sydney results
2026-04-20 00:00:00,20260420,2,99,70,29,26,0.7062,Synthetic demonstration data — not actual University of Sydney results
2026-04-21 00:00:00,20260421,1,134,90,44,46,0.6706,Synthetic demonstration data — not actual University of Sydney results
2026-04-21 00:00:00,20260421,2,91,62,29,33,0.6807,Synthetic demonstration data — not actual University of Sydney results
2026-04-22 00:00:00,20260422,1,168,136,32,52,0.8124,Synthetic demonstration data — not actual University of Sydney results
2026-04-22 00:00:00,20260422,2,134,92,42,42,0.6888,Synthetic demonstration data — not actual University of Sydney results
2026-04-23 00:00:00,20260423,1,177,118,59,72,0.6678,Synthetic demonstration data — not actual University of Sydney results
2026-04-23 00:00:00,20260423,2,119,87,32,47,0.7281,Synthetic demonstration data — not actual University of Sydney results
2026-04-24 00:00:00,20260424,1,138,98,40,47,0.7122,Synthetic demonstration data — not actual University of Sydney results
2026-04-24 00:00:00,20260424,2,108,76,32,46,0.7012,Synthetic demonstration data — not actual University of Sydney results
2026-04-25 00:00:00,20260425,1,118,78,40,45,0.6612,Synthetic demonstration data — not actual University of Sydney results
2026-04-25 00:00:00,20260425,2,113,77,36,34,0.6816,Synthetic demonstration data — not actual University of Sydney results
2026-04-26 00:00:00,20260426,1,116,79,37,31,0.6849,Synthetic demonstration data — not actual University of Sydney results
2026-04-26 00:00:00,20260426,2,117,86,31,42,0.7375,Synthetic demonstration data — not actual University of Sydney results
2026-04-27 00:00:00,20260427,1,146,104,42,41,0.7096,Synthetic demonstration data — not actual University of Sydney results
2026-04-27 00:00:00,20260427,2,108,73,35,42,0.6804,Synthetic demonstration data — not actual University of Sydney results
2026-04-28 00:00:00,20260428,1,142,99,43,55,0.6996,Synthetic demonstration data — not actual University of Sydney results
2026-04-28 00:00:00,20260428,2,133,89,44,39,0.6718,Synthetic demonstration data — not actual University of Sydney results
2026-04-29 00:00:00,20260429,1,178,130,48,58,0.7317,Synthetic demonstration data — not actual University of Sydney results
2026-04-29 00:00:00,20260429,2,112,87,25,37,0.7769,Synthetic demonstration data — not actual University of Sydney results
2026-04-30 00:00:00,20260430,1,167,102,65,52,0.6081,Synthetic demonstration data — not actual University of Sydney results
2026-04-30 00:00:00,20260430,2,185,126,59,60,0.6816,Synthetic demonstration data — not actual University of Sydney results
2026-05-01 00:00:00,20260501,1,149,100,49,48,0.6715,Synthetic demonstration data — not actual University of Sydney results
2026-05-01 00:00:00,20260501,2,121,95,26,54,0.7877,Synthetic demonstration data — not actual University of Sydney results
2026-05-02 00:00:00,20260502,1,114,82,32,38,0.7189,Synthetic demonstration data — not actual University of Sydney results
2026-05-02 00:00:00,20260502,2,92,66,26,27,0.7172,Synthetic demonstration data — not actual University of Sydney results
2026-05-03 00:00:00,20260503,1,92,57,35,33,0.6186,Synthetic demonstration data — not actual University of Sydney results
2026-05-03 00:00:00,20260503,2,113,85,28,47,0.7509,Synthetic demonstration data — not actual University of Sydney results
2026-05-04 00:00:00,20260504,1,209,118,91,45,0.5627,Synthetic demonstration data — not actual University of Sydney results
2026-05-04 00:00:00,20260504,2,176,142,34,56,0.8079,Synthetic demonstration data — not actual University of Sydney results
2026-05-05 00:00:00,20260505,1,116,88,28,46,0.761,Synthetic demonstration data — not actual University of Sydney results
2026-05-05 00:00:00,20260505,2,75,48,27,18,0.6433,Synthetic demonstration data — not actual University of Sydney results
2026-05-06 00:00:00,20260506,1,115,80,35,43,0.6961,Synthetic demonstration data — not actual University of Sydney results
2026-05-06 00:00:00,20260506,2,127,95,32,37,0.7511,Synthetic demonstration data — not actual University of Sydney results
2026-05-07 00:00:00,20260507,1,183,122,61,66,0.6671,Synthetic demonstration data — not actual University of Sydney results
2026-05-07 00:00:00,20260507,2,111,79,32,40,0.7083,Synthetic demonstration data — not actual University of Sydney results
2026-05-08 00:00:00,20260508,1,103,67,36,36,0.6514,Synthetic demonstration data — not actual University of Sydney results
2026-05-08 00:00:00,20260508,2,197,143,54,84,0.726,Synthetic demonstration data — not actual University of Sydney results
2026-05-09 00:00:00,20260509,1,91,58,33,25,0.6343,Synthetic demonstration data — not actual University of Sydney results
2026-05-09 00:00:00,20260509,2,112,77,35,37,0.6854,Synthetic demonstration data — not actual University of Sydney results
2026-05-10 00:00:00,20260510,1,159,101,58,56,0.6337,Synthetic demonstration data — not actual University of Sydney results
2026-05-10 00:00:00,20260510,2,83,61,22,25,0.7355,Synthetic demonstration data — not actual University of Sydney results
2026-05-11 00:00:00,20260511,1,109,70,39,36,0.6458,Synthetic demonstration data — not actual University of Sydney results
2026-05-11 00:00:00,20260511,2,158,115,43,46,0.7302,Synthetic demonstration data — not actual University of Sydney results
2026-05-12 00:00:00,20260512,1,143,105,38,46,0.7355,Synthetic demonstration data — not actual University of Sydney results
2026-05-12 00:00:00,20260512,2,130,96,34,41,0.7399,Synthetic demonstration data — not actual University of Sydney results
2026-05-13 00:00:00,20260513,1,138,96,42,51,0.6937,Synthetic demonstration data — not actual University of Sydney results
2026-05-13 00:00:00,20260513,2,113,86,27,42,0.7603,Synthetic demonstration data — not actual University of Sydney results
2026-05-14 00:00:00,20260514,1,209,164,45,86,0.7848,Synthetic demonstration data — not actual University of Sydney results
2026-05-14 00:00:00,20260514,2,135,101,34,55,0.7491,Synthetic demonstration data — not actual University of Sydney results
2026-05-15 00:00:00,20260515,1,134,85,49,41,0.6345,Synthetic demonstration data — not actual University of Sydney results
2026-05-15 00:00:00,20260515,2,109,85,24,50,0.7779,Synthetic demonstration data — not actual University of Sydney results
2026-05-16 00:00:00,20260516,1,110,71,39,34,0.6498,Synthetic demonstration data — not actual University of Sydney results
2026-05-16 00:00:00,20260516,2,99,70,29,39,0.712,Synthetic demonstration data — not actual University of Sydney results
2026-05-17 00:00:00,20260517,1,139,100,39,47,0.7187,Synthetic demonstration data — not actual University of Sydney results
2026-05-17 00:00:00,20260517,2,85,61,24,28,0.712,Synthetic demonstration data — not actual University of Sydney results
2026-05-18 00:00:00,20260518,1,141,100,41,43,0.7086,Synthetic demonstration data — not actual University of Sydney results
2026-05-18 00:00:00,20260518,2,136,97,39,54,0.7142,Synthetic demonstration data — not actual University of Sydney results
2026-05-19 00:00:00,20260519,1,149,100,49,45,0.6741,Synthetic demonstration data — not actual University of Sydney results
2026-05-19 00:00:00,20260519,2,175,127,48,56,0.7233,Synthetic demonstration data — not actual University of Sydney results
2026-05-20 00:00:00,20260520,1,110,74,36,41,0.6694,Synthetic demonstration data — not actual University of Sydney results
2026-05-20 00:00:00,20260520,2,153,114,39,49,0.7472,Synthetic demonstration data — not actual University of Sydney results
2026-05-21 00:00:00,20260521,1,186,125,61,55,0.6737,Synthetic demonstration data — not actual University of Sydney results
2026-05-21 00:00:00,20260521,2,103,63,40,30,0.6148,Synthetic demonstration data — not actual University of Sydney results
2026-05-22 00:00:00,20260522,1,125,78,47,35,0.6248,Synthetic demonstration data — not actual University of Sydney results
2026-05-22 00:00:00,20260522,2,101,71,30,32,0.7061,Synthetic demonstration data — not actual University of Sydney results
2026-05-23 00:00:00,20260523,1,141,92,49,38,0.6553,Synthetic demonstration data — not actual University of Sydney results
2026-05-23 00:00:00,20260523,2,118,81,37,38,0.686,Synthetic demonstration data — not actual University of Sydney results
2026-05-24 00:00:00,20260524,1,110,67,43,40,0.6103,Synthetic demonstration data — not actual University of Sydney results
2026-05-24 00:00:00,20260524,2,111,87,24,49,0.7799,Synthetic demonstration data — not actual University of Sydney results
2026-05-25 00:00:00,20260525,1,139,102,37,49,0.7324,Synthetic demonstration data — not actual University of Sydney results
2026-05-25 00:00:00,20260525,2,139,94,45,50,0.6763,Synthetic demonstration data — not actual University of Sydney results
2026-05-26 00:00:00,20260526,1,114,71,43,28,0.6239,Synthetic demonstration data — not actual University of Sydney results
2026-05-26 00:00:00,20260526,2,101,75,26,34,0.7425,Synthetic demonstration data — not actual University of Sydney results
2026-05-27 00:00:00,20260527,1,152,95,57,49,0.6261,Synthetic demonstration data — not actual University of Sydney results
2026-05-27 00:00:00,20260527,2,149,111,38,56,0.7417,Synthetic demonstration data — not actual University of Sydney results
2026-05-28 00:00:00,20260528,1,164,111,53,50,0.6789,Synthetic demonstration data — not actual University of Sydney results
2026-05-28 00:00:00,20260528,2,165,120,45,64,0.7269,Synthetic demonstration data — not actual University of Sydney results
2026-05-29 00:00:00,20260529,1,107,78,29,46,0.7273,Synthetic demonstration data — not actual University of Sydney results
2026-05-29 00:00:00,20260529,2,124,97,27,60,0.7807,Synthetic demonstration data — not actual University of Sydney results
2026-05-30 00:00:00,20260530,1,119,72,47,30,0.6085,Synthetic demonstration data — not actual University of Sydney results
2026-05-30 00:00:00,20260530,2,67,48,19,18,0.7121,Synthetic demonstration data — not actual University of Sydney results
2026-05-31 00:00:00,20260531,1,119,89,30,43,0.7463,Synthetic demonstration data — not actual University of Sydney results
2026-05-31 00:00:00,20260531,2,104,73,31,28,0.7034,Synthetic demonstration data — not actual University of Sydney results
2026-06-01 00:00:00,20260601,1,118,78,40,32,0.6616,Synthetic demonstration data — not actual University of Sydney results
2026-06-01 00:00:00,20260601,2,107,70,37,32,0.6541,Synthetic demonstration data — not actual University of Sydney results
2026-06-02 00:00:00,20260602,1,127,73,54,36,0.5771,Synthetic demonstration data — not actual University of Sydney results
2026-06-02 00:00:00,20260602,2,136,93,43,48,0.6814,Synthetic demonstration data — not actual University of Sydney results
2026-06-03 00:00:00,20260603,1,137,103,34,54,0.754,Synthetic demonstration data — not actual University of Sydney results
2026-06-03 00:00:00,20260603,2,116,88,28,45,0.7616,Synthetic demonstration data — not actual University of Sydney results
2026-06-04 00:00:00,20260604,1,201,137,64,71,0.6816,Synthetic demonstration data — not actual University of Sydney results
2026-06-04 00:00:00,20260604,2,133,90,43,51,0.6778,Synthetic demonstration data — not actual University of Sydney results
2026-06-05 00:00:00,20260605,1,194,116,78,45,0.5969,Synthetic demonstration data — not actual University of Sydney results
2026-06-05 00:00:00,20260605,2,61,42,19,25,0.6808,Synthetic demonstration data — not actual University of Sydney results
2026-06-06 00:00:00,20260606,1,119,69,50,40,0.5838,Synthetic demonstration data — not actual University of Sydney results
2026-06-06 00:00:00,20260606,2,113,88,25,45,0.7794,Synthetic demonstration data — not actual University of Sydney results
2026-06-07 00:00:00,20260607,1,85,56,29,32,0.663,Synthetic demonstration data — not actual University of Sydney results
2026-06-07 00:00:00,20260607,2,108,77,31,47,0.7146,Synthetic demonstration data — not actual University of Sydney results
2026-06-08 00:00:00,20260608,1,153,96,57,55,0.6292,Synthetic demonstration data — not actual University of Sydney results
2026-06-08 00:00:00,20260608,2,165,120,45,55,0.7294,Synthetic demonstration data — not actual University of Sydney results
2026-06-09 00:00:00,20260609,1,140,101,39,45,0.7228,Synthetic demonstration data — not actual University of Sydney results
2026-06-09 00:00:00,20260609,2,146,113,33,66,0.7728,Synthetic demonstration data — not actual University of Sydney results
2026-06-10 00:00:00,20260610,1,148,101,47,57,0.685,Synthetic demonstration data — not actual University of Sydney results
2026-06-10 00:00:00,20260610,2,125,79,46,32,0.6302,Synthetic demonstration data — not actual University of Sydney results
2026-06-11 00:00:00,20260611,1,200,127,73,68,0.6349,Synthetic demonstration data — not actual University of Sydney results
2026-06-11 00:00:00,20260611,2,92,70,22,30,0.7584,Synthetic demonstration data — not actual University of Sydney results
2026-06-12 00:00:00,20260612,1,204,138,66,78,0.6759,Synthetic demonstration data — not actual University of Sydney results
2026-06-12 00:00:00,20260612,2,89,65,24,33,0.7264,Synthetic demonstration data — not actual University of Sydney results
2026-06-13 00:00:00,20260613,1,116,73,43,33,0.6311,Synthetic demonstration data — not actual University of Sydney results
2026-06-13 00:00:00,20260613,2,140,100,40,45,0.7119,Synthetic demonstration data — not actual University of Sydney results
2026-06-14 00:00:00,20260614,1,135,105,30,53,0.7803,Synthetic demonstration data — not actual University of Sydney results
2026-06-14 00:00:00,20260614,2,90,58,32,22,0.6413,Synthetic demonstration data — not actual University of Sydney results
2026-06-15 00:00:00,20260615,1,189,133,56,58,0.7052,Synthetic demonstration data — not actual University of Sydney results
2026-06-15 00:00:00,20260615,2,137,105,32,62,0.7643,Synthetic demonstration data — not actual University of Sydney results
2026-06-16 00:00:00,20260616,1,108,70,38,41,0.6506,Synthetic demonstration data — not actual University of Sydney results
2026-06-16 00:00:00,20260616,2,129,86,43,44,0.6633,Synthetic demonstration data — not actual University of Sydney results
2026-06-17 00:00:00,20260617,1,181,128,53,49,0.7075,Synthetic demonstration data — not actual University of Sydney results
2026-06-17 00:00:00,20260617,2,155,115,40,55,0.7434,Synthetic demonstration data — not actual University of Sydney results
2026-06-18 00:00:00,20260618,1,187,131,56,74,0.7024,Synthetic demonstration data — not actual University of Sydney results
2026-06-18 00:00:00,20260618,2,118,80,38,34,0.6772,Synthetic demonstration data — not actual University of Sydney results
2026-06-19 00:00:00,20260619,1,132,73,59,44,0.555,Synthetic demonstration data — not actual University of Sydney results
2026-06-19 00:00:00,20260619,2,145,105,40,44,0.7217,Synthetic demonstration data — not actual University of Sydney results
2026-06-20 00:00:00,20260620,1,118,80,38,36,0.6772,Synthetic demonstration data — not actual University of Sydney results
2026-06-20 00:00:00,20260620,2,87,60,27,36,0.6942,Synthetic demonstration data — not actual University of Sydney results
2026-06-21 00:00:00,20260621,1,140,89,51,44,0.6342,Synthetic demonstration data — not actual University of Sydney results
2026-06-21 00:00:00,20260621,2,91,65,26,30,0.7164,Synthetic demonstration data — not actual University of Sydney results
2026-06-22 00:00:00,20260622,1,130,85,45,36,0.6518,Synthetic demonstration data — not actual University of Sydney results
2026-06-22 00:00:00,20260622,2,128,94,34,48,0.7371,Synthetic demonstration data — not actual University of Sydney results
2026-06-23 00:00:00,20260623,1,156,108,48,53,0.6931,Synthetic demonstration data — not actual University of Sydney results
2026-06-23 00:00:00,20260623,2,122,88,34,37,0.7181,Synthetic demonstration data — not actual University of Sydney results
2026-06-24 00:00:00,20260624,1,164,103,61,45,0.6283,Synthetic demonstration data — not actual University of Sydney results
2026-06-24 00:00:00,20260624,2,153,113,40,65,0.7392,Synthetic demonstration data — not actual University of Sydney results
2026-06-25 00:00:00,20260625,1,150,95,55,51,0.6365,Synthetic demonstration data — not actual University of Sydney results
2026-06-25 00:00:00,20260625,2,143,100,43,51,0.6971,Synthetic demonstration data — not actual University of Sydney results
2026-06-26 00:00:00,20260626,1,204,152,52,59,0.7428,Synthetic demonstration data — not actual University of Sydney results
2026-06-26 00:00:00,20260626,2,141,110,31,57,0.7816,Synthetic demonstration data — not actual University of Sydney results
2026-06-27 00:00:00,20260627,1,123,81,42,46,0.6612,Synthetic demonstration data — not actual University of Sydney results
2026-06-27 00:00:00,20260627,2,55,44,11,19,0.7924,Synthetic demonstration data — not actual University of Sydney results
2026-06-28 00:00:00,20260628,1,148,103,45,55,0.695,Synthetic demonstration data — not actual University of Sydney results
2026-06-28 00:00:00,20260628,2,98,74,24,32,0.7543,Synthetic demonstration data — not actual University of Sydney results
2026-06-29 00:00:00,20260629,1,140,92,48,46,0.6551,Synthetic demonstration data — not actual University of Sydney results
2026-06-29 00:00:00,20260629,2,117,95,22,51,0.8142,Synthetic demonstration data — not actual University of Sydney results
2026-06-30 00:00:00,20260630,1,168,112,56,66,0.6649,Synthetic demonstration data — not actual University of Sydney results
2026-06-30 00:00:00,20260630,2,84,59,25,24,0.7076,Synthetic demonstration data — not actual University of Sydney results
2026-07-01 00:00:00,20260701,1,182,109,73,60,0.5982,Synthetic demonstration data — not actual University of Sydney results
2026-07-01 00:00:00,20260701,2,168,123,45,57,0.7321,Synthetic demonstration data — not actual University of Sydney results
2026-07-02 00:00:00,20260702,1,186,104,82,53,0.5607,Synthetic demonstration data — not actual University of Sydney results
2026-07-02 00:00:00,20260702,2,192,126,66,54,0.6539,Synthetic demonstration data — not actual University of Sydney results
2026-07-03 00:00:00,20260703,1,212,116,96,49,0.5473,Synthetic demonstration data — not actual University of Sydney results
2026-07-03 00:00:00,20260703,2,188,134,54,82,0.7132,Synthetic demonstration data — not actual University of Sydney results
2026-07-04 00:00:00,20260704,1,81,44,37,19,0.5376,Synthetic demonstration data — not actual University of Sydney results
2026-07-04 00:00:00,20260704,2,114,95,19,57,0.8354,Synthetic demonstration data — not actual University of Sydney results
2026-07-05 00:00:00,20260705,1,140,76,64,39,0.5444,Synthetic demonstration data — not actual University of Sydney results
2026-07-05 00:00:00,20260705,2,124,88,36,35,0.7134,Synthetic demonstration data — not actual University of Sydney results
2026-07-06 00:00:00,20260706,1,220,133,87,63,0.6046,Synthetic demonstration data — not actual University of Sydney results
2026-07-06 00:00:00,20260706,2,151,102,49,44,0.6778,Synthetic demonstration data — not actual University of Sydney results
2026-07-07 00:00:00,20260707,1,213,125,88,65,0.5882,Synthetic demonstration data — not actual University of Sydney results
2026-07-07 00:00:00,20260707,2,161,116,45,58,0.7232,Synthetic demonstration data — not actual University of Sydney results
2026-07-08 00:00:00,20260708,1,179,112,67,43,0.6234,Synthetic demonstration data — not actual University of Sydney results
2026-07-08 00:00:00,20260708,2,141,95,46,56,0.6761,Synthetic demonstration data — not actual University of Sydney results
2026-07-09 00:00:00,20260709,1,196,101,95,44,0.5163,Synthetic demonstration data — not actual University of Sydney results
2026-07-09 00:00:00,20260709,2,107,76,31,42,0.7137,Synthetic demonstration data — not actual University of Sydney results
2026-07-10 00:00:00,20260710,1,273,164,109,99,0.5999,Synthetic demonstration data — not actual University of Sydney results
2026-07-10 00:00:00,20260710,2,148,106,42,49,0.7139,Synthetic demonstration data — not actual University of Sydney results
2026-07-11 00:00:00,20260711,1,171,104,67,63,0.6098,Synthetic demonstration data — not actual University of Sydney results
2026-07-11 00:00:00,20260711,2,103,75,28,29,0.7257,Synthetic demonstration data — not actual University of Sydney results
2026-07-12 00:00:00,20260712,1,129,71,58,30,0.548,Synthetic demonstration data — not actual University of Sydney results
2026-07-12 00:00:00,20260712,2,104,73,31,38,0.7008,Synthetic demonstration data — not actual University of Sydney results
2026-07-13 00:00:00,20260713,1,210,121,89,46,0.5758,Synthetic demonstration data — not actual University of Sydney results
2026-07-13 00:00:00,20260713,2,154,113,41,44,0.7341,Synthetic demonstration data — not actual University of Sydney results
2026-07-14 00:00:00,20260714,1,236,120,116,62,0.5101,Synthetic demonstration data — not actual University of Sydney results
2026-07-14 00:00:00,20260714,2,183,135,48,76,0.7352,Synthetic demonstration data — not actual University of Sydney results
2026-07-15 00:00:00,20260715,1,164,89,75,38,0.5419,Synthetic demonstration data — not actual University of Sydney results
2026-07-15 00:00:00,20260715,2,140,103,37,57,0.7352,Synthetic demonstration data — not actual University of Sydney results
2026-07-16 00:00:00,20260716,1,229,111,118,50,0.484,Synthetic demonstration data — not actual University of Sydney results
2026-07-16 00:00:00,20260716,2,173,123,50,56,0.7103,Synthetic demonstration data — not actual University of Sydney results
2026-07-17 00:00:00,20260717,1,162,91,71,52,0.5628,Synthetic demonstration data — not actual University of Sydney results
2026-07-17 00:00:00,20260717,2,176,118,58,58,0.6717,Synthetic demonstration data — not actual University of Sydney results
2026-07-18 00:00:00,20260718,1,105,61,44,33,0.5797,Synthetic demonstration data — not actual University of Sydney results
2026-07-18 00:00:00,20260718,2,106,79,27,46,0.7411,Synthetic demonstration data — not actual University of Sydney results
2026-07-19 00:00:00,20260719,1,103,65,38,36,0.6313,Synthetic demonstration data — not actual University of Sydney results
2026-07-19 00:00:00,20260719,2,93,69,24,29,0.7412,Synthetic demonstration data — not actual University of Sydney results
2026-07-20 00:00:00,20260720,1,258,157,101,70,0.6068,Synthetic demonstration data — not actual University of Sydney results
2026-07-20 00:00:00,20260720,2,150,114,36,67,0.7577,Synthetic demonstration data — not actual University of Sydney results
2026-07-21 00:00:00,20260721,1,153,99,54,42,0.6444,Synthetic demonstration data — not actual University of Sydney results
2026-07-21 00:00:00,20260721,2,123,84,39,48,0.6791,Synthetic demonstration data — not actual University of Sydney results
2026-07-22 00:00:00,20260722,1,162,107,55,45,0.6608,Synthetic demonstration data — not actual University of Sydney results
2026-07-22 00:00:00,20260722,2,182,138,44,55,0.7576,Synthetic demonstration data — not actual University of Sydney results
2026-07-23 00:00:00,20260723,1,157,91,66,45,0.5816,Synthetic demonstration data — not actual University of Sydney results
2026-07-23 00:00:00,20260723,2,123,89,34,43,0.7256,Synthetic demonstration data — not actual University of Sydney results
2026-07-24 00:00:00,20260724,1,172,94,78,45,0.5483,Synthetic demonstration data — not actual University of Sydney results
2026-07-24 00:00:00,20260724,2,170,118,52,68,0.6954,Synthetic demonstration data — not actual University of Sydney results
2026-07-25 00:00:00,20260725,1,165,100,65,58,0.6083,Synthetic demonstration data — not actual University of Sydney results
2026-07-25 00:00:00,20260725,2,110,79,31,41,0.7177,Synthetic demonstration data — not actual University of Sydney results
2026-07-26 00:00:00,20260726,1,135,74,61,30,0.5501,Synthetic demonstration data — not actual University of Sydney results
2026-07-26 00:00:00,20260726,2,142,108,34,43,0.7631,Synthetic demonstration data — not actual University of Sydney results
2026-07-27 00:00:00,20260727,1,239,147,92,58,0.6146,Synthetic demonstration data — not actual University of Sydney results
2026-07-27 00:00:00,20260727,2,157,116,41,51,0.7371,Synthetic demonstration data — not actual University of Sydney results
2026-07-28 00:00:00,20260728,1,247,127,120,60,0.5129,Synthetic demonstration data — not actual University of Sydney results
2026-07-28 00:00:00,20260728,2,125,92,33,38,0.7393,Synthetic demonstration data — not actual University of Sydney results
2026-07-29 00:00:00,20260729,1,203,113,90,44,0.5574,Synthetic demonstration data — not actual University of Sydney results
2026-07-29 00:00:00,20260729,2,135,96,39,53,0.7098,Synthetic demonstration data — not actual University of Sydney results
2026-07-30 00:00:00,20260730,1,243,141,102,74,0.5787,Synthetic demonstration data — not actual University of Sydney results
2026-07-30 00:00:00,20260730,2,164,107,57,42,0.6508,Synthetic demonstration data — not actual University of Sydney results
2026-07-31 00:00:00,20260731,1,255,147,108,59,0.5778,Synthetic demonstration data — not actual University of Sydney results
2026-07-31 00:00:00,20260731,2,115,74,41,41,0.6399,Synthetic demonstration data — not actual University of Sydney results
2026-08-01 00:00:00,20260801,1,175,100,75,39,0.5691,Synthetic demonstration data — not actual University of Sydney results
2026-08-01 00:00:00,20260801,2,121,87,34,48,0.7226,Synthetic demonstration data — not actual University of Sydney results
2026-08-02 00:00:00,20260802,1,109,58,51,24,0.5309,Synthetic demonstration data — not actual University of Sydney results
2026-08-02 00:00:00,20260802,2,108,78,30,41,0.7177,Synthetic demonstration data — not actual University of Sydney results
2026-08-03 00:00:00,20260803,1,131,76,55,41,0.577,Synthetic demonstration data — not actual University of Sydney results
2026-08-03 00:00:00,20260803,2,177,125,52,65,0.708,Synthetic demonstration data — not actual University of Sydney results
2026-08-04 00:00:00,20260804,1,203,113,90,60,0.5588,Synthetic demonstration data — not actual University of Sydney results
2026-08-04 00:00:00,20260804,2,131,99,32,56,0.7521,Synthetic demonstration data — not actual University of Sydney results
2026-08-05 00:00:00,20260805,1,220,127,93,61,0.5784,Synthetic demonstration data — not actual University of Sydney results
2026-08-05 00:00:00,20260805,2,107,68,39,36,0.6397,Synthetic demonstration data — not actual University of Sydney results
2026-08-06 00:00:00,20260806,1,194,108,86,42,0.5549,Synthetic demonstration data — not actual University of Sydney results
2026-08-06 00:00:00,20260806,2,122,85,37,45,0.6965,Synthetic demonstration data — not actual University of Sydney results
2026-08-07 00:00:00,20260807,1,165,100,65,52,0.6052,Synthetic demonstration data — not actual University of Sydney results
2026-08-07 00:00:00,20260807,2,137,114,23,48,0.831,Synthetic demonstration data — not actual University of Sydney results
2026-08-08 00:00:00,20260808,1,205,117,88,52,0.5694,Synthetic demonstration data — not actual University of Sydney results
2026-08-08 00:00:00,20260808,2,123,87,36,52,0.7097,Synthetic demonstration data — not actual University of Sydney results
2026-08-09 00:00:00,20260809,1,106,59,47,32,0.5576,Synthetic demonstration data — not actual University of Sydney results
2026-08-09 00:00:00,20260809,2,118,84,34,51,0.7099,Synthetic demonstration data — not actual University of Sydney results
2026-08-10 00:00:00,20260810,1,172,98,74,49,0.5686,Synthetic demonstration data — not actual University of Sydney results
2026-08-10 00:00:00,20260810,2,161,101,60,44,0.6251,Synthetic demonstration data — not actual University of Sydney results
2026-08-11 00:00:00,20260811,1,190,118,72,69,0.6187,Synthetic demonstration data — not actual University of Sydney results
2026-08-11 00:00:00,20260811,2,136,94,42,38,0.6938,Synthetic demonstration data — not actual University of Sydney results
2026-08-12 00:00:00,20260812,1,191,114,77,52,0.5957,Synthetic demonstration data — not actual University of Sydney results
2026-08-12 00:00:00,20260812,2,147,103,44,50,0.7033,Synthetic demonstration data — not actual University of Sydney results
2026-08-13 00:00:00,20260813,1,164,107,57,41,0.6525,Synthetic demonstration data — not actual University of Sydney results
2026-08-13 00:00:00,20260813,2,180,129,51,65,0.7143,Synthetic demonstration data — not actual University of Sydney results
2026-08-14 00:00:00,20260814,1,167,91,76,43,0.5469,Synthetic demonstration data — not actual University of Sydney results
2026-08-14 00:00:00,20260814,2,113,82,31,35,0.7264,Synthetic demonstration data — not actual University of Sydney results
2026-08-15 00:00:00,20260815,1,151,92,59,47,0.608,Synthetic demonstration data — not actual University of Sydney results
2026-08-15 00:00:00,20260815,2,141,108,33,58,0.7681,Synthetic demonstration data — not actual University of Sydney results
