week_start,week_date_key,team_key,service_key,fte_available,absence_rate,staffed_hours,cases_received,required_handle_hours,forecast_handle_hours,capacity_gap_hours,capacity_gap_pct,synthetic_label
2024-08-26 00:00:00,20240826,1,1,1.97,0.0831,44.52,2,2.73,2.57,-41.79,-0.9387,Synthetic demonstration data — not actual University of Sydney results
2024-08-26 00:00:00,20240826,2,1,1.89,0.0937,42.18,0,0.0,0.0,-42.18,-1.0,Synthetic demonstration data — not actual University of Sydney results
2024-08-26 00:00:00,20240826,3,1,1.78,0.1017,39.43,0,0.0,0.0,-39.43,-1.0,Synthetic demonstration data — not actual University of Sydney results
2024-08-26 00:00:00,20240826,4,1,1.79,0.1044,39.4,2,3.31,3.07,-36.09,-0.916,Synthetic demonstration data — not actual University of Sydney results
2024-08-26 00:00:00,20240826,5,2,2.19,0.0786,55.27,1,2.06,2.16,-53.21,-0.9627,Synthetic demonstration data — not actual University of Sydney results
2024-08-26 00:00:00,20240826,6,2,2.21,0.0858,55.2,2,1.75,1.61,-53.45,-0.9683,Synthetic demonstration data — not actual University of Sydney results
2024-08-26 00:00:00,20240826,7,2,2.05,0.059,52.68,1,1.24,1.32,-51.44,-0.9765,Synthetic demonstration data — not actual University of Sydney results
2024-08-26 00:00:00,20240826,8,3,1.57,0.0773,39.66,0,0.0,0.0,-39.66,-1.0,Synthetic demonstration data — not actual University of Sydney results
2024-08-26 00:00:00,20240826,9,3,1.6,0.094,39.67,2,2.23,2.38,-37.44,-0.9438,Synthetic demonstration data — not actual University of Sydney results
2024-08-26 00:00:00,20240826,10,3,1.58,0.1318,37.52,2,2.27,2.44,-35.25,-0.9395,Synthetic demonstration data — not actual University of Sydney results
2024-09-02 00:00:00,20240902,1,1,1.99,0.01,53.8,11,13.29,13.16,-40.51,-0.753,Synthetic demonstration data — not actual University of Sydney results
2024-09-02 00:00:00,20240902,2,1,2.05,0.0268,54.51,16,21.2,21.19,-33.31,-0.6111,Synthetic demonstration data — not actual University of Sydney results
2024-09-02 00:00:00,20240902,3,1,1.89,0.0735,47.96,13,16.62,17.39,-31.34,-0.6535,Synthetic demonstration data — not actual University of Sydney results
2024-09-02 00:00:00,20240902,4,1,2.0,0.0692,50.95,28,31.55,30.89,-19.4,-0.3808,Synthetic demonstration data — not actual University of Sydney results
2024-09-02 00:00:00,20240902,5,2,1.94,0.0966,47.96,44,57.63,62.08,9.67,0.2016,Synthetic demonstration data — not actual University of Sydney results
2024-09-02 00:00:00,20240902,6,2,1.84,0.0877,45.94,6,5.95,6.39,-39.99,-0.8705,Synthetic demonstration data — not actual University of Sydney results
2024-09-02 00:00:00,20240902,7,2,2.13,0.1267,50.88,8,8.49,8.45,-42.39,-0.8331,Synthetic demonstration data — not actual University of Sydney results
2024-09-02 00:00:00,20240902,8,3,1.56,0.026,41.59,8,9.15,9.42,-32.44,-0.78,Synthetic demonstration data — not actual University of Sydney results
2024-09-02 00:00:00,20240902,9,3,1.45,0.0487,37.8,17,24.25,22.3,-13.55,-0.3585,Synthetic demonstration data — not actual University of Sydney results
2024-09-02 00:00:00,20240902,10,3,1.38,0.0751,35.03,8,8.33,7.68,-26.7,-0.7622,Synthetic demonstration data — not actual University of Sydney results
2024-09-09 00:00:00,20240909,1,1,1.98,0.0647,50.76,13,15.41,15.71,-35.35,-0.6964,Synthetic demonstration data — not actual University of Sydney results
2024-09-09 00:00:00,20240909,2,1,2.05,0.0848,51.4,20,25.72,24.26,-25.68,-0.4996,Synthetic demonstration data — not actual University of Sydney results
2024-09-09 00:00:00,20240909,3,1,1.72,0.0544,44.58,12,13.69,14.5,-30.89,-0.6929,Synthetic demonstration data — not actual University of Sydney results
2024-09-09 00:00:00,20240909,4,1,1.88,0.0552,48.65,30,35.32,37.24,-13.33,-0.274,Synthetic demonstration data — not actual University of Sydney results
2024-09-09 00:00:00,20240909,5,2,2.15,0.0645,54.95,32,35.33,37.65,-19.62,-0.3571,Synthetic demonstration data — not actual University of Sydney results
2024-09-09 00:00:00,20240909,6,2,2.1,0.0588,54.0,6,8.11,8.39,-45.89,-0.8498,Synthetic demonstration data — not actual University of Sydney results
2024-09-09 00:00:00,20240909,7,2,1.83,0.0982,45.09,8,8.7,8.89,-36.39,-0.8071,Synthetic demonstration data — not actual University of Sydney results
2024-09-09 00:00:00,20240909,8,3,1.54,0.0596,39.62,5,5.37,5.69,-34.25,-0.8645,Synthetic demonstration data — not actual University of Sydney results
2024-09-09 00:00:00,20240909,9,3,1.4,0.038,36.88,20,23.84,25.0,-13.04,-0.3536,Synthetic demonstration data — not actual University of Sydney results
2024-09-09 00:00:00,20240909,10,3,1.63,0.0831,40.87,8,10.71,11.21,-30.16,-0.738,Synthetic demonstration data — not actual University of Sydney results
2024-09-16 00:00:00,20240916,1,1,1.76,0.0431,45.98,14,14.7,15.28,-31.28,-0.6803,Synthetic demonstration data — not actual University of Sydney results
2024-09-16 00:00:00,20240916,2,1,1.79,0.0551,46.2,12,14.47,15.21,-31.73,-0.6868,Synthetic demonstration data — not actual University of Sydney results
2024-09-16 00:00:00,20240916,3,1,2.02,0.0468,52.61,16,20.03,19.48,-32.58,-0.6193,Synthetic demonstration data — not actual University of Sydney results
2024-09-16 00:00:00,20240916,4,1,1.86,0.0938,46.19,29,34.66,36.38,-11.53,-0.2497,Synthetic demonstration data — not actual University of Sydney results
2024-09-16 00:00:00,20240916,5,2,2.14,0.0783,53.91,44,48.5,52.12,-5.41,-0.1004,Synthetic demonstration data — not actual University of Sydney results
2024-09-16 00:00:00,20240916,6,2,2.03,0.0762,51.35,6,7.12,6.88,-44.23,-0.8613,Synthetic demonstration data — not actual University of Sydney results
2024-09-16 00:00:00,20240916,7,2,1.88,0.0519,48.69,10,10.25,9.9,-38.44,-0.7895,Synthetic demonstration data — not actual University of Sydney results
2024-09-16 00:00:00,20240916,8,3,1.51,0.0532,39.07,2,1.7,1.73,-37.37,-0.9565,Synthetic demonstration data — not actual University of Sydney results
2024-09-16 00:00:00,20240916,9,3,1.41,0.0516,36.57,21,26.73,27.5,-9.84,-0.269,Synthetic demonstration data — not actual University of Sydney results
2024-09-16 00:00:00,20240916,10,3,1.41,0.0445,36.76,6,6.68,6.92,-30.08,-0.8183,Synthetic demonstration data — not actual University of Sydney results
2024-09-23 00:00:00,20240923,1,1,1.86,0.0354,49.19,17,21.79,21.01,-27.4,-0.557,Synthetic demonstration data — not actual University of Sydney results
2024-09-23 00:00:00,20240923,2,1,1.9,0.0376,49.99,21,27.8,25.85,-22.19,-0.4439,Synthetic demonstration data — not actual University of Sydney results
2024-09-23 00:00:00,20240923,3,1,1.98,0.027,52.74,10,12.64,11.75,-40.1,-0.7603,Synthetic demonstration data — not actual University of Sydney results
2024-09-23 00:00:00,20240923,4,1,2.05,0.0608,52.55,25,27.44,28.82,-25.11,-0.4779,Synthetic demonstration data — not actual University of Sydney results
2024-09-23 00:00:00,20240923,5,2,2.23,0.0719,56.51,24,28.82,27.13,-27.69,-0.49,Synthetic demonstration data — not actual University of Sydney results
2024-09-23 00:00:00,20240923,6,2,2.04,0.0895,50.77,3,3.11,3.18,-47.66,-0.9387,Synthetic demonstration data — not actual University of Sydney results
2024-09-23 00:00:00,20240923,7,2,1.92,0.0267,51.1,10,12.5,12.29,-38.6,-0.7554,Synthetic demonstration data — not actual University of Sydney results
2024-09-23 00:00:00,20240923,8,3,1.43,0.0612,36.68,4,4.4,4.66,-32.28,-0.8801,Synthetic demonstration data — not actual University of Sydney results
2024-09-23 00:00:00,20240923,9,3,1.57,0.0293,41.74,22,31.74,33.4,-10.0,-0.2396,Synthetic demonstration data — not actual University of Sydney results
2024-09-23 00:00:00,20240923,10,3,1.63,0.0401,42.86,4,5.27,5.41,-37.59,-0.8771,Synthetic demonstration data — not actual University of Sydney results
2024-09-30 00:00:00,20240930,1,1,1.86,0.1202,44.86,12,16.23,16.21,-28.63,-0.6382,Synthetic demonstration data — not actual University of Sydney results
2024-09-30 00:00:00,20240930,2,1,1.97,0.0406,51.77,17,17.68,16.31,-34.09,-0.6585,Synthetic demonstration data — not actual University of Sydney results
2024-09-30 00:00:00,20240930,3,1,1.71,0.0342,45.06,10,13.01,13.74,-32.05,-0.7113,Synthetic demonstration data — not actual University of Sydney results
2024-09-30 00:00:00,20240930,4,1,1.82,0.0486,47.41,25,27.13,26.78,-20.28,-0.4278,Synthetic demonstration data — not actual University of Sydney results
2024-09-30 00:00:00,20240930,5,2,2.22,0.0711,56.32,25,26.05,25.01,-30.27,-0.5375,Synthetic demonstration data — not actual University of Sydney results
2024-09-30 00:00:00,20240930,6,2,2.04,0.0438,53.41,4,5.27,5.03,-48.14,-0.9013,Synthetic demonstration data — not actual University of Sydney results
2024-09-30 00:00:00,20240930,7,2,2.0,0.0385,52.61,5,4.49,4.38,-48.12,-0.9147,Synthetic demonstration data — not actual University of Sydney results
2024-09-30 00:00:00,20240930,8,3,1.63,0.0387,42.88,2,2.23,2.19,-40.65,-0.948,Synthetic demonstration data — not actual University of Sydney results
2024-09-30 00:00:00,20240930,9,3,1.63,0.0248,43.6,15,20.78,19.39,-22.82,-0.5234,Synthetic demonstration data — not actual University of Sydney results
2024-09-30 00:00:00,20240930,10,3,1.56,0.0852,38.94,1,0.97,0.98,-37.97,-0.9751,Synthetic demonstration data — not actual University of Sydney results
2024-10-07 00:00:00,20241007,1,1,2.06,0.0551,53.28,10,15.82,15.53,-37.46,-0.7031,Synthetic demonstration data — not actual University of Sydney results
2024-10-07 00:00:00,20241007,2,1,1.83,0.0325,48.55,9,10.81,10.04,-37.74,-0.7773,Synthetic demonstration data — not actual University of Sydney results
2024-10-07 00:00:00,20241007,3,1,2.01,0.0288,53.28,16,18.09,17.98,-35.19,-0.6605,Synthetic demonstration data — not actual University of Sydney results
2024-10-07 00:00:00,20241007,4,1,1.73,0.0532,44.77,31,34.34,36.84,-10.43,-0.233,Synthetic demonstration data — not actual University of Sydney results
2024-10-07 00:00:00,20241007,5,2,2.13,0.0621,54.57,34,35.42,37.53,-19.15,-0.3509,Synthetic demonstration data — not actual University of Sydney results
2024-10-07 00:00:00,20241007,6,2,1.89,0.0547,49.01,0,0.0,0.0,-49.01,-1.0,Synthetic demonstration data — not actual University of Sydney results
2024-10-07 00:00:00,20241007,7,2,1.85,0.0654,47.26,5,5.98,5.45,-41.28,-0.8735,Synthetic demonstration data — not actual University of Sydney results
2024-10-07 00:00:00,20241007,8,3,1.38,0.06,35.6,3,4.09,4.09,-31.51,-0.8851,Synthetic demonstration data — not actual University of Sydney results
2024-10-07 00:00:00,20241007,9,3,1.37,0.0453,35.72,12,13.99,14.35,-21.73,-0.6083,Synthetic demonstration data — not actual University of Sydney results
2024-10-07 00:00:00,20241007,10,3,1.49,0.0356,39.37,6,7.99,8.23,-31.38,-0.797,Synthetic demonstration data — not actual University of Sydney results
2024-10-14 00:00:00,20241014,1,1,1.7,0.0479,44.17,15,19.81,18.69,-24.36,-0.5515,Synthetic demonstration data — not actual University of Sydney results
2024-10-14 00:00:00,20241014,2,1,1.85,0.0434,48.33,15,25.5,23.8,-22.83,-0.4724,Synthetic demonstration data — not actual University of Sydney results
2024-10-14 00:00:00,20241014,3,1,2.09,0.0749,52.97,13,12.25,11.69,-40.72,-0.7687,Synthetic demonstration data — not actual University of Sydney results
2024-10-14 00:00:00,20241014,4,1,2.09,0.0569,53.84,26,28.84,29.39,-25.0,-0.4643,Synthetic demonstration data — not actual University of Sydney results
2024-10-14 00:00:00,20241014,5,2,2.05,0.0532,53.17,35,34.86,32.38,-18.31,-0.3444,Synthetic demonstration data — not actual University of Sydney results
2024-10-14 00:00:00,20241014,6,2,1.93,0.1062,47.12,5,8.09,7.51,-39.03,-0.8283,Synthetic demonstration data — not actual University of Sydney results
2024-10-14 00:00:00,20241014,7,2,2.0,0.0713,50.81,13,16.71,15.38,-34.1,-0.6712,Synthetic demonstration data — not actual University of Sydney results
2024-10-14 00:00:00,20241014,8,3,1.68,0.0977,41.45,10,12.57,13.41,-28.88,-0.6967,Synthetic demonstration data — not actual University of Sydney results
2024-10-14 00:00:00,20241014,9,3,1.66,0.0316,44.03,20,26.56,25.3,-17.47,-0.3967,Synthetic demonstration data — not actual University of Sydney results
2024-10-14 00:00:00,20241014,10,3,1.59,0.1045,38.93,5,5.45,5.45,-33.48,-0.86,Synthetic demonstration data — not actual University of Sydney results
2024-10-21 00:00:00,20241021,1,1,2.02,0.0494,52.51,18,21.75,20.13,-30.76,-0.5858,Synthetic demonstration data — not actual University of Sydney results
2024-10-21 00:00:00,20241021,2,1,2.1,0.0667,53.6,17,20.99,22.5,-32.61,-0.6084,Synthetic demonstration data — not actual University of Sydney results
2024-10-21 00:00:00,20241021,3,1,1.82,0.0729,46.08,12,11.1,10.39,-34.98,-0.7591,Synthetic demonstration data — not actual University of Sydney results
2024-10-21 00:00:00,20241021,4,1,1.92,0.0678,49.09,31,37.11,37.31,-11.98,-0.244,Synthetic demonstration data — not actual University of Sydney results
2024-10-21 00:00:00,20241021,5,2,1.96,0.0271,52.13,28,31.81,30.98,-20.32,-0.3898,Synthetic demonstration data — not actual University of Sydney results
2024-10-21 00:00:00,20241021,6,2,2.17,0.1024,53.17,11,10.97,10.13,-42.2,-0.7937,Synthetic demonstration data — not actual University of Sydney results
2024-10-21 00:00:00,20241021,7,2,1.97,0.0937,48.91,8,8.03,8.63,-40.88,-0.8358,Synthetic demonstration data — not actual University of Sydney results
2024-10-21 00:00:00,20241021,8,3,1.51,0.1108,36.79,1,0.88,0.85,-35.91,-0.9761,Synthetic demonstration data — not actual University of Sydney results
2024-10-21 00:00:00,20241021,9,3,1.42,0.0342,37.65,23,28.1,30.22,-9.55,-0.2536,Synthetic demonstration data — not actual University of Sydney results
2024-10-21 00:00:00,20241021,10,3,1.41,0.0518,36.54,3,3.41,3.56,-33.13,-0.9067,Synthetic demonstration data — not actual University of Sydney results
2024-10-28 00:00:00,20241028,1,1,2.03,0.0764,51.39,11,16.02,15.96,-35.37,-0.6883,Synthetic demonstration data — not actual University of Sydney results
2024-10-28 00:00:00,20241028,2,1,2.0,0.0778,50.44,17,22.62,21.7,-27.82,-0.5515,Synthetic demonstration data — not actual University of Sydney results
2024-10-28 00:00:00,20241028,3,1,1.96,0.022,52.41,16,19.88,19.21,-32.53,-0.6206,Synthetic demonstration data — not actual University of Sydney results
2024-10-28 00:00:00,20241028,4,1,1.98,0.0509,51.49,30,32.53,34.46,-18.96,-0.3682,Synthetic demonstration data — not actual University of Sydney results
2024-10-28 00:00:00,20241028,5,2,2.13,0.0879,53.2,24,27.81,27.75,-25.39,-0.4773,Synthetic demonstration data — not actual University of Sydney results
2024-10-28 00:00:00,20241028,6,2,2.17,0.0283,57.62,11,10.84,11.48,-46.78,-0.8119,Synthetic demonstration data — not actual University of Sydney results
2024-10-28 00:00:00,20241028,7,2,2.09,0.0485,54.44,3,3.89,3.71,-50.55,-0.9286,Synthetic demonstration data — not actual University of Sydney results
2024-10-28 00:00:00,20241028,8,3,1.63,0.0876,40.75,3,4.43,4.75,-36.32,-0.8913,Synthetic demonstration data — not actual University of Sydney results
2024-10-28 00:00:00,20241028,9,3,1.61,0.1021,39.56,27,34.8,36.97,-4.76,-0.1202,Synthetic demonstration data — not actual University of Sydney results
2024-10-28 00:00:00,20241028,10,3,1.37,0.0802,34.42,12,11.34,11.71,-23.08,-0.6706,Synthetic demonstration data — not actual University of Sydney results
2024-11-04 00:00:00,20241104,1,1,1.99,0.0787,50.19,16,21.41,20.37,-28.78,-0.5734,Synthetic demonstration data — not actual University of Sydney results
2024-11-04 00:00:00,20241104,2,1,1.92,0.0211,51.41,17,18.7,20.06,-32.71,-0.6363,Synthetic demonstration data — not actual University of Sydney results
2024-11-04 00:00:00,20241104,3,1,1.84,0.0931,45.65,14,15.74,14.89,-29.91,-0.6552,Synthetic demonstration data — not actual University of Sydney results
2024-11-04 00:00:00,20241104,4,1,1.81,0.0567,46.73,29,37.15,40.01,-9.58,-0.205,Synthetic demonstration data — not actual University of Sydney results
2024-11-04 00:00:00,20241104,5,2,1.88,0.0669,48.08,31,38.4,38.86,-9.68,-0.2013,Synthetic demonstration data — not actual University of Sydney results
2024-11-04 00:00:00,20241104,6,2,2.13,0.0665,54.33,12,10.46,10.43,-43.87,-0.8075,Synthetic demonstration data — not actual University of Sydney results
2024-11-04 00:00:00,20241104,7,2,1.91,0.0635,49.02,7,7.27,7.62,-41.75,-0.8517,Synthetic demonstration data — not actual University of Sydney results
2024-11-04 00:00:00,20241104,8,3,1.4,0.0621,35.97,5,4.72,4.47,-31.25,-0.8688,Synthetic demonstration data — not actual University of Sydney results
2024-11-04 00:00:00,20241104,9,3,1.4,0.0611,35.98,18,24.37,25.59,-11.61,-0.3227,Synthetic demonstration data — not actual University of Sydney results
2024-11-04 00:00:00,20241104,10,3,1.63,0.0873,40.6,5,6.45,6.84,-34.15,-0.8411,Synthetic demonstration data — not actual University of Sydney results
2024-11-11 00:00:00,20241111,1,1,1.75,0.0705,44.54,9,10.69,11.29,-33.85,-0.76,Synthetic demonstration data — not actual University of Sydney results
2024-11-11 00:00:00,20241111,2,1,1.83,0.0653,46.69,14,17.59,17.53,-29.1,-0.6232,Synthetic demonstration data — not actual University of Sydney results
2024-11-11 00:00:00,20241111,3,1,1.95,0.0795,48.99,18,21.13,22.19,-27.86,-0.5687,Synthetic demonstration data — not actual University of Sydney results
2024-11-11 00:00:00,20241111,4,1,1.93,0.0185,51.95,32,34.87,34.58,-17.08,-0.3287,Synthetic demonstration data — not actual University of Sydney results
2024-11-11 00:00:00,20241111,5,2,2.17,0.078,54.76,46,54.6,54.98,-0.16,-0.0029,Synthetic demonstration data — not actual University of Sydney results
2024-11-11 00:00:00,20241111,6,2,2.13,0.0973,52.51,9,8.67,8.71,-43.84,-0.8349,Synthetic demonstration data — not actual University of Sydney results
2024-11-11 00:00:00,20241111,7,2,2.11,0.059,54.38,9,11.2,10.83,-43.18,-0.794,Synthetic demonstration data — not actual University of Sydney results
2024-11-11 00:00:00,20241111,8,3,1.41,0.029,37.58,4,5.16,5.53,-32.42,-0.8627,Synthetic demonstration data — not actual University of Sydney results
2024-11-11 00:00:00,20241111,9,3,1.45,0.0352,38.34,20,20.85,19.99,-17.49,-0.4561,Synthetic demonstration data — not actual University of Sydney results
2024-11-11 00:00:00,20241111,10,3,1.41,0.0881,35.16,4,3.66,3.53,-31.5,-0.8959,Synthetic demonstration data — not actual University of Sydney results
2024-11-18 00:00:00,20241118,1,1,1.73,0.0745,43.92,12,14.14,14.34,-29.78,-0.6781,Synthetic demonstration data — not actual University of Sydney results
2024-11-18 00:00:00,20241118,2,1,2.03,0.0709,51.57,16,20.71,19.05,-30.86,-0.5984,Synthetic demonstration data — not actual University of Sydney results
2024-11-18 00:00:00,20241118,3,1,2.07,0.0687,52.84,12,11.78,11.82,-41.06,-0.7771,Synthetic demonstration data — not actual University of Sydney results
2024-11-18 00:00:00,20241118,4,1,2.01,0.0749,50.97,39,42.76,43.48,-8.21,-0.1611,Synthetic demonstration data — not actual University of Sydney results
2024-11-18 00:00:00,20241118,5,2,1.99,0.0881,49.71,31,34.82,34.36,-14.89,-0.2996,Synthetic demonstration data — not actual University of Sydney results
2024-11-18 00:00:00,20241118,6,2,1.82,0.0938,45.15,8,9.43,9.81,-35.72,-0.7911,Synthetic demonstration data — not actual University of Sydney results
2024-11-18 00:00:00,20241118,7,2,1.82,0.0228,48.68,6,5.94,6.4,-42.74,-0.878,Synthetic demonstration data — not actual University of Sydney results
2024-11-18 00:00:00,20241118,8,3,1.36,0.0795,34.27,2,1.95,1.98,-32.32,-0.9431,Synthetic demonstration data — not actual University of Sydney results
2024-11-18 00:00:00,20241118,9,3,1.66,0.0611,42.6,23,28.69,27.46,-13.91,-0.3266,Synthetic demonstration data — not actual University of Sydney results
2024-11-18 00:00:00,20241118,10,3,1.51,0.0352,39.88,4,6.08,6.16,-33.8,-0.8475,Synthetic demonstration data — not actual University of Sydney results
2024-11-25 00:00:00,20241125,1,1,1.97,0.0821,49.59,16,23.51,21.87,-26.08,-0.5259,Synthetic demonstration data — not actual University of Sydney results
2024-11-25 00:00:00,20241125,2,1,1.69,0.0725,42.92,15,24.77,26.5,-18.15,-0.4229,Synthetic demonstration data — not actual University of Sydney results
2024-11-25 00:00:00,20241125,3,1,2.08,0.0534,53.85,14,19.24,20.68,-34.61,-0.6427,Synthetic demonstration data — not actual University of Sydney results
2024-11-25 00:00:00,20241125,4,1,2.08,0.0328,55.11,27,30.27,32.06,-24.84,-0.4507,Synthetic demonstration data — not actual University of Sydney results
2024-11-25 00:00:00,20241125,5,2,1.99,0.0573,51.26,32,34.78,32.08,-16.48,-0.3215,Synthetic demonstration data — not actual University of Sydney results
2024-11-25 00:00:00,20241125,6,2,1.91,0.0914,47.51,7,5.81,5.32,-41.7,-0.8777,Synthetic demonstration data — not actual University of Sydney results
2024-11-25 00:00:00,20241125,7,2,1.8,0.0198,48.36,8,7.98,7.53,-40.38,-0.835,Synthetic demonstration data — not actual University of Sydney results
2024-11-25 00:00:00,20241125,8,3,1.65,0.0903,41.17,5,7.27,7.7,-33.9,-0.8234,Synthetic demonstration data — not actual University of Sydney results
2024-11-25 00:00:00,20241125,9,3,1.42,0.0627,36.52,21,22.82,22.23,-13.7,-0.3751,Synthetic demonstration data — not actual University of Sydney results
2024-11-25 00:00:00,20241125,10,3,1.42,0.0377,37.37,1,0.44,0.45,-36.93,-0.9882,Synthetic demonstration data — not actual University of Sydney results
2024-12-02 00:00:00,20241202,1,1,1.82,0.051,47.35,15,22.46,20.79,-24.89,-0.5257,Synthetic demonstration data — not actual University of Sydney results
2024-12-02 00:00:00,20241202,2,1,1.88,0.1187,45.39,13,18.03,19.4,-27.36,-0.6028,Synthetic demonstration data — not actual University of Sydney results
2024-12-02 00:00:00,20241202,3,1,1.96,0.0752,49.67,17,18.05,16.61,-31.62,-0.6366,Synthetic demonstration data — not actual University of Sydney results
2024-12-02 00:00:00,20241202,4,1,1.95,0.1064,47.6,25,28.79,29.47,-18.81,-0.3952,Synthetic demonstration data — not actual University of Sydney results
2024-12-02 00:00:00,20241202,5,2,2.08,0.0725,52.69,37,36.58,34.65,-16.11,-0.3057,Synthetic demonstration data — not actual University of Sydney results
2024-12-02 00:00:00,20241202,6,2,2.08,0.0615,53.32,6,6.88,6.42,-46.44,-0.871,Synthetic demonstration data — not actual University of Sydney results
2024-12-02 00:00:00,20241202,7,2,2.06,0.0569,53.23,7,7.35,7.52,-45.88,-0.8619,Synthetic demonstration data — not actual University of Sydney results
2024-12-02 00:00:00,20241202,8,3,1.58,0.0676,40.19,2,2.22,2.04,-37.97,-0.9448,Synthetic demonstration data — not actual University of Sydney results
2024-12-02 00:00:00,20241202,9,3,1.45,0.0784,36.49,19,23.91,22.32,-12.58,-0.3447,Synthetic demonstration data — not actual University of Sydney results
2024-12-02 00:00:00,20241202,10,3,1.4,0.0346,36.9,4,2.89,2.85,-34.01,-0.9217,Synthetic demonstration data — not actual University of Sydney results
2024-12-09 00:00:00,20241209,1,1,1.91,0.0684,48.74,13,17.7,16.64,-31.04,-0.6369,Synthetic demonstration data — not actual University of Sydney results
2024-12-09 00:00:00,20241209,2,1,2.03,0.0766,51.3,19,25.57,23.78,-25.73,-0.5016,Synthetic demonstration data — not actual University of Sydney results
2024-12-09 00:00:00,20241209,3,1,1.87,0.1164,45.11,20,23.51,24.74,-21.6,-0.4788,Synthetic demonstration data — not actual University of Sydney results
2024-12-09 00:00:00,20241209,4,1,2.0,0.0466,52.25,29,33.38,35.87,-18.87,-0.3611,Synthetic demonstration data — not actual University of Sydney results
2024-12-09 00:00:00,20241209,5,2,1.8,0.0587,46.41,36,37.97,36.5,-8.44,-0.1818,Synthetic demonstration data — not actual University of Sydney results
2024-12-09 00:00:00,20241209,6,2,2.1,0.0736,53.34,11,11.6,11.02,-41.74,-0.7825,Synthetic demonstration data — not actual University of Sydney results
2024-12-09 00:00:00,20241209,7,2,1.92,0.0627,49.26,5,4.39,4.22,-44.87,-0.9109,Synthetic demonstration data — not actual University of Sydney results
2024-12-09 00:00:00,20241209,8,3,1.38,0.084,34.6,5,7.91,7.35,-26.69,-0.7714,Synthetic demonstration data — not actual University of Sydney results
2024-12-09 00:00:00,20241209,9,3,1.62,0.0892,40.43,20,22.79,24.22,-17.64,-0.4364,Synthetic demonstration data — not actual University of Sydney results
2024-12-09 00:00:00,20241209,10,3,1.35,0.0934,33.54,2,3.38,3.47,-30.16,-0.8992,Synthetic demonstration data — not actual University of Sydney results
2024-12-16 00:00:00,20241216,1,1,1.77,0.0263,47.23,21,26.93,28.35,-20.3,-0.4299,Synthetic demonstration data — not actual University of Sydney results
2024-12-16 00:00:00,20241216,2,1,1.94,0.0367,51.17,12,14.86,15.75,-36.31,-0.7096,Synthetic demonstration data — not actual University of Sydney results
2024-12-16 00:00:00,20241216,3,1,1.95,0.048,50.89,22,25.12,26.58,-25.77,-0.5064,Synthetic demonstration data — not actual University of Sydney results
2024-12-16 00:00:00,20241216,4,1,1.87,0.05,48.65,19,19.74,21.12,-28.91,-0.5942,Synthetic demonstration data — not actual University of Sydney results
2024-12-16 00:00:00,20241216,5,2,2.23,0.0342,58.82,27,31.03,31.9,-27.79,-0.4724,Synthetic demonstration data — not actual University of Sydney results
2024-12-16 00:00:00,20241216,6,2,2.0,0.0734,50.58,6,5.03,4.68,-45.55,-0.9006,Synthetic demonstration data — not actual University of Sydney results
2024-12-16 00:00:00,20241216,7,2,1.87,0.0461,48.68,5,6.3,6.71,-42.38,-0.8706,Synthetic demonstration data — not actual University of Sydney results
2024-12-16 00:00:00,20241216,8,3,1.46,0.0329,38.58,2,0.98,1.06,-37.6,-0.9746,Synthetic demonstration data — not actual University of Sydney results
2024-12-16 00:00:00,20241216,9,3,1.42,0.0631,36.37,25,30.11,30.86,-6.26,-0.172,Synthetic demonstration data — not actual University of Sydney results
2024-12-16 00:00:00,20241216,10,3,1.43,0.0249,38.05,9,8.17,8.43,-29.88,-0.7853,Synthetic demonstration data — not actual University of Sydney results
2024-12-23 00:00:00,20241223,1,1,1.77,0.0851,44.26,14,19.23,17.75,-25.03,-0.5655,Synthetic demonstration data — not actual University of Sydney results
2024-12-23 00:00:00,20241223,2,1,2.05,0.0546,52.92,10,13.29,13.3,-39.63,-0.7489,Synthetic demonstration data — not actual University of Sydney results
2024-12-23 00:00:00,20241223,3,1,1.73,0.0446,45.1,12,14.56,15.32,-30.54,-0.6772,Synthetic demonstration data — not actual University of Sydney results
2024-12-23 00:00:00,20241223,4,1,2.0,0.0419,52.36,26,31.82,34.08,-20.54,-0.3923,Synthetic demonstration data — not actual University of Sydney results
2024-12-23 00:00:00,20241223,5,2,1.82,0.0465,47.6,37,41.32,39.16,-6.28,-0.1319,Synthetic demonstration data — not actual University of Sydney results
2024-12-23 00:00:00,20241223,6,2,2.05,0.0448,53.63,14,15.36,15.26,-38.27,-0.7136,Synthetic demonstration data — not actual University of Sydney results
2024-12-23 00:00:00,20241223,7,2,2.04,0.1031,50.03,11,15.04,15.83,-34.99,-0.6994,Synthetic demonstration data — not actual University of Sydney results
2024-12-23 00:00:00,20241223,8,3,1.41,0.0902,35.04,1,1.2,1.12,-33.84,-0.9657,Synthetic demonstration data — not actual University of Sydney results
2024-12-23 00:00:00,20241223,9,3,1.51,0.0651,38.62,20,25.9,23.87,-12.72,-0.3294,Synthetic demonstration data — not actual University of Sydney results
2024-12-23 00:00:00,20241223,10,3,1.51,0.0257,40.32,1,0.8,0.74,-39.52,-0.9802,Synthetic demonstration data — not actual University of Sydney results
2024-12-30 00:00:00,20241230,1,1,2.09,0.0525,54.26,15,18.74,19.73,-35.52,-0.6546,Synthetic demonstration data — not actual University of Sydney results
2024-12-30 00:00:00,20241230,2,1,1.86,0.0279,49.39,17,21.94,23.31,-27.45,-0.5558,Synthetic demonstration data — not actual University of Sydney results
2024-12-30 00:00:00,20241230,3,1,1.76,0.0836,44.24,13,17.1,15.96,-27.14,-0.6135,Synthetic demonstration data — not actual University of Sydney results
2024-12-30 00:00:00,20241230,4,1,2.08,0.0303,55.28,27,31.14,29.93,-24.14,-0.4367,Synthetic demonstration data — not actual University of Sydney results
2024-12-30 00:00:00,20241230,5,2,1.82,0.0426,47.58,30,30.94,28.66,-16.64,-0.3497,Synthetic demonstration data — not actual University of Sydney results
2024-12-30 00:00:00,20241230,6,2,2.04,0.0645,52.23,6,9.21,9.83,-43.02,-0.8237,Synthetic demonstration data — not actual University of Sydney results
2024-12-30 00:00:00,20241230,7,2,2.04,0.0563,52.69,8,8.02,8.1,-44.67,-0.8478,Synthetic demonstration data — not actual University of Sydney results
2024-12-30 00:00:00,20241230,8,3,1.35,0.0184,36.3,2,1.7,1.63,-34.6,-0.9532,Synthetic demonstration data — not actual University of Sydney results
2024-12-30 00:00:00,20241230,9,3,1.56,0.0313,41.28,32,43.59,47.02,2.31,0.056,Synthetic demonstration data — not actual University of Sydney results
2024-12-30 00:00:00,20241230,10,3,1.36,0.0133,36.65,4,2.81,2.83,-33.84,-0.9233,Synthetic demonstration data — not actual University of Sydney results
2025-01-06 00:00:00,20250106,1,1,2.04,0.0576,52.57,24,28.68,27.7,-23.89,-0.4545,Synthetic demonstration data — not actual University of Sydney results
2025-01-06 00:00:00,20250106,2,1,1.95,0.0741,49.28,15,22.28,23.66,-27.0,-0.5479,Synthetic demonstration data — not actual University of Sydney results
2025-01-06 00:00:00,20250106,3,1,1.93,0.0541,49.87,17,21.51,21.77,-28.36,-0.5687,Synthetic demonstration data — not actual University of Sydney results
2025-01-06 00:00:00,20250106,4,1,1.84,0.01,49.8,36,39.31,42.43,-10.49,-0.2106,Synthetic demonstration data — not actual University of Sydney results
2025-01-06 00:00:00,20250106,5,2,1.84,0.0687,46.94,35,40.28,41.54,-6.66,-0.1418,Synthetic demonstration data — not actual University of Sydney results
2025-01-06 00:00:00,20250106,6,2,2.06,0.0619,52.9,4,4.03,3.69,-48.87,-0.9238,Synthetic demonstration data — not actual University of Sydney results
2025-01-06 00:00:00,20250106,7,2,1.85,0.0344,48.96,2,3.08,2.9,-45.88,-0.9371,Synthetic demonstration data — not actual University of Sydney results
2025-01-06 00:00:00,20250106,8,3,1.35,0.0658,34.52,7,6.52,6.34,-28.0,-0.8111,Synthetic demonstration data — not actual University of Sydney results
2025-01-06 00:00:00,20250106,9,3,1.46,0.024,39.06,26,28.89,26.87,-10.17,-0.2603,Synthetic demonstration data — not actual University of Sydney results
2025-01-06 00:00:00,20250106,10,3,1.52,0.0423,39.82,4,6.32,6.11,-33.5,-0.8413,Synthetic demonstration data — not actual University of Sydney results
2025-01-13 00:00:00,20250113,1,1,1.79,0.0447,46.69,22,30.51,27.91,-16.18,-0.3466,Synthetic demonstration data — not actual University of Sydney results
2025-01-13 00:00:00,20250113,2,1,1.73,0.0476,45.07,16,22.11,20.63,-22.96,-0.5094,Synthetic demonstration data — not actual University of Sydney results
2025-01-13 00:00:00,20250113,3,1,2.08,0.0522,53.97,12,12.88,13.04,-41.09,-0.7614,Synthetic demonstration data — not actual University of Sydney results
2025-01-13 00:00:00,20250113,4,1,1.9,0.0646,48.58,25,29.45,29.07,-19.13,-0.3938,Synthetic demonstration data — not actual University of Sydney results
2025-01-13 00:00:00,20250113,5,2,2.09,0.0646,53.57,23,24.51,25.11,-29.06,-0.5425,Synthetic demonstration data — not actual University of Sydney results
2025-01-13 00:00:00,20250113,6,2,2.22,0.0461,57.96,4,7.52,7.35,-50.44,-0.8703,Synthetic demonstration data — not actual University of Sydney results
2025-01-13 00:00:00,20250113,7,2,1.93,0.0834,48.47,10,9.65,10.35,-38.82,-0.8009,Synthetic demonstration data — not actual University of Sydney results
2025-01-13 00:00:00,20250113,8,3,1.55,0.0456,40.37,4,4.87,4.81,-35.5,-0.8794,Synthetic demonstration data — not actual University of Sydney results
2025-01-13 00:00:00,20250113,9,3,1.58,0.0462,41.13,18,20.52,19.16,-20.61,-0.5011,Synthetic demonstration data — not actual University of Sydney results
2025-01-13 00:00:00,20250113,10,3,1.62,0.0512,41.96,7,9.26,9.23,-32.7,-0.7793,Synthetic demonstration data — not actual University of Sydney results
2025-01-20 00:00:00,20250120,1,1,1.88,0.0976,46.32,14,16.98,15.83,-29.34,-0.6334,Synthetic demonstration data — not actual University of Sydney results
2025-01-20 00:00:00,20250120,2,1,1.86,0.01,50.3,16,22.75,22.22,-27.55,-0.5477,Synthetic demonstration data — not actual University of Sydney results
2025-01-20 00:00:00,20250120,3,1,1.88,0.0401,49.28,14,17.3,18.63,-31.98,-0.6489,Synthetic demonstration data — not actual University of Sydney results
2025-01-20 00:00:00,20250120,4,1,2.01,0.1188,48.42,28,32.09,30.3,-16.33,-0.3373,Synthetic demonstration data — not actual University of Sydney results
2025-01-20 00:00:00,20250120,5,2,1.85,0.0762,46.73,29,31.11,32.68,-15.62,-0.3343,Synthetic demonstration data — not actual University of Sydney results
2025-01-20 00:00:00,20250120,6,2,1.84,0.0566,47.6,9,8.75,8.47,-38.85,-0.8162,Synthetic demonstration data — not actual University of Sydney results
2025-01-20 00:00:00,20250120,7,2,2.09,0.0852,52.3,7,7.65,7.43,-44.65,-0.8537,Synthetic demonstration data — not actual University of Sydney results
2025-01-20 00:00:00,20250120,8,3,1.63,0.0587,41.93,4,3.65,3.36,-38.28,-0.913,Synthetic demonstration data — not actual University of Sydney results
2025-01-20 00:00:00,20250120,9,3,1.58,0.0662,40.32,20,24.0,22.3,-16.32,-0.4047,Synthetic demonstration data — not actual University of Sydney results
2025-01-20 00:00:00,20250120,10,3,1.41,0.0658,35.99,7,7.56,7.64,-28.43,-0.7899,Synthetic demonstration data — not actual University of Sydney results
2025-01-27 00:00:00,20250127,1,1,1.86,0.0506,48.39,20,26.21,23.9,-22.18,-0.4583,Synthetic demonstration data — not actual University of Sydney results
2025-01-27 00:00:00,20250127,2,1,1.96,0.0164,52.82,22,32.3,34.5,-20.52,-0.3885,Synthetic demonstration data — not actual University of Sydney results
2025-01-27 00:00:00,20250127,3,1,2.03,0.0442,53.11,18,21.37,21.45,-31.74,-0.5976,Synthetic demonstration data — not actual University of Sydney results
2025-01-27 00:00:00,20250127,4,1,1.73,0.0962,42.73,31,34.55,33.68,-8.18,-0.1914,Synthetic demonstration data — not actual University of Sydney results
2025-01-27 00:00:00,20250127,5,2,2.2,0.0743,55.63,31,37.7,39.0,-17.93,-0.3223,Synthetic demonstration data — not actual University of Sydney results
2025-01-27 00:00:00,20250127,6,2,2.2,0.0353,58.18,6,6.15,6.13,-52.03,-0.8943,Synthetic demonstration data — not actual University of Sydney results
2025-01-27 00:00:00,20250127,7,2,1.85,0.0419,48.39,7,7.3,6.84,-41.09,-0.8491,Synthetic demonstration data — not actual University of Sydney results
2025-01-27 00:00:00,20250127,8,3,1.35,0.0555,34.89,3,6.92,7.26,-27.97,-0.8017,Synthetic demonstration data — not actual University of Sydney results
2025-01-27 00:00:00,20250127,9,3,1.38,0.0873,34.53,14,16.6,17.89,-17.93,-0.5193,Synthetic demonstration data — not actual University of Sydney results
2025-01-27 00:00:00,20250127,10,3,1.49,0.0775,37.67,1,1.2,1.29,-36.47,-0.9681,Synthetic demonstration data — not actual University of Sydney results
2025-02-03 00:00:00,20250203,1,1,1.71,0.0944,38.09,45,56.22,53.49,18.13,0.4758,Synthetic demonstration data — not actual University of Sydney results
2025-02-03 00:00:00,20250203,2,1,2.01,0.0995,44.58,35,50.42,47.92,5.84,0.1311,Synthetic demonstration data — not actual University of Sydney results
2025-02-03 00:00:00,20250203,3,1,1.91,0.0896,42.78,25,27.89,26.43,-14.89,-0.3481,Synthetic demonstration data — not actual University of Sydney results
2025-02-03 00:00:00,20250203,4,1,2.04,0.0572,47.41,34,41.1,40.78,-6.31,-0.1332,Synthetic demonstration data — not actual University of Sydney results
2025-02-03 00:00:00,20250203,5,2,2.03,0.1002,49.98,40,47.22,44.27,-2.76,-0.0552,Synthetic demonstration data — not actual University of Sydney results
2025-02-03 00:00:00,20250203,6,2,1.88,0.0975,46.5,14,16.15,15.18,-30.35,-0.6527,Synthetic demonstration data — not actual University of Sydney results
2025-02-03 00:00:00,20250203,7,2,1.98,0.077,50.09,7,7.09,7.2,-43.0,-0.8585,Synthetic demonstration data — not actual University of Sydney results
2025-02-03 00:00:00,20250203,8,3,1.56,0.0813,39.16,7,7.28,7.84,-31.88,-0.8141,Synthetic demonstration data — not actual University of Sydney results
2025-02-03 00:00:00,20250203,9,3,1.66,0.0589,42.71,34,40.22,41.53,-2.49,-0.0583,Synthetic demonstration data — not actual University of Sydney results
2025-02-03 00:00:00,20250203,10,3,1.65,0.0902,40.97,9,12.61,13.38,-28.36,-0.6922,Synthetic demonstration data — not actual University of Sydney results
2025-02-10 00:00:00,20250210,1,1,1.76,0.0771,40.02,33,48.2,49.7,8.18,0.2043,Synthetic demonstration data — not actual University of Sydney results
2025-02-10 00:00:00,20250210,2,1,2.01,0.1037,44.45,29,43.62,42.34,-0.83,-0.0186,Synthetic demonstration data — not actual University of Sydney results
2025-02-10 00:00:00,20250210,3,1,1.97,0.0415,46.61,18,21.89,21.44,-24.72,-0.5303,Synthetic demonstration data — not actual University of Sydney results
2025-02-10 00:00:00,20250210,4,1,1.72,0.0973,38.16,36,38.13,35.76,-0.03,-0.0007,Synthetic demonstration data — not actual University of Sydney results
2025-02-10 00:00:00,20250210,5,2,1.85,0.076,46.7,42,48.32,51.1,1.62,0.0348,Synthetic demonstration data — not actual University of Sydney results
2025-02-10 00:00:00,20250210,6,2,2.04,0.1139,49.53,11,12.3,13.0,-37.23,-0.7517,Synthetic demonstration data — not actual University of Sydney results
2025-02-10 00:00:00,20250210,7,2,1.97,0.1011,48.39,16,18.63,17.04,-29.76,-0.615,Synthetic demonstration data — not actual University of Sydney results
2025-02-10 00:00:00,20250210,8,3,1.36,0.0756,34.51,9,7.76,7.94,-26.75,-0.7751,Synthetic demonstration data — not actual University of Sydney results
2025-02-10 00:00:00,20250210,9,3,1.38,0.0909,34.32,47,53.91,57.51,19.59,0.571,Synthetic demonstration data — not actual University of Sydney results
2025-02-10 00:00:00,20250210,10,3,1.66,0.0578,42.75,8,7.79,8.0,-34.96,-0.8178,Synthetic demonstration data — not actual University of Sydney results
2025-02-17 00:00:00,20250217,1,1,1.92,0.0827,43.26,45,58.33,61.61,15.07,0.3484,Synthetic demonstration data — not actual University of Sydney results
2025-02-17 00:00:00,20250217,2,1,1.71,0.0891,38.35,32,47.4,48.67,9.05,0.236,Synthetic demonstration data — not actual University of Sydney results
2025-02-17 00:00:00,20250217,3,1,1.85,0.1123,40.47,13,13.87,13.98,-26.6,-0.6573,Synthetic demonstration data — not actual University of Sydney results
2025-02-17 00:00:00,20250217,4,1,1.86,0.086,41.82,36,38.07,38.17,-3.75,-0.0896,Synthetic demonstration data — not actual University of Sydney results
2025-02-17 00:00:00,20250217,5,2,2.24,0.1035,54.82,50,56.64,55.1,1.82,0.0332,Synthetic demonstration data — not actual University of Sydney results
2025-02-17 00:00:00,20250217,6,2,2.05,0.0802,51.61,12,14.71,15.09,-36.9,-0.715,Synthetic demonstration data — not actual University of Sydney results
2025-02-17 00:00:00,20250217,7,2,2.09,0.0754,52.85,11,15.35,16.57,-37.5,-0.7096,Synthetic demonstration data — not actual University of Sydney results
2025-02-17 00:00:00,20250217,8,3,1.47,0.0681,37.45,7,9.26,8.53,-28.19,-0.7527,Synthetic demonstration data — not actual University of Sydney results
2025-02-17 00:00:00,20250217,9,3,1.48,0.0995,36.58,28,33.28,30.55,-3.3,-0.0902,Synthetic demonstration data — not actual University of Sydney results
2025-02-17 00:00:00,20250217,10,3,1.57,0.0397,41.35,1,0.88,0.81,-40.47,-0.9787,Synthetic demonstration data — not actual University of Sydney results
2025-02-24 00:00:00,20250224,1,1,1.76,0.1011,38.97,21,28.01,25.5,-10.96,-0.2812,Synthetic demonstration data — not actual University of Sydney results
2025-02-24 00:00:00,20250224,2,1,1.82,0.1172,39.57,51,71.72,70.48,32.15,0.8126,Synthetic demonstration data — not actual University of Sydney results
2025-02-24 00:00:00,20250224,3,1,1.94,0.1117,42.4,17,23.24,24.03,-19.16,-0.4519,Synthetic demonstration data — not actual University of Sydney results
2025-02-24 00:00:00,20250224,4,1,1.83,0.1218,39.51,27,29.02,28.71,-10.49,-0.2654,Synthetic demonstration data — not actual University of Sydney results
2025-02-24 00:00:00,20250224,5,2,2.2,0.1087,53.77,60,71.8,67.07,18.03,0.3354,Synthetic demonstration data — not actual University of Sydney results
2025-02-24 00:00:00,20250224,6,2,1.99,0.1204,47.91,11,11.41,10.66,-36.5,-0.7619,Synthetic demonstration data — not actual University of Sydney results
2025-02-24 00:00:00,20250224,7,2,2.03,0.0876,50.7,8,8.8,9.39,-41.9,-0.8264,Synthetic demonstration data — not actual University of Sydney results
2025-02-24 00:00:00,20250224,8,3,1.6,0.1242,38.25,7,5.23,4.97,-33.02,-0.8633,Synthetic demonstration data — not actual University of Sydney results
2025-02-24 00:00:00,20250224,9,3,1.37,0.1038,33.66,31,34.17,31.9,0.51,0.0152,Synthetic demonstration data — not actual University of Sydney results
2025-02-24 00:00:00,20250224,10,3,1.39,0.0749,35.13,5,6.61,6.53,-28.52,-0.8118,Synthetic demonstration data — not actual University of Sydney results
2025-03-03 00:00:00,20250303,1,1,1.9,0.101,41.99,36,51.66,51.33,9.67,0.2304,Synthetic demonstration data — not actual University of Sydney results
2025-03-03 00:00:00,20250303,2,1,1.77,0.1167,38.54,35,48.29,45.52,9.75,0.253,Synthetic demonstration data — not actual University of Sydney results
2025-03-03 00:00:00,20250303,3,1,1.86,0.1165,40.51,13,12.9,13.19,-27.61,-0.6815,Synthetic demonstration data — not actual University of Sydney results
2025-03-03 00:00:00,20250303,4,1,2.01,0.1248,43.26,36,42.67,39.23,-0.59,-0.0135,Synthetic demonstration data — not actual University of Sydney results
2025-03-03 00:00:00,20250303,5,2,2.17,0.0977,53.67,46,57.65,55.31,3.98,0.0742,Synthetic demonstration data — not actual University of Sydney results
2025-03-03 00:00:00,20250303,6,2,1.89,0.0248,50.39,18,20.66,20.37,-29.73,-0.59,Synthetic demonstration data — not actual University of Sydney results
2025-03-03 00:00:00,20250303,7,2,2.06,0.1335,48.93,10,12.93,12.48,-36.0,-0.7357,Synthetic demonstration data — not actual University of Sydney results
2025-03-03 00:00:00,20250303,8,3,1.41,0.0756,35.64,4,5.41,5.26,-30.23,-0.8482,Synthetic demonstration data — not actual University of Sydney results
2025-03-03 00:00:00,20250303,9,3,1.64,0.0673,41.82,34,43.83,40.77,2.01,0.0481,Synthetic demonstration data — not actual University of Sydney results
2025-03-03 00:00:00,20250303,10,3,1.53,0.0764,38.67,4,3.11,2.89,-35.56,-0.9196,Synthetic demonstration data — not actual University of Sydney results
2025-03-10 00:00:00,20250310,1,1,1.79,0.1426,37.8,32,43.75,41.47,5.95,0.1574,Synthetic demonstration data — not actual University of Sydney results
2025-03-10 00:00:00,20250310,2,1,1.89,0.0712,43.15,36,44.48,44.34,1.33,0.0309,Synthetic demonstration data — not actual University of Sydney results
2025-03-10 00:00:00,20250310,3,1,2.05,0.0556,47.69,18,19.77,19.63,-27.92,-0.5854,Synthetic demonstration data — not actual University of Sydney results
2025-03-10 00:00:00,20250310,4,1,1.91,0.0691,43.88,32,35.63,36.9,-8.25,-0.188,Synthetic demonstration data — not actual University of Sydney results
2025-03-10 00:00:00,20250310,5,2,1.84,0.0741,46.7,50,53.37,50.52,6.67,0.1428,Synthetic demonstration data — not actual University of Sydney results
2025-03-10 00:00:00,20250310,6,2,1.87,0.0664,47.67,13,14.92,15.58,-32.75,-0.687,Synthetic demonstration data — not actual University of Sydney results
2025-03-10 00:00:00,20250310,7,2,2.0,0.1115,48.71,11,10.6,10.98,-38.11,-0.7824,Synthetic demonstration data — not actual University of Sydney results
2025-03-10 00:00:00,20250310,8,3,1.67,0.1059,40.91,6,6.6,6.87,-34.31,-0.8387,Synthetic demonstration data — not actual University of Sydney results
2025-03-10 00:00:00,20250310,9,3,1.44,0.1244,34.59,40,45.26,48.02,10.67,0.3086,Synthetic demonstration data — not actual University of Sydney results
2025-03-10 00:00:00,20250310,10,3,1.39,0.1183,33.64,5,6.34,6.74,-27.3,-0.8115,Synthetic demonstration data — not actual University of Sydney results
2025-03-17 00:00:00,20250317,1,1,1.94,0.1224,42.0,34,47.01,49.07,5.01,0.1193,Synthetic demonstration data — not actual University of Sydney results
2025-03-17 00:00:00,20250317,2,1,2.07,0.1171,44.9,31,40.9,43.54,-4.0,-0.0891,Synthetic demonstration data — not actual University of Sydney results
2025-03-17 00:00:00,20250317,3,1,1.72,0.0679,39.41,9,11.66,12.42,-27.75,-0.7041,Synthetic demonstration data — not actual University of Sydney results
2025-03-17 00:00:00,20250317,4,1,2.04,0.0728,46.67,27,24.54,25.79,-22.13,-0.4742,Synthetic demonstration data — not actual University of Sydney results
2025-03-17 00:00:00,20250317,5,2,2.0,0.0865,50.0,55,57.98,57.23,7.98,0.1596,Synthetic demonstration data — not actual University of Sydney results
2025-03-17 00:00:00,20250317,6,2,1.99,0.0717,50.65,7,9.18,9.57,-41.47,-0.8188,Synthetic demonstration data — not actual University of Sydney results
2025-03-17 00:00:00,20250317,7,2,1.94,0.1059,47.34,10,13.72,14.69,-33.62,-0.7102,Synthetic demonstration data — not actual University of Sydney results
2025-03-17 00:00:00,20250317,8,3,1.4,0.1035,34.4,6,8.79,8.79,-25.61,-0.7445,Synthetic demonstration data — not actual University of Sydney results
2025-03-17 00:00:00,20250317,9,3,1.65,0.068,42.17,42,58.4,54.25,16.23,0.3848,Synthetic demonstration data — not actual University of Sydney results
2025-03-17 00:00:00,20250317,10,3,1.59,0.0879,39.66,14,20.22,20.68,-19.44,-0.4902,Synthetic demonstration data — not actual University of Sydney results
2025-03-24 00:00:00,20250324,1,1,2.06,0.0851,46.32,33,45.22,42.27,-1.1,-0.0237,Synthetic demonstration data — not actual University of Sydney results
2025-03-24 00:00:00,20250324,2,1,1.76,0.1083,38.71,41,57.49,53.25,18.78,0.4853,Synthetic demonstration data — not actual University of Sydney results
2025-03-24 00:00:00,20250324,3,1,1.77,0.114,38.57,18,20.47,19.27,-18.1,-0.4693,Synthetic demonstration data — not actual University of Sydney results
2025-03-24 00:00:00,20250324,4,1,1.79,0.1088,39.23,28,29.77,30.38,-9.46,-0.2411,Synthetic demonstration data — not actual University of Sydney results
2025-03-24 00:00:00,20250324,5,2,1.82,0.1022,44.75,50,57.46,57.87,12.71,0.2839,Synthetic demonstration data — not actual University of Sydney results
2025-03-24 00:00:00,20250324,6,2,2.13,0.118,51.35,12,15.16,15.16,-36.19,-0.7048,Synthetic demonstration data — not actual University of Sydney results
2025-03-24 00:00:00,20250324,7,2,1.98,0.1102,48.23,15,20.96,19.57,-27.27,-0.5654,Synthetic demonstration data — not actual University of Sydney results
2025-03-24 00:00:00,20250324,8,3,1.61,0.0319,42.66,9,10.52,10.08,-32.14,-0.7534,Synthetic demonstration data — not actual University of Sydney results
2025-03-24 00:00:00,20250324,9,3,1.43,0.0793,36.1,31,33.79,33.96,-2.31,-0.064,Synthetic demonstration data — not actual University of Sydney results
2025-03-24 00:00:00,20250324,10,3,1.46,0.1265,34.79,8,10.49,9.58,-24.3,-0.6985,Synthetic demonstration data — not actual University of Sydney results
2025-03-31 00:00:00,20250331,1,1,1.99,0.1128,43.45,12,16.25,15.48,-27.2,-0.626,Synthetic demonstration data — not actual University of Sydney results
2025-03-31 00:00:00,20250331,2,1,1.84,0.1085,40.32,18,22.39,20.46,-17.93,-0.4447,Synthetic demonstration data — not actual University of Sydney results
2025-03-31 00:00:00,20250331,3,1,1.93,0.0735,43.95,14,13.83,13.25,-30.12,-0.6853,Synthetic demonstration data — not actual University of Sydney results
2025-03-31 00:00:00,20250331,4,1,1.96,0.0763,44.48,28,31.1,29.41,-13.38,-0.3009,Synthetic demonstration data — not actual University of Sydney results
2025-03-31 00:00:00,20250331,5,2,2.19,0.09,54.64,35,45.65,43.11,-8.99,-0.1646,Synthetic demonstration data — not actual University of Sydney results
2025-03-31 00:00:00,20250331,6,2,2.01,0.0813,50.54,15,17.04,17.89,-33.5,-0.6628,Synthetic demonstration data — not actual University of Sydney results
2025-03-31 00:00:00,20250331,7,2,2.16,0.0745,54.77,9,11.09,10.43,-43.68,-0.7975,Synthetic demonstration data — not actual University of Sydney results
2025-03-31 00:00:00,20250331,8,3,1.65,0.0774,41.58,3,5.45,5.74,-36.13,-0.8689,Synthetic demonstration data — not actual University of Sydney results
2025-03-31 00:00:00,20250331,9,3,1.56,0.1322,37.07,20,23.91,23.56,-13.16,-0.3549,Synthetic demonstration data — not actual University of Sydney results
2025-03-31 00:00:00,20250331,10,3,1.62,0.0799,40.66,2,2.28,2.13,-38.38,-0.9439,Synthetic demonstration data — not actual University of Sydney results
2025-04-07 00:00:00,20250407,1,1,1.72,0.0792,43.43,12,16.71,17.3,-26.72,-0.6153,Synthetic demonstration data — not actual University of Sydney results
2025-04-07 00:00:00,20250407,2,1,1.74,0.0392,45.85,20,29.31,26.8,-16.54,-0.3608,Synthetic demonstration data — not actual University of Sydney results
2025-04-07 00:00:00,20250407,3,1,1.89,0.074,47.91,14,15.34,14.3,-32.57,-0.6798,Synthetic demonstration data — not actual University of Sydney results
2025-04-07 00:00:00,20250407,4,1,1.9,0.0503,49.38,26,34.69,35.56,-14.69,-0.2974,Synthetic demonstration data — not actual University of Sydney results
2025-04-07 00:00:00,20250407,5,2,2.19,0.0147,59.16,32,40.12,38.85,-19.04,-0.3218,Synthetic demonstration data — not actual University of Sydney results
2025-04-07 00:00:00,20250407,6,2,2.02,0.0308,53.68,6,5.69,5.67,-47.99,-0.894,Synthetic demonstration data — not actual University of Sydney results
2025-04-07 00:00:00,20250407,7,2,2.22,0.0616,57.04,6,8.09,7.66,-48.95,-0.8582,Synthetic demonstration data — not actual University of Sydney results
2025-04-07 00:00:00,20250407,8,3,1.41,0.0645,35.97,6,5.64,5.7,-30.33,-0.8432,Synthetic demonstration data — not actual University of Sydney results
2025-04-07 00:00:00,20250407,9,3,1.57,0.0691,40.03,26,31.9,33.39,-8.13,-0.2031,Synthetic demonstration data — not actual University of Sydney results
2025-04-07 00:00:00,20250407,10,3,1.62,0.0454,42.32,4,7.0,6.51,-35.32,-0.8346,Synthetic demonstration data — not actual University of Sydney results
2025-04-14 00:00:00,20250414,1,1,2.08,0.062,53.27,14,17.57,16.98,-35.7,-0.6702,Synthetic demonstration data — not actual University of Sydney results
2025-04-14 00:00:00,20250414,2,1,2.03,0.038,53.47,17,16.92,17.28,-36.55,-0.6836,Synthetic demonstration data — not actual University of Sydney results
2025-04-14 00:00:00,20250414,3,1,2.08,0.0696,52.94,11,10.33,10.07,-42.61,-0.8049,Synthetic demonstration data — not actual University of Sydney results
2025-04-14 00:00:00,20250414,4,1,1.73,0.0678,44.12,36,39.1,38.82,-5.02,-0.1138,Synthetic demonstration data — not actual University of Sydney results
2025-04-14 00:00:00,20250414,5,2,2.14,0.0427,56.08,22,27.06,25.5,-29.02,-0.5175,Synthetic demonstration data — not actual University of Sydney results
2025-04-14 00:00:00,20250414,6,2,1.88,0.0369,49.67,8,9.26,8.43,-40.41,-0.8136,Synthetic demonstration data — not actual University of Sydney results
2025-04-14 00:00:00,20250414,7,2,1.98,0.0833,49.71,8,8.76,9.31,-40.95,-0.8238,Synthetic demonstration data — not actual University of Sydney results
2025-04-14 00:00:00,20250414,8,3,1.46,0.0537,37.88,3,2.23,2.16,-35.65,-0.9411,Synthetic demonstration data — not actual University of Sydney results
2025-04-14 00:00:00,20250414,9,3,1.59,0.0633,40.75,13,14.11,13.63,-26.64,-0.6538,Synthetic demonstration data — not actual University of Sydney results
2025-04-14 00:00:00,20250414,10,3,1.42,0.05,36.91,2,1.75,1.79,-35.16,-0.9526,Synthetic demonstration data — not actual University of Sydney results
2025-04-21 00:00:00,20250421,1,1,1.96,0.0623,50.4,17,24.63,24.8,-25.77,-0.5113,Synthetic demonstration data — not actual University of Sydney results
2025-04-21 00:00:00,20250421,2,1,1.94,0.0689,49.39,17,20.87,21.79,-28.52,-0.5775,Synthetic demonstration data — not actual University of Sydney results
2025-04-21 00:00:00,20250421,3,1,1.96,0.0538,50.73,18,19.63,19.47,-31.1,-0.6131,Synthetic demonstration data — not actual University of Sydney results
2025-04-21 00:00:00,20250421,4,1,2.05,0.0562,52.91,19,17.52,16.73,-35.39,-0.6689,Synthetic demonstration data — not actual University of Sydney results
2025-04-21 00:00:00,20250421,5,2,2.08,0.0728,52.64,37,39.43,40.93,-13.21,-0.251,Synthetic demonstration data — not actual University of Sydney results
2025-04-21 00:00:00,20250421,6,2,1.87,0.0967,46.22,13,13.02,12.07,-33.2,-0.7183,Synthetic demonstration data — not actual University of Sydney results
2025-04-21 00:00:00,20250421,7,2,1.83,0.0717,46.37,9,9.34,9.03,-37.03,-0.7986,Synthetic demonstration data — not actual University of Sydney results
2025-04-21 00:00:00,20250421,8,3,1.38,0.0281,36.74,6,7.64,6.99,-29.1,-0.792,Synthetic demonstration data — not actual University of Sydney results
2025-04-21 00:00:00,20250421,9,3,1.49,0.1,36.68,21,23.07,23.0,-13.61,-0.3711,Synthetic demonstration data — not actual University of Sydney results
2025-04-21 00:00:00,20250421,10,3,1.68,0.0792,42.2,2,2.35,2.36,-39.85,-0.9443,Synthetic demonstration data — not actual University of Sydney results
2025-04-28 00:00:00,20250428,1,1,1.88,0.1093,45.82,12,19.38,20.66,-26.44,-0.5771,Synthetic demonstration data — not actual University of Sydney results
2025-04-28 00:00:00,20250428,2,1,1.78,0.0227,47.7,11,12.41,11.39,-35.29,-0.7398,Synthetic demonstration data — not actual University of Sydney results
2025-04-28 00:00:00,20250428,3,1,1.69,0.0879,42.12,16,19.79,19.09,-22.33,-0.5301,Synthetic demonstration data — not actual University of Sydney results
2025-04-28 00:00:00,20250428,4,1,2.04,0.052,53.04,32,38.67,41.39,-14.37,-0.2709,Synthetic demonstration data — not actual University of Sydney results
2025-04-28 00:00:00,20250428,5,2,2.1,0.0622,53.94,34,38.24,38.16,-15.7,-0.291,Synthetic demonstration data — not actual University of Sydney results
2025-04-28 00:00:00,20250428,6,2,2.11,0.1021,51.88,7,10.13,9.96,-41.75,-0.8047,Synthetic demonstration data — not actual University of Sydney results
2025-04-28 00:00:00,20250428,7,2,1.88,0.0845,47.06,6,8.42,8.12,-38.64,-0.8211,Synthetic demonstration data — not actual University of Sydney results
2025-04-28 00:00:00,20250428,8,3,1.56,0.0941,38.78,2,2.53,2.57,-36.25,-0.9348,Synthetic demonstration data — not actual University of Sydney results
2025-04-28 00:00:00,20250428,9,3,1.48,0.0777,37.27,22,26.74,28.16,-10.53,-0.2826,Synthetic demonstration data — not actual University of Sydney results
2025-04-28 00:00:00,20250428,10,3,1.53,0.06,39.42,2,1.63,1.56,-37.79,-0.9587,Synthetic demonstration data — not actual University of Sydney results
2025-05-05 00:00:00,20250505,1,1,1.72,0.0542,44.64,18,25.62,23.82,-19.02,-0.4261,Synthetic demonstration data — not actual University of Sydney results
2025-05-05 00:00:00,20250505,2,1,1.89,0.0651,48.36,16,25.56,27.25,-22.8,-0.4714,Synthetic demonstration data — not actual University of Sydney results
2025-05-05 00:00:00,20250505,3,1,1.9,0.0515,49.26,16,19.14,20.26,-30.12,-0.6115,Synthetic demonstration data — not actual University of Sydney results
2025-05-05 00:00:00,20250505,4,1,1.9,0.0494,49.51,24,28.92,30.37,-20.59,-0.4158,Synthetic demonstration data — not actual University of Sydney results
2025-05-05 00:00:00,20250505,5,2,1.87,0.0554,48.34,34,37.88,36.98,-10.46,-0.2164,Synthetic demonstration data — not actual University of Sydney results
2025-05-05 00:00:00,20250505,6,2,2.23,0.0199,59.75,6,8.18,8.07,-51.57,-0.8631,Synthetic demonstration data — not actual University of Sydney results
2025-05-05 00:00:00,20250505,7,2,2.0,0.0363,52.71,6,6.48,5.93,-46.23,-0.8771,Synthetic demonstration data — not actual University of Sydney results
2025-05-05 00:00:00,20250505,8,3,1.47,0.0502,38.28,1,0.6,0.62,-37.68,-0.9843,Synthetic demonstration data — not actual University of Sydney results
2025-05-05 00:00:00,20250505,9,3,1.41,0.0235,37.7,19,22.57,23.16,-15.13,-0.4013,Synthetic demonstration data — not actual University of Sydney results
2025-05-05 00:00:00,20250505,10,3,1.67,0.0392,43.89,4,6.48,6.69,-37.41,-0.8524,Synthetic demonstration data — not actual University of Sydney results
2025-05-12 00:00:00,20250512,1,1,1.77,0.0488,46.01,9,12.06,12.15,-33.95,-0.7379,Synthetic demonstration data — not actual University of Sydney results
2025-05-12 00:00:00,20250512,2,1,1.7,0.0655,43.4,15,20.58,21.93,-22.82,-0.5258,Synthetic demonstration data — not actual University of Sydney results
2025-05-12 00:00:00,20250512,3,1,1.98,0.0609,50.84,19,19.48,18.76,-31.36,-0.6169,Synthetic demonstration data — not actual University of Sydney results
2025-05-12 00:00:00,20250512,4,1,1.95,0.0586,50.23,20,25.14,23.16,-25.09,-0.4995,Synthetic demonstration data — not actual University of Sydney results
2025-05-12 00:00:00,20250512,5,2,1.86,0.1013,45.64,41,44.75,47.91,-0.89,-0.0195,Synthetic demonstration data — not actual University of Sydney results
2025-05-12 00:00:00,20250512,6,2,2.1,0.0997,51.67,6,7.56,7.9,-44.11,-0.8537,Synthetic demonstration data — not actual University of Sydney results
2025-05-12 00:00:00,20250512,7,2,1.89,0.0578,48.73,6,8.36,8.16,-40.37,-0.8284,Synthetic demonstration data — not actual University of Sydney results
2025-05-12 00:00:00,20250512,8,3,1.36,0.084,34.12,3,3.22,3.21,-30.9,-0.9056,Synthetic demonstration data — not actual University of Sydney results
2025-05-12 00:00:00,20250512,9,3,1.57,0.0905,39.14,23,26.45,24.77,-12.69,-0.3242,Synthetic demonstration data — not actual University of Sydney results
2025-05-12 00:00:00,20250512,10,3,1.6,0.0834,40.14,6,5.83,6.17,-34.31,-0.8548,Synthetic demonstration data — not actual University of Sydney results
2025-05-19 00:00:00,20250519,1,1,1.73,0.0219,46.43,20,28.5,26.35,-17.93,-0.3862,Synthetic demonstration data — not actual University of Sydney results
2025-05-19 00:00:00,20250519,2,1,1.98,0.0383,52.06,12,16.53,17.85,-35.53,-0.6825,Synthetic demonstration data — not actual University of Sydney results
2025-05-19 00:00:00,20250519,3,1,2.03,0.0411,53.18,20,21.64,19.79,-31.54,-0.5931,Synthetic demonstration data — not actual University of Sydney results
2025-05-19 00:00:00,20250519,4,1,1.75,0.0615,44.86,26,33.88,35.45,-10.98,-0.2448,Synthetic demonstration data — not actual University of Sydney results
2025-05-19 00:00:00,20250519,5,2,1.93,0.0212,51.58,23,24.57,26.21,-27.01,-0.5236,Synthetic demonstration data — not actual University of Sydney results
2025-05-19 00:00:00,20250519,6,2,2.01,0.0963,49.68,5,5.72,5.72,-43.96,-0.8849,Synthetic demonstration data — not actual University of Sydney results
2025-05-19 00:00:00,20250519,7,2,2.11,0.0692,53.64,9,11.38,11.12,-42.26,-0.7879,Synthetic demonstration data — not actual University of Sydney results
2025-05-19 00:00:00,20250519,8,3,1.61,0.0589,41.58,1,0.55,0.58,-41.03,-0.9868,Synthetic demonstration data — not actual University of Sydney results
2025-05-19 00:00:00,20250519,9,3,1.64,0.0876,41.05,16,17.66,18.11,-23.39,-0.5698,Synthetic demonstration data — not actual University of Sydney results
2025-05-19 00:00:00,20250519,10,3,1.65,0.0968,40.82,4,4.09,4.14,-36.73,-0.8998,Synthetic demonstration data — not actual University of Sydney results
2025-05-26 00:00:00,20250526,1,1,1.7,0.0221,45.38,15,19.65,19.17,-25.73,-0.567,Synthetic demonstration data — not actual University of Sydney results
2025-05-26 00:00:00,20250526,2,1,1.9,0.1018,46.62,9,10.24,10.58,-36.38,-0.7804,Synthetic demonstration data — not actual University of Sydney results
2025-05-26 00:00:00,20250526,3,1,2.0,0.0592,51.52,28,34.59,36.63,-16.93,-0.3286,Synthetic demonstration data — not actual University of Sydney results
2025-05-26 00:00:00,20250526,4,1,1.7,0.0477,44.31,30,32.85,34.12,-11.46,-0.2587,Synthetic demonstration data — not actual University of Sydney results
2025-05-26 00:00:00,20250526,5,2,1.92,0.0589,49.45,31,35.5,35.38,-13.95,-0.2822,Synthetic demonstration data — not actual University of Sydney results
2025-05-26 00:00:00,20250526,6,2,2.06,0.0358,54.44,5,5.63,5.32,-48.81,-0.8966,Synthetic demonstration data — not actual University of Sydney results
2025-05-26 00:00:00,20250526,7,2,1.92,0.01,51.9,5,6.74,6.45,-45.16,-0.8701,Synthetic demonstration data — not actual University of Sydney results
2025-05-26 00:00:00,20250526,8,3,1.53,0.0512,39.63,1,0.79,0.79,-38.84,-0.9801,Synthetic demonstration data — not actual University of Sydney results
2025-05-26 00:00:00,20250526,9,3,1.63,0.0589,41.95,33,40.8,37.28,-1.15,-0.0275,Synthetic demonstration data — not actual University of Sydney results
2025-05-26 00:00:00,20250526,10,3,1.68,0.0506,43.57,1,0.57,0.55,-43.0,-0.9869,Synthetic demonstration data — not actual University of Sydney results
2025-06-02 00:00:00,20250602,1,1,1.97,0.0734,50.04,11,14.27,13.64,-35.77,-0.7148,Synthetic demonstration data — not actual University of Sydney results
2025-06-02 00:00:00,20250602,2,1,1.99,0.0237,53.2,15,24.32,22.72,-28.88,-0.5429,Synthetic demonstration data — not actual University of Sydney results
2025-06-02 00:00:00,20250602,3,1,2.07,0.01,56.14,10,10.17,10.77,-45.97,-0.8189,Synthetic demonstration data — not actual University of Sydney results
2025-06-02 00:00:00,20250602,4,1,1.75,0.0399,45.85,33,42.07,41.23,-3.78,-0.0825,Synthetic demonstration data — not actual University of Sydney results
2025-06-02 00:00:00,20250602,5,2,2.22,0.0453,58.05,34,39.28,37.02,-18.77,-0.3233,Synthetic demonstration data — not actual University of Sydney results
2025-06-02 00:00:00,20250602,6,2,1.94,0.0797,48.86,8,11.15,10.65,-37.71,-0.7718,Synthetic demonstration data — not actual University of Sydney results
2025-06-02 00:00:00,20250602,7,2,2.03,0.0351,53.51,8,7.75,7.62,-45.76,-0.8552,Synthetic demonstration data — not actual University of Sydney results
2025-06-02 00:00:00,20250602,8,3,1.51,0.0636,38.62,3,2.8,2.78,-35.82,-0.9275,Synthetic demonstration data — not actual University of Sydney results
2025-06-02 00:00:00,20250602,9,3,1.6,0.051,41.56,24,31.11,28.78,-10.45,-0.2515,Synthetic demonstration data — not actual University of Sydney results
2025-06-02 00:00:00,20250602,10,3,1.49,0.0387,39.3,5,5.26,4.93,-34.04,-0.8662,Synthetic demonstration data — not actual University of Sydney results
2025-06-09 00:00:00,20250609,1,1,1.87,0.0682,47.73,15,18.45,19.87,-29.28,-0.6135,Synthetic demonstration data — not actual University of Sydney results
2025-06-09 00:00:00,20250609,2,1,1.87,0.01,50.73,15,20.0,19.46,-30.73,-0.6058,Synthetic demonstration data — not actual University of Sydney results
2025-06-09 00:00:00,20250609,3,1,1.71,0.074,43.24,10,11.64,11.98,-31.6,-0.7308,Synthetic demonstration data — not actual University of Sydney results
2025-06-09 00:00:00,20250609,4,1,2.05,0.049,53.46,30,33.99,36.09,-19.47,-0.3642,Synthetic demonstration data — not actual University of Sydney results
2025-06-09 00:00:00,20250609,5,2,2.05,0.1094,49.97,35,38.95,41.95,-11.02,-0.2205,Synthetic demonstration data — not actual University of Sydney results
2025-06-09 00:00:00,20250609,6,2,2.06,0.0889,51.29,7,9.46,9.29,-41.83,-0.8156,Synthetic demonstration data — not actual University of Sydney results
2025-06-09 00:00:00,20250609,7,2,2.1,0.045,54.97,5,5.87,6.18,-49.1,-0.8932,Synthetic demonstration data — not actual University of Sydney results
2025-06-09 00:00:00,20250609,8,3,1.39,0.058,35.71,6,5.73,5.36,-29.98,-0.8395,Synthetic demonstration data — not actual University of Sydney results
2025-06-09 00:00:00,20250609,9,3,1.48,0.1103,36.08,26,26.15,25.46,-9.93,-0.2752,Synthetic demonstration data — not actual University of Sydney results
2025-06-09 00:00:00,20250609,10,3,1.62,0.0652,41.4,3,2.44,2.56,-38.96,-0.9411,Synthetic demonstration data — not actual University of Sydney results
2025-06-16 00:00:00,20250616,1,1,1.95,0.0322,51.71,14,20.6,19.6,-31.11,-0.6016,Synthetic demonstration data — not actual University of Sydney results
2025-06-16 00:00:00,20250616,2,1,1.93,0.0575,49.8,9,12.24,12.76,-37.56,-0.7542,Synthetic demonstration data — not actual University of Sydney results
2025-06-16 00:00:00,20250616,3,1,2.04,0.1172,49.38,19,24.1,25.11,-25.28,-0.5119,Synthetic demonstration data — not actual University of Sydney results
2025-06-16 00:00:00,20250616,4,1,2.0,0.0855,50.14,35,42.32,43.56,-7.82,-0.1559,Synthetic demonstration data — not actual University of Sydney results
2025-06-16 00:00:00,20250616,5,2,1.97,0.1148,47.81,31,33.17,35.03,-14.64,-0.3062,Synthetic demonstration data — not actual University of Sydney results
2025-06-16 00:00:00,20250616,6,2,2.06,0.0462,53.64,5,3.62,3.68,-50.02,-0.9325,Synthetic demonstration data — not actual University of Sydney results
2025-06-16 00:00:00,20250616,7,2,2.07,0.0488,53.79,7,8.27,7.8,-45.52,-0.8463,Synthetic demonstration data — not actual University of Sydney results
2025-06-16 00:00:00,20250616,8,3,1.63,0.0426,42.61,3,3.41,3.3,-39.2,-0.92,Synthetic demonstration data — not actual University of Sydney results
2025-06-16 00:00:00,20250616,9,3,1.42,0.0773,35.87,19,22.82,23.78,-13.05,-0.3637,Synthetic demonstration data — not actual University of Sydney results
2025-06-16 00:00:00,20250616,10,3,1.66,0.0412,43.46,6,6.63,7.02,-36.83,-0.8474,Synthetic demonstration data — not actual University of Sydney results
2025-06-23 00:00:00,20250623,1,1,1.96,0.0481,51.09,17,19.88,21.27,-31.21,-0.6109,Synthetic demonstration data — not actual University of Sydney results
2025-06-23 00:00:00,20250623,2,1,1.76,0.0466,46.0,19,24.03,23.32,-21.97,-0.4777,Synthetic demonstration data — not actual University of Sydney results
2025-06-23 00:00:00,20250623,3,1,1.87,0.01,50.61,10,15.75,15.24,-34.86,-0.6888,Synthetic demonstration data — not actual University of Sydney results
2025-06-23 00:00:00,20250623,4,1,1.7,0.0632,43.57,26,27.84,28.5,-15.73,-0.3611,Synthetic demonstration data — not actual University of Sydney results
2025-06-23 00:00:00,20250623,5,2,1.93,0.0734,49.0,30,32.38,32.15,-16.62,-0.3391,Synthetic demonstration data — not actual University of Sydney results
2025-06-23 00:00:00,20250623,6,2,2.01,0.0267,53.6,4,3.51,3.64,-50.09,-0.9345,Synthetic demonstration data — not actual University of Sydney results
2025-06-23 00:00:00,20250623,7,2,2.09,0.0447,54.54,7,8.81,8.16,-45.73,-0.8385,Synthetic demonstration data — not actual University of Sydney results
2025-06-23 00:00:00,20250623,8,3,1.56,0.0405,40.9,3,3.0,3.03,-37.9,-0.9267,Synthetic demonstration data — not actual University of Sydney results
2025-06-23 00:00:00,20250623,9,3,1.38,0.0881,34.32,28,33.64,31.39,-0.68,-0.0199,Synthetic demonstration data — not actual University of Sydney results
2025-06-23 00:00:00,20250623,10,3,1.35,0.0554,34.91,6,5.88,5.59,-29.03,-0.8316,Synthetic demonstration data — not actual University of Sydney results
2025-06-30 00:00:00,20250630,1,1,1.82,0.0361,48.02,27,38.97,35.74,-9.05,-0.1885,Synthetic demonstration data — not actual University of Sydney results
2025-06-30 00:00:00,20250630,2,1,2.1,0.0592,54.04,45,63.09,63.87,9.05,0.1675,Synthetic demonstration data — not actual University of Sydney results
2025-06-30 00:00:00,20250630,3,1,1.73,0.0828,43.32,22,24.23,22.81,-19.09,-0.4407,Synthetic demonstration data — not actual University of Sydney results
2025-06-30 00:00:00,20250630,4,1,1.81,0.1219,43.54,30,34.09,36.3,-9.45,-0.2171,Synthetic demonstration data — not actual University of Sydney results
2025-06-30 00:00:00,20250630,5,2,1.83,0.0683,46.53,45,49.98,46.57,3.45,0.0742,Synthetic demonstration data — not actual University of Sydney results
2025-06-30 00:00:00,20250630,6,2,2.14,0.0484,55.76,10,11.2,10.32,-44.56,-0.7991,Synthetic demonstration data — not actual University of Sydney results
2025-06-30 00:00:00,20250630,7,2,2.2,0.0667,56.14,9,10.85,10.22,-45.29,-0.8067,Synthetic demonstration data — not actual University of Sydney results
2025-06-30 00:00:00,20250630,8,3,1.62,0.0218,43.43,9,10.87,10.84,-32.56,-0.7497,Synthetic demonstration data — not actual University of Sydney results
2025-06-30 00:00:00,20250630,9,3,1.41,0.0712,35.82,46,56.09,53.04,20.27,0.5658,Synthetic demonstration data — not actual University of Sydney results
2025-06-30 00:00:00,20250630,10,3,1.64,0.0921,40.81,4,5.06,4.89,-35.75,-0.876,Synthetic demonstration data — not actual University of Sydney results
2025-07-07 00:00:00,20250707,1,1,1.77,0.0955,39.45,35,45.07,45.89,5.62,0.1425,Synthetic demonstration data — not actual University of Sydney results
2025-07-07 00:00:00,20250707,2,1,1.73,0.098,38.43,42,53.84,50.6,15.41,0.4009,Synthetic demonstration data — not actual University of Sydney results
2025-07-07 00:00:00,20250707,3,1,2.1,0.0648,48.28,13,14.34,15.24,-33.94,-0.703,Synthetic demonstration data — not actual University of Sydney results
2025-07-07 00:00:00,20250707,4,1,2.05,0.123,44.23,28,27.93,25.92,-16.3,-0.3686,Synthetic demonstration data — not actual University of Sydney results
2025-07-07 00:00:00,20250707,5,2,1.95,0.1132,47.29,69,74.52,71.37,27.23,0.5758,Synthetic demonstration data — not actual University of Sydney results
2025-07-07 00:00:00,20250707,6,2,2.12,0.1248,50.82,6,7.44,7.66,-43.38,-0.8536,Synthetic demonstration data — not actual University of Sydney results
2025-07-07 00:00:00,20250707,7,2,2.11,0.1126,51.34,9,10.4,10.26,-40.94,-0.7974,Synthetic demonstration data — not actual University of Sydney results
2025-07-07 00:00:00,20250707,8,3,1.4,0.0714,35.56,9,8.41,8.57,-27.15,-0.7635,Synthetic demonstration data — not actual University of Sydney results
2025-07-07 00:00:00,20250707,9,3,1.46,0.0856,36.49,39,49.24,49.37,12.75,0.3496,Synthetic demonstration data — not actual University of Sydney results
2025-07-07 00:00:00,20250707,10,3,1.45,0.1073,35.38,3,4.13,3.84,-31.25,-0.8833,Synthetic demonstration data — not actual University of Sydney results
2025-07-14 00:00:00,20250714,1,1,1.75,0.0414,41.39,25,33.11,30.83,-8.28,-0.2,Synthetic demonstration data — not actual University of Sydney results
2025-07-14 00:00:00,20250714,2,1,1.91,0.1186,41.51,33,47.45,48.68,5.94,0.1431,Synthetic demonstration data — not actual University of Sydney results
2025-07-14 00:00:00,20250714,3,1,1.73,0.1076,37.91,23,26.87,28.34,-11.04,-0.2913,Synthetic demonstration data — not actual University of Sydney results
2025-07-14 00:00:00,20250714,4,1,2.01,0.0932,44.9,28,31.75,31.6,-13.15,-0.2928,Synthetic demonstration data — not actual University of Sydney results
2025-07-14 00:00:00,20250714,5,2,1.95,0.0529,50.6,55,60.83,55.78,10.23,0.2021,Synthetic demonstration data — not actual University of Sydney results
2025-07-14 00:00:00,20250714,6,2,1.96,0.0787,49.39,13,14.04,13.53,-35.35,-0.7157,Synthetic demonstration data — not actual University of Sydney results
2025-07-14 00:00:00,20250714,7,2,2.11,0.0573,54.38,14,15.18,14.89,-39.2,-0.7209,Synthetic demonstration data — not actual University of Sydney results
2025-07-14 00:00:00,20250714,8,3,1.41,0.0698,35.99,4,4.64,4.7,-31.35,-0.8711,Synthetic demonstration data — not actual University of Sydney results
2025-07-14 00:00:00,20250714,9,3,1.58,0.1035,38.79,24,28.94,29.92,-9.85,-0.2539,Synthetic demonstration data — not actual University of Sydney results
2025-07-14 00:00:00,20250714,10,3,1.52,0.0762,38.48,6,7.24,7.29,-31.24,-0.8118,Synthetic demonstration data — not actual University of Sydney results
2025-07-21 00:00:00,20250721,1,1,1.75,0.1201,37.93,36,50.79,46.28,12.86,0.3392,Synthetic demonstration data — not actual University of Sydney results
2025-07-21 00:00:00,20250721,2,1,1.89,0.0488,44.19,46,61.92,60.5,17.73,0.4013,Synthetic demonstration data — not actual University of Sydney results
2025-07-21 00:00:00,20250721,3,1,1.79,0.0947,39.81,10,12.58,12.37,-27.23,-0.684,Synthetic demonstration data — not actual University of Sydney results
2025-07-21 00:00:00,20250721,4,1,1.7,0.047,39.81,31,32.67,30.92,-7.14,-0.1794,Synthetic demonstration data — not actual University of Sydney results
2025-07-21 00:00:00,20250721,5,2,1.89,0.1056,46.13,48,56.55,56.81,10.42,0.2259,Synthetic demonstration data — not actual University of Sydney results
2025-07-21 00:00:00,20250721,6,2,1.98,0.0971,48.88,18,21.41,21.81,-27.47,-0.5619,Synthetic demonstration data — not actual University of Sydney results
2025-07-21 00:00:00,20250721,7,2,2.02,0.0952,49.98,12,13.52,13.4,-36.46,-0.7295,Synthetic demonstration data — not actual University of Sydney results
2025-07-21 00:00:00,20250721,8,3,1.5,0.0762,37.91,8,11.94,12.57,-25.97,-0.6851,Synthetic demonstration data — not actual University of Sydney results
2025-07-21 00:00:00,20250721,9,3,1.4,0.0805,35.27,43,52.31,52.5,17.04,0.4832,Synthetic demonstration data — not actual University of Sydney results
2025-07-21 00:00:00,20250721,10,3,1.41,0.1084,34.44,4,4.83,5.21,-29.61,-0.8598,Synthetic demonstration data — not actual University of Sydney results
2025-07-28 00:00:00,20250728,1,1,1.72,0.1201,37.29,30,38.75,35.55,1.46,0.0391,Synthetic demonstration data — not actual University of Sydney results
2025-07-28 00:00:00,20250728,2,1,2.09,0.094,46.58,51,70.71,68.81,24.13,0.5182,Synthetic demonstration data — not actual University of Sydney results
2025-07-28 00:00:00,20250728,3,1,2.04,0.102,45.15,17,20.12,18.59,-25.03,-0.5543,Synthetic demonstration data — not actual University of Sydney results
2025-07-28 00:00:00,20250728,4,1,1.71,0.1053,37.61,33,41.36,42.76,3.75,0.0997,Synthetic demonstration data — not actual University of Sydney results
2025-07-28 00:00:00,20250728,5,2,2.04,0.0749,51.7,38,44.21,43.29,-7.49,-0.1449,Synthetic demonstration data — not actual University of Sydney results
2025-07-28 00:00:00,20250728,6,2,2.17,0.084,54.42,12,12.56,12.86,-41.86,-0.7692,Synthetic demonstration data — not actual University of Sydney results
2025-07-28 00:00:00,20250728,7,2,2.11,0.098,52.18,10,10.49,11.3,-41.69,-0.799,Synthetic demonstration data — not actual University of Sydney results
2025-07-28 00:00:00,20250728,8,3,1.46,0.0757,36.85,8,8.45,8.34,-28.4,-0.7707,Synthetic demonstration data — not actual University of Sydney results
2025-07-28 00:00:00,20250728,9,3,1.63,0.1112,39.71,33,40.01,37.62,0.3,0.0075,Synthetic demonstration data — not actual University of Sydney results
2025-07-28 00:00:00,20250728,10,3,1.52,0.0871,37.87,7,8.19,7.7,-29.68,-0.7838,Synthetic demonstration data — not actual University of Sydney results
2025-08-04 00:00:00,20250804,1,1,1.93,0.1166,42.02,27,35.54,35.54,-6.48,-0.1542,Synthetic demonstration data — not actual University of Sydney results
2025-08-04 00:00:00,20250804,2,1,1.82,0.073,41.62,27,37.34,38.94,-4.28,-0.1029,Synthetic demonstration data — not actual University of Sydney results
2025-08-04 00:00:00,20250804,3,1,1.94,0.1011,42.92,11,13.38,13.11,-29.54,-0.6882,Synthetic demonstration data — not actual University of Sydney results
2025-08-04 00:00:00,20250804,4,1,1.91,0.1419,40.31,34,43.77,40.16,3.46,0.0857,Synthetic demonstration data — not actual University of Sydney results
2025-08-04 00:00:00,20250804,5,2,2.01,0.0884,50.15,46,49.61,45.86,-0.54,-0.0107,Synthetic demonstration data — not actual University of Sydney results
2025-08-04 00:00:00,20250804,6,2,1.86,0.0772,47.01,20,24.03,25.4,-22.98,-0.4888,Synthetic demonstration data — not actual University of Sydney results
2025-08-04 00:00:00,20250804,7,2,2.09,0.1461,48.75,8,8.14,7.79,-40.61,-0.833,Synthetic demonstration data — not actual University of Sydney results
2025-08-04 00:00:00,20250804,8,3,1.56,0.0576,40.21,5,7.71,7.24,-32.5,-0.8083,Synthetic demonstration data — not actual University of Sydney results
2025-08-04 00:00:00,20250804,9,3,1.67,0.0976,41.24,32,39.07,41.38,-2.17,-0.0526,Synthetic demonstration data — not actual University of Sydney results
2025-08-04 00:00:00,20250804,10,3,1.54,0.13,36.71,10,9.28,9.73,-27.43,-0.7472,Synthetic demonstration data — not actual University of Sydney results
2025-08-11 00:00:00,20250811,1,1,2.03,0.0661,46.67,30,40.59,38.43,-6.08,-0.1303,Synthetic demonstration data — not actual University of Sydney results
2025-08-11 00:00:00,20250811,2,1,1.97,0.0809,44.65,37,50.07,52.2,5.42,0.1215,Synthetic demonstration data — not actual University of Sydney results
2025-08-11 00:00:00,20250811,3,1,1.84,0.0757,41.88,25,25.53,25.05,-16.35,-0.3904,Synthetic demonstration data — not actual University of Sydney results
2025-08-11 00:00:00,20250811,4,1,1.77,0.075,40.26,28,30.11,31.71,-10.15,-0.2521,Synthetic demonstration data — not actual University of Sydney results
2025-08-11 00:00:00,20250811,5,2,1.84,0.0894,45.92,48,57.13,55.95,11.21,0.2441,Synthetic demonstration data — not actual University of Sydney results
2025-08-11 00:00:00,20250811,6,2,1.98,0.0946,48.99,12,15.86,14.88,-33.13,-0.6763,Synthetic demonstration data — not actual University of Sydney results
2025-08-11 00:00:00,20250811,7,2,1.83,0.0485,47.53,11,11.22,11.18,-36.31,-0.7639,Synthetic demonstration data — not actual University of Sydney results
2025-08-11 00:00:00,20250811,8,3,1.65,0.092,41.03,7,9.0,9.6,-32.03,-0.7806,Synthetic demonstration data — not actual University of Sydney results
2025-08-11 00:00:00,20250811,9,3,1.51,0.0871,37.8,26,28.79,26.21,-9.01,-0.2384,Synthetic demonstration data — not actual University of Sydney results
2025-08-11 00:00:00,20250811,10,3,1.62,0.072,41.17,7,8.81,8.71,-32.36,-0.786,Synthetic demonstration data — not actual University of Sydney results
2025-08-18 00:00:00,20250818,1,1,1.89,0.0757,42.92,30,39.22,40.02,-3.7,-0.0862,Synthetic demonstration data — not actual University of Sydney results
2025-08-18 00:00:00,20250818,2,1,1.96,0.1052,43.29,37,50.04,46.1,6.75,0.156,Synthetic demonstration data — not actual University of Sydney results
2025-08-18 00:00:00,20250818,3,1,1.91,0.0979,42.4,18,22.34,20.55,-20.06,-0.4732,Synthetic demonstration data — not actual University of Sydney results
2025-08-18 00:00:00,20250818,4,1,1.9,0.0592,44.05,26,28.51,26.57,-15.54,-0.3527,Synthetic demonstration data — not actual University of Sydney results
2025-08-18 00:00:00,20250818,5,2,1.8,0.1187,43.5,46,48.58,45.88,5.08,0.1169,Synthetic demonstration data — not actual University of Sydney results
2025-08-18 00:00:00,20250818,6,2,2.15,0.0902,53.46,11,12.97,12.91,-40.49,-0.7574,Synthetic demonstration data — not actual University of Sydney results
2025-08-18 00:00:00,20250818,7,2,1.89,0.0751,47.88,12,13.94,14.18,-33.94,-0.7089,Synthetic demonstration data — not actual University of Sydney results
2025-08-18 00:00:00,20250818,8,3,1.57,0.1049,38.42,6,4.58,4.19,-33.84,-0.8808,Synthetic demonstration data — not actual University of Sydney results
2025-08-18 00:00:00,20250818,9,3,1.53,0.0717,38.82,29,37.89,37.33,-0.93,-0.0239,Synthetic demonstration data — not actual University of Sydney results
2025-08-18 00:00:00,20250818,10,3,1.51,0.0708,38.37,7,6.55,6.77,-31.82,-0.8293,Synthetic demonstration data — not actual University of Sydney results
2025-08-25 00:00:00,20250825,1,1,1.77,0.1009,39.12,29,39.3,41.49,0.18,0.0046,Synthetic demonstration data — not actual University of Sydney results
2025-08-25 00:00:00,20250825,2,1,1.82,0.11,39.91,43,54.53,50.2,14.62,0.3663,Synthetic demonstration data — not actual University of Sydney results
2025-08-25 00:00:00,20250825,3,1,1.75,0.0692,40.03,15,19.01,18.78,-21.02,-0.5251,Synthetic demonstration data — not actual University of Sydney results
2025-08-25 00:00:00,20250825,4,1,1.93,0.0786,43.8,25,28.16,26.52,-15.64,-0.3571,Synthetic demonstration data — not actual University of Sydney results
2025-08-25 00:00:00,20250825,5,2,2.1,0.0586,53.99,55,66.83,69.61,12.84,0.2379,Synthetic demonstration data — not actual University of Sydney results
2025-08-25 00:00:00,20250825,6,2,2.15,0.1229,51.57,10,13.54,13.88,-38.03,-0.7374,Synthetic demonstration data — not actual University of Sydney results
2025-08-25 00:00:00,20250825,7,2,1.91,0.1033,46.83,12,13.62,13.01,-33.21,-0.7092,Synthetic demonstration data — not actual University of Sydney results
2025-08-25 00:00:00,20250825,8,3,1.36,0.1154,33.02,3,4.21,3.88,-28.81,-0.8725,Synthetic demonstration data — not actual University of Sydney results
2025-08-25 00:00:00,20250825,9,3,1.53,0.1264,36.54,31,42.61,46.01,6.07,0.1662,Synthetic demonstration data — not actual University of Sydney results
2025-08-25 00:00:00,20250825,10,3,1.54,0.0828,38.66,2,3.16,3.3,-35.5,-0.9183,Synthetic demonstration data — not actual University of Sydney results
2025-09-01 00:00:00,20250901,1,1,1.75,0.0532,45.22,18,24.58,25.4,-20.64,-0.4565,Synthetic demonstration data — not actual University of Sydney results
2025-09-01 00:00:00,20250901,2,1,1.89,0.0708,48.09,11,15.35,15.93,-32.74,-0.6808,Synthetic demonstration data — not actual University of Sydney results
2025-09-01 00:00:00,20250901,3,1,1.91,0.0341,50.56,15,16.75,15.6,-33.81,-0.6687,Synthetic demonstration data — not actual University of Sydney results
2025-09-01 00:00:00,20250901,4,1,1.72,0.0742,43.64,22,27.16,27.95,-16.48,-0.3777,Synthetic demonstration data — not actual University of Sydney results
2025-09-01 00:00:00,20250901,5,2,1.92,0.0584,49.42,29,30.27,27.7,-19.15,-0.3874,Synthetic demonstration data — not actual University of Sydney results
2025-09-01 00:00:00,20250901,6,2,2.04,0.0661,52.09,9,9.05,8.63,-43.04,-0.8263,Synthetic demonstration data — not actual University of Sydney results
2025-09-01 00:00:00,20250901,7,2,1.83,0.0917,45.55,10,13.55,14.27,-32.0,-0.7025,Synthetic demonstration data — not actual University of Sydney results
2025-09-01 00:00:00,20250901,8,3,1.46,0.0782,36.71,5,5.74,5.63,-30.97,-0.8437,Synthetic demonstration data — not actual University of Sydney results
2025-09-01 00:00:00,20250901,9,3,1.6,0.0353,42.16,29,33.65,31.31,-8.51,-0.2019,Synthetic demonstration data — not actual University of Sydney results
2025-09-01 00:00:00,20250901,10,3,1.59,0.0316,42.14,7,7.44,7.36,-34.7,-0.8234,Synthetic demonstration data — not actual University of Sydney results
2025-09-08 00:00:00,20250908,1,1,1.84,0.0349,48.59,8,11.55,11.94,-37.04,-0.7623,Synthetic demonstration data — not actual University of Sydney results
2025-09-08 00:00:00,20250908,2,1,1.79,0.1178,43.2,10,14.21,12.96,-28.99,-0.6711,Synthetic demonstration data — not actual University of Sydney results
2025-09-08 00:00:00,20250908,3,1,1.75,0.0745,44.24,9,13.08,12.1,-31.16,-0.7043,Synthetic demonstration data — not actual University of Sydney results
2025-09-08 00:00:00,20250908,4,1,1.98,0.0426,51.89,32,34.38,32.5,-17.51,-0.3375,Synthetic demonstration data — not actual University of Sydney results
2025-09-08 00:00:00,20250908,5,2,2.14,0.0517,55.51,26,27.63,27.4,-27.88,-0.5023,Synthetic demonstration data — not actual University of Sydney results
2025-09-08 00:00:00,20250908,6,2,2.13,0.0572,54.84,7,7.65,7.54,-47.19,-0.8605,Synthetic demonstration data — not actual University of Sydney results
2025-09-08 00:00:00,20250908,7,2,2.06,0.092,51.12,6,7.03,6.69,-44.09,-0.8625,Synthetic demonstration data — not actual University of Sydney results
2025-09-08 00:00:00,20250908,8,3,1.4,0.0664,35.78,4,3.94,3.77,-31.84,-0.8899,Synthetic demonstration data — not actual University of Sydney results
2025-09-08 00:00:00,20250908,9,3,1.61,0.0627,41.41,24,29.68,27.48,-11.73,-0.2833,Synthetic demonstration data — not actual University of Sydney results
2025-09-08 00:00:00,20250908,10,3,1.41,0.0258,37.71,6,9.24,8.86,-28.47,-0.755,Synthetic demonstration data — not actual University of Sydney results
2025-09-15 00:00:00,20250915,1,1,1.78,0.0254,47.52,11,18.58,17.36,-28.94,-0.609,Synthetic demonstration data — not actual University of Sydney results
2025-09-15 00:00:00,20250915,2,1,1.95,0.1023,47.81,14,16.69,17.15,-31.12,-0.6509,Synthetic demonstration data — not actual University of Sydney results
2025-09-15 00:00:00,20250915,3,1,2.0,0.0681,50.88,17,19.76,21.2,-31.12,-0.6116,Synthetic demonstration data — not actual University of Sydney results
2025-09-15 00:00:00,20250915,4,1,1.76,0.0619,45.28,21,26.52,28.34,-18.76,-0.4143,Synthetic demonstration data — not actual University of Sydney results
2025-09-15 00:00:00,20250915,5,2,1.91,0.074,48.51,25,28.64,28.74,-19.87,-0.4096,Synthetic demonstration data — not actual University of Sydney results
2025-09-15 00:00:00,20250915,6,2,1.86,0.0434,48.57,7,7.53,7.97,-41.04,-0.845,Synthetic demonstration data — not actual University of Sydney results
2025-09-15 00:00:00,20250915,7,2,1.82,0.1154,44.11,6,8.75,9.21,-35.36,-0.8017,Synthetic demonstration data — not actual University of Sydney results
2025-09-15 00:00:00,20250915,8,3,1.59,0.0468,41.51,7,6.1,6.08,-35.41,-0.853,Synthetic demonstration data — not actual University of Sydney results
2025-09-15 00:00:00,20250915,9,3,1.62,0.0444,42.33,17,21.64,21.27,-20.69,-0.4888,Synthetic demonstration data — not actual University of Sydney results
2025-09-15 00:00:00,20250915,10,3,1.52,0.0577,39.27,2,1.33,1.33,-37.94,-0.9661,Synthetic demonstration data — not actual University of Sydney results
2025-09-22 00:00:00,20250922,1,1,1.83,0.0784,46.03,9,11.92,11.67,-34.11,-0.7411,Synthetic demonstration data — not actual University of Sydney results
2025-09-22 00:00:00,20250922,2,1,2.03,0.0473,52.96,11,12.39,12.97,-40.57,-0.766,Synthetic demonstration data — not actual University of Sydney results
2025-09-22 00:00:00,20250922,3,1,1.71,0.0186,46.0,13,13.86,12.79,-32.14,-0.6987,Synthetic demonstration data — not actual University of Sydney results
2025-09-22 00:00:00,20250922,4,1,2.01,0.0536,52.15,22,29.9,29.32,-22.25,-0.4266,Synthetic demonstration data — not actual University of Sydney results
2025-09-22 00:00:00,20250922,5,2,1.87,0.0476,48.67,41,46.39,45.01,-2.28,-0.0469,Synthetic demonstration data — not actual University of Sydney results
2025-09-22 00:00:00,20250922,6,2,2.17,0.054,56.09,13,15.65,15.37,-40.44,-0.721,Synthetic demonstration data — not actual University of Sydney results
2025-09-22 00:00:00,20250922,7,2,2.04,0.0357,53.9,6,7.85,7.59,-46.05,-0.8544,Synthetic demonstration data — not actual University of Sydney results
2025-09-22 00:00:00,20250922,8,3,1.55,0.0901,38.63,3,2.44,2.31,-36.19,-0.9368,Synthetic demonstration data — not actual University of Sydney results
2025-09-22 00:00:00,20250922,9,3,1.59,0.0655,40.77,29,37.62,40.07,-3.15,-0.0772,Synthetic demonstration data — not actual University of Sydney results
2025-09-22 00:00:00,20250922,10,3,1.42,0.0898,35.44,4,4.18,3.88,-31.26,-0.8821,Synthetic demonstration data — not actual University of Sydney results
2025-09-29 00:00:00,20250929,1,1,1.88,0.0665,48.0,10,14.04,13.41,-33.96,-0.7075,Synthetic demonstration data — not actual University of Sydney results
2025-09-29 00:00:00,20250929,2,1,1.83,0.0696,46.68,18,25.75,25.05,-20.93,-0.4484,Synthetic demonstration data — not actual University of Sydney results
2025-09-29 00:00:00,20250929,3,1,1.84,0.0681,47.03,12,11.89,11.6,-35.14,-0.7472,Synthetic demonstration data — not actual University of Sydney results
2025-09-29 00:00:00,20250929,4,1,1.98,0.0773,50.06,29,33.37,31.78,-16.69,-0.3334,Synthetic demonstration data — not actual University of Sydney results
2025-09-29 00:00:00,20250929,5,2,2.03,0.1026,49.8,28,29.07,26.62,-20.73,-0.4163,Synthetic demonstration data — not actual University of Sydney results
2025-09-29 00:00:00,20250929,6,2,1.8,0.0792,45.46,6,6.17,6.45,-39.29,-0.8643,Synthetic demonstration data — not actual University of Sydney results
2025-09-29 00:00:00,20250929,7,2,2.2,0.0725,55.88,7,7.88,7.44,-48.0,-0.859,Synthetic demonstration data — not actual University of Sydney results
2025-09-29 00:00:00,20250929,8,3,1.52,0.084,38.13,6,7.76,7.51,-30.37,-0.7965,Synthetic demonstration data — not actual University of Sydney results
2025-09-29 00:00:00,20250929,9,3,1.48,0.0841,37.11,24,30.68,30.97,-6.43,-0.1733,Synthetic demonstration data — not actual University of Sydney results
2025-09-29 00:00:00,20250929,10,3,1.65,0.0691,42.07,5,8.49,8.0,-33.58,-0.7982,Synthetic demonstration data — not actual University of Sydney results
2025-10-06 00:00:00,20251006,1,1,1.88,0.0784,47.34,16,24.0,25.85,-23.34,-0.493,Synthetic demonstration data — not actual University of Sydney results
2025-10-06 00:00:00,20251006,2,1,1.89,0.0978,46.56,10,12.0,12.07,-34.56,-0.7423,Synthetic demonstration data — not actual University of Sydney results
2025-10-06 00:00:00,20251006,3,1,1.89,0.1175,45.66,14,14.85,14.72,-30.81,-0.6748,Synthetic demonstration data — not actual University of Sydney results
2025-10-06 00:00:00,20251006,4,1,2.07,0.0466,54.04,26,27.92,28.22,-26.12,-0.4833,Synthetic demonstration data — not actual University of Sydney results
2025-10-06 00:00:00,20251006,5,2,2.02,0.0689,51.42,22,25.02,23.3,-26.4,-0.5134,Synthetic demonstration data — not actual University of Sydney results
2025-10-06 00:00:00,20251006,6,2,1.97,0.1166,47.68,7,5.36,4.92,-42.32,-0.8876,Synthetic demonstration data — not actual University of Sydney results
2025-10-06 00:00:00,20251006,7,2,2.17,0.0387,57.2,7,6.78,6.19,-50.42,-0.8815,Synthetic demonstration data — not actual University of Sydney results
2025-10-06 00:00:00,20251006,8,3,1.66,0.01,45.05,3,4.27,4.36,-40.78,-0.9052,Synthetic demonstration data — not actual University of Sydney results
2025-10-06 00:00:00,20251006,9,3,1.57,0.0639,40.21,20,22.52,20.98,-17.69,-0.44,Synthetic demonstration data — not actual University of Sydney results
2025-10-06 00:00:00,20251006,10,3,1.56,0.0645,39.8,4,7.86,7.32,-31.94,-0.8025,Synthetic demonstration data — not actual University of Sydney results
2025-10-13 00:00:00,20251013,1,1,2.04,0.0733,51.78,14,18.74,17.58,-33.04,-0.6381,Synthetic demonstration data — not actual University of Sydney results
2025-10-13 00:00:00,20251013,2,1,1.91,0.0896,47.51,22,29.02,27.47,-18.49,-0.3892,Synthetic demonstration data — not actual University of Sydney results
2025-10-13 00:00:00,20251013,3,1,2.03,0.0255,54.12,5,5.26,4.83,-48.86,-0.9028,Synthetic demonstration data — not actual University of Sydney results
2025-10-13 00:00:00,20251013,4,1,2.07,0.032,54.93,26,35.02,36.12,-19.91,-0.3624,Synthetic demonstration data — not actual University of Sydney results
2025-10-13 00:00:00,20251013,5,2,2.16,0.0667,55.18,28,30.56,30.93,-24.62,-0.4462,Synthetic demonstration data — not actual University of Sydney results
2025-10-13 00:00:00,20251013,6,2,1.97,0.0717,49.96,13,17.14,16.9,-32.82,-0.6569,Synthetic demonstration data — not actual University of Sydney results
2025-10-13 00:00:00,20251013,7,2,1.85,0.1102,45.04,7,6.67,6.34,-38.37,-0.8519,Synthetic demonstration data — not actual University of Sydney results
2025-10-13 00:00:00,20251013,8,3,1.57,0.0668,40.17,5,3.43,3.64,-36.74,-0.9146,Synthetic demonstration data — not actual University of Sydney results
2025-10-13 00:00:00,20251013,9,3,1.48,0.0376,38.99,24,27.09,26.72,-11.9,-0.3053,Synthetic demonstration data — not actual University of Sydney results
2025-10-13 00:00:00,20251013,10,3,1.58,0.0348,41.74,3,3.4,3.31,-38.34,-0.9185,Synthetic demonstration data — not actual University of Sydney results
2025-10-20 00:00:00,20251020,1,1,1.71,0.1264,40.94,7,8.62,9.15,-32.32,-0.7894,Synthetic demonstration data — not actual University of Sydney results
2025-10-20 00:00:00,20251020,2,1,2.04,0.0704,51.88,23,30.87,30.75,-21.01,-0.4049,Synthetic demonstration data — not actual University of Sydney results
2025-10-20 00:00:00,20251020,3,1,1.71,0.0502,44.33,13,15.55,15.9,-28.78,-0.6492,Synthetic demonstration data — not actual University of Sydney results
2025-10-20 00:00:00,20251020,4,1,1.78,0.0752,45.0,26,31.99,31.59,-13.01,-0.2891,Synthetic demonstration data — not actual University of Sydney results
2025-10-20 00:00:00,20251020,5,2,1.96,0.0696,49.89,38,44.37,40.56,-5.52,-0.1106,Synthetic demonstration data — not actual University of Sydney results
2025-10-20 00:00:00,20251020,6,2,1.81,0.0326,47.81,6,5.89,6.13,-41.92,-0.8768,Synthetic demonstration data — not actual University of Sydney results
2025-10-20 00:00:00,20251020,7,2,2.0,0.0588,51.58,5,4.06,3.71,-47.52,-0.9213,Synthetic demonstration data — not actual University of Sydney results
2025-10-20 00:00:00,20251020,8,3,1.36,0.0689,34.72,4,4.34,4.01,-30.38,-0.875,Synthetic demonstration data — not actual University of Sydney results
2025-10-20 00:00:00,20251020,9,3,1.43,0.0447,37.49,14,13.42,13.3,-24.07,-0.6421,Synthetic demonstration data — not actual University of Sydney results
2025-10-20 00:00:00,20251020,10,3,1.66,0.0761,41.86,3,4.61,4.43,-37.25,-0.8899,Synthetic demonstration data — not actual University of Sydney results
2025-10-27 00:00:00,20251027,1,1,1.83,0.0497,47.64,11,15.57,16.77,-32.07,-0.6731,Synthetic demonstration data — not actual University of Sydney results
2025-10-27 00:00:00,20251027,2,1,1.7,0.0615,43.59,13,15.74,15.72,-27.85,-0.6389,Synthetic demonstration data — not actual University of Sydney results
2025-10-27 00:00:00,20251027,3,1,2.02,0.0559,52.15,16,16.68,17.01,-35.47,-0.6802,Synthetic demonstration data — not actual University of Sydney results
2025-10-27 00:00:00,20251027,4,1,2.04,0.01,55.34,19,19.14,19.12,-36.2,-0.6541,Synthetic demonstration data — not actual University of Sydney results
2025-10-27 00:00:00,20251027,5,2,2.23,0.0694,56.82,42,46.86,44.18,-9.96,-0.1753,Synthetic demonstration data — not actual University of Sydney results
2025-10-27 00:00:00,20251027,6,2,2.16,0.0448,56.58,4,4.19,4.47,-52.39,-0.9259,Synthetic demonstration data — not actual University of Sydney results
2025-10-27 00:00:00,20251027,7,2,2.07,0.0412,54.41,8,8.32,8.13,-46.09,-0.8471,Synthetic demonstration data — not actual University of Sydney results
2025-10-27 00:00:00,20251027,8,3,1.43,0.0895,35.54,5,5.23,5.03,-30.31,-0.8529,Synthetic demonstration data — not actual University of Sydney results
2025-10-27 00:00:00,20251027,9,3,1.39,0.0373,36.55,19,24.74,26.36,-11.81,-0.3231,Synthetic demonstration data — not actual University of Sydney results
2025-10-27 00:00:00,20251027,10,3,1.39,0.0303,36.85,3,4.07,3.83,-32.78,-0.8896,Synthetic demonstration data — not actual University of Sydney results
2025-11-03 00:00:00,20251103,1,1,1.98,0.0495,51.54,13,14.79,15.55,-36.75,-0.713,Synthetic demonstration data — not actual University of Sydney results
2025-11-03 00:00:00,20251103,2,1,1.87,0.0852,46.76,15,18.69,17.8,-28.07,-0.6003,Synthetic demonstration data — not actual University of Sydney results
2025-11-03 00:00:00,20251103,3,1,1.8,0.0784,45.5,13,17.8,17.5,-27.7,-0.6088,Synthetic demonstration data — not actual University of Sydney results
2025-11-03 00:00:00,20251103,4,1,1.89,0.088,47.18,25,24.56,24.57,-22.62,-0.4794,Synthetic demonstration data — not actual University of Sydney results
2025-11-03 00:00:00,20251103,5,2,2.04,0.0537,52.7,21,20.78,20.96,-31.92,-0.6057,Synthetic demonstration data — not actual University of Sydney results
2025-11-03 00:00:00,20251103,6,2,2.12,0.0849,53.05,10,12.2,11.22,-40.85,-0.77,Synthetic demonstration data — not actual University of Sydney results
2025-11-03 00:00:00,20251103,7,2,2.1,0.01,56.88,6,6.41,5.96,-50.47,-0.8873,Synthetic demonstration data — not actual University of Sydney results
2025-11-03 00:00:00,20251103,8,3,1.59,0.0999,39.07,1,1.37,1.38,-37.7,-0.9649,Synthetic demonstration data — not actual University of Sydney results
2025-11-03 00:00:00,20251103,9,3,1.67,0.0397,43.97,23,27.35,26.54,-16.62,-0.378,Synthetic demonstration data — not actual University of Sydney results
2025-11-03 00:00:00,20251103,10,3,1.65,0.0885,41.11,4,4.86,4.73,-36.25,-0.8818,Synthetic demonstration data — not actual University of Sydney results
2025-11-10 00:00:00,20251110,1,1,1.81,0.0494,47.14,12,17.02,17.47,-30.12,-0.639,Synthetic demonstration data — not actual University of Sydney results
2025-11-10 00:00:00,20251110,2,1,2.05,0.0693,52.1,14,20.24,21.18,-31.86,-0.6115,Synthetic demonstration data — not actual University of Sydney results
2025-11-10 00:00:00,20251110,3,1,1.72,0.0443,44.91,10,11.7,10.97,-33.21,-0.7395,Synthetic demonstration data — not actual University of Sydney results
2025-11-10 00:00:00,20251110,4,1,2.01,0.0542,52.01,32,31.3,28.99,-20.71,-0.3982,Synthetic demonstration data — not actual University of Sydney results
2025-11-10 00:00:00,20251110,5,2,1.91,0.0735,48.51,33,38.68,35.75,-9.83,-0.2027,Synthetic demonstration data — not actual University of Sydney results
2025-11-10 00:00:00,20251110,6,2,2.17,0.0183,58.29,6,7.22,6.78,-51.07,-0.8761,Synthetic demonstration data — not actual University of Sydney results
2025-11-10 00:00:00,20251110,7,2,1.83,0.1049,44.9,8,7.81,7.73,-37.09,-0.8261,Synthetic demonstration data — not actual University of Sydney results
2025-11-10 00:00:00,20251110,8,3,1.46,0.025,39.06,4,4.01,4.29,-35.05,-0.8973,Synthetic demonstration data — not actual University of Sydney results
2025-11-10 00:00:00,20251110,9,3,1.46,0.0632,37.49,15,15.11,16.1,-22.38,-0.5969,Synthetic demonstration data — not actual University of Sydney results
2025-11-10 00:00:00,20251110,10,3,1.35,0.0646,34.59,2,2.33,2.47,-32.26,-0.9326,Synthetic demonstration data — not actual University of Sydney results
2025-11-17 00:00:00,20251117,1,1,2.1,0.0401,55.12,22,26.56,26.52,-28.56,-0.5181,Synthetic demonstration data — not actual University of Sydney results
2025-11-17 00:00:00,20251117,2,1,1.94,0.0603,49.94,14,17.9,17.25,-32.04,-0.6416,Synthetic demonstration data — not actual University of Sydney results
2025-11-17 00:00:00,20251117,3,1,1.76,0.0306,46.74,13,14.65,13.41,-32.09,-0.6866,Synthetic demonstration data — not actual University of Sydney results
2025-11-17 00:00:00,20251117,4,1,1.97,0.1134,47.86,24,30.18,32.52,-17.68,-0.3694,Synthetic demonstration data — not actual University of Sydney results
2025-11-17 00:00:00,20251117,5,2,2.1,0.0125,56.67,39,47.77,46.53,-8.9,-0.1571,Synthetic demonstration data — not actual University of Sydney results
2025-11-17 00:00:00,20251117,6,2,2.04,0.011,55.15,6,7.2,7.67,-47.95,-0.8694,Synthetic demonstration data — not actual University of Sydney results
2025-11-17 00:00:00,20251117,7,2,2.18,0.0853,54.45,7,7.33,7.47,-47.12,-0.8654,Synthetic demonstration data — not actual University of Sydney results
2025-11-17 00:00:00,20251117,8,3,1.67,0.0824,41.91,4,5.32,5.61,-36.59,-0.8731,Synthetic demonstration data — not actual University of Sydney results
2025-11-17 00:00:00,20251117,9,3,1.6,0.0972,39.56,17,16.69,16.36,-22.87,-0.5781,Synthetic demonstration data — not actual University of Sydney results
2025-11-17 00:00:00,20251117,10,3,1.67,0.0592,43.08,3,4.02,3.93,-39.06,-0.9067,Synthetic demonstration data — not actual University of Sydney results
2025-11-24 00:00:00,20251124,1,1,2.08,0.0668,53.16,16,21.35,21.77,-31.81,-0.5984,Synthetic demonstration data — not actual University of Sydney results
2025-11-24 00:00:00,20251124,2,1,1.8,0.073,45.7,12,18.35,19.79,-27.35,-0.5985,Synthetic demonstration data — not actual University of Sydney results
2025-11-24 00:00:00,20251124,3,1,1.84,0.054,47.53,13,15.56,16.8,-31.97,-0.6726,Synthetic demonstration data — not actual University of Sydney results
2025-11-24 00:00:00,20251124,4,1,1.84,0.0385,48.42,36,44.88,43.92,-3.54,-0.0731,Synthetic demonstration data — not actual University of Sydney results
2025-11-24 00:00:00,20251124,5,2,2.04,0.0886,50.95,36,42.97,46.31,-7.98,-0.1567,Synthetic demonstration data — not actual University of Sydney results
2025-11-24 00:00:00,20251124,6,2,2.17,0.0241,57.99,4,4.69,4.53,-53.3,-0.9191,Synthetic demonstration data — not actual University of Sydney results
2025-11-24 00:00:00,20251124,7,2,2.2,0.0643,56.22,5,5.87,5.38,-50.35,-0.8956,Synthetic demonstration data — not actual University of Sydney results
2025-11-24 00:00:00,20251124,8,3,1.66,0.0678,42.4,3,4.46,4.59,-37.94,-0.8948,Synthetic demonstration data — not actual University of Sydney results
2025-11-24 00:00:00,20251124,9,3,1.38,0.0483,35.93,18,20.02,21.2,-15.91,-0.4427,Synthetic demonstration data — not actual University of Sydney results
2025-11-24 00:00:00,20251124,10,3,1.58,0.1136,38.44,3,3.02,3.05,-35.42,-0.9214,Synthetic demonstration data — not actual University of Sydney results
2025-12-01 00:00:00,20251201,1,1,1.8,0.0433,47.0,14,20.19,20.2,-26.81,-0.5704,Synthetic demonstration data — not actual University of Sydney results
2025-12-01 00:00:00,20251201,2,1,1.72,0.0208,46.14,9,10.8,10.29,-35.34,-0.7659,Synthetic demonstration data — not actual University of Sydney results
2025-12-01 00:00:00,20251201,3,1,1.7,0.0519,44.04,16,20.62,20.81,-23.42,-0.5318,Synthetic demonstration data — not actual University of Sydney results
2025-12-01 00:00:00,20251201,4,1,1.88,0.1001,46.31,36,41.43,42.78,-4.88,-0.1054,Synthetic demonstration data — not actual University of Sydney results
2025-12-01 00:00:00,20251201,5,2,1.97,0.0146,53.18,35,40.51,39.29,-12.67,-0.2382,Synthetic demonstration data — not actual University of Sydney results
2025-12-01 00:00:00,20251201,6,2,1.94,0.0552,50.12,7,8.8,9.39,-41.32,-0.8244,Synthetic demonstration data — not actual University of Sydney results
2025-12-01 00:00:00,20251201,7,2,1.93,0.0514,49.98,9,8.17,8.65,-41.81,-0.8365,Synthetic demonstration data — not actual University of Sydney results
2025-12-01 00:00:00,20251201,8,3,1.5,0.0809,37.84,0,0.0,0.0,-37.84,-1.0,Synthetic demonstration data — not actual University of Sydney results
2025-12-01 00:00:00,20251201,9,3,1.56,0.0702,39.62,27,31.32,31.55,-8.3,-0.2096,Synthetic demonstration data — not actual University of Sydney results
2025-12-01 00:00:00,20251201,10,3,1.44,0.0776,36.34,1,1.02,1.03,-35.32,-0.9719,Synthetic demonstration data — not actual University of Sydney results
2025-12-08 00:00:00,20251208,1,1,2.08,0.0756,52.64,20,22.81,22.66,-29.83,-0.5667,Synthetic demonstration data — not actual University of Sydney results
2025-12-08 00:00:00,20251208,2,1,2.1,0.0331,55.48,9,10.81,11.54,-44.67,-0.8051,Synthetic demonstration data — not actual University of Sydney results
2025-12-08 00:00:00,20251208,3,1,1.69,0.0175,45.41,11,11.8,11.84,-33.61,-0.7402,Synthetic demonstration data — not actual University of Sydney results
2025-12-08 00:00:00,20251208,4,1,2.04,0.0601,52.39,35,39.58,38.96,-12.81,-0.2446,Synthetic demonstration data — not actual University of Sydney results
2025-12-08 00:00:00,20251208,5,2,2.17,0.0604,55.7,25,30.61,31.86,-25.09,-0.4504,Synthetic demonstration data — not actual University of Sydney results
2025-12-08 00:00:00,20251208,6,2,2.18,0.0768,54.99,7,8.38,7.89,-46.61,-0.8476,Synthetic demonstration data — not actual University of Sydney results
2025-12-08 00:00:00,20251208,7,2,2.01,0.09,50.16,5,6.87,6.53,-43.29,-0.863,Synthetic demonstration data — not actual University of Sydney results
2025-12-08 00:00:00,20251208,8,3,1.62,0.0304,42.91,5,5.12,4.9,-37.79,-0.8807,Synthetic demonstration data — not actual University of Sydney results
2025-12-08 00:00:00,20251208,9,3,1.56,0.0832,39.24,16,18.02,17.05,-21.22,-0.5408,Synthetic demonstration data — not actual University of Sydney results
2025-12-08 00:00:00,20251208,10,3,1.49,0.0368,39.24,4,5.85,5.62,-33.39,-0.8509,Synthetic demonstration data — not actual University of Sydney results
2025-12-15 00:00:00,20251215,1,1,1.71,0.0319,45.16,16,21.12,22.37,-24.04,-0.5324,Synthetic demonstration data — not actual University of Sydney results
2025-12-15 00:00:00,20251215,2,1,2.05,0.074,51.87,17,23.64,22.03,-28.23,-0.5442,Synthetic demonstration data — not actual University of Sydney results
2025-12-15 00:00:00,20251215,3,1,2.06,0.0498,53.55,15,18.27,17.17,-35.28,-0.6588,Synthetic demonstration data — not actual University of Sydney results
2025-12-15 00:00:00,20251215,4,1,2.09,0.0425,54.79,31,35.13,36.34,-19.66,-0.3588,Synthetic demonstration data — not actual University of Sydney results
2025-12-15 00:00:00,20251215,5,2,1.84,0.1012,45.34,32,36.33,33.44,-9.01,-0.1988,Synthetic demonstration data — not actual University of Sydney results
2025-12-15 00:00:00,20251215,6,2,1.88,0.0549,48.5,7,6.41,6.22,-42.09,-0.8678,Synthetic demonstration data — not actual University of Sydney results
2025-12-15 00:00:00,20251215,7,2,2.09,0.0187,56.08,7,9.76,9.27,-46.32,-0.826,Synthetic demonstration data — not actual University of Sydney results
2025-12-15 00:00:00,20251215,8,3,1.67,0.0745,42.39,5,5.58,5.25,-36.81,-0.8684,Synthetic demonstration data — not actual University of Sydney results
2025-12-15 00:00:00,20251215,9,3,1.48,0.0998,36.34,20,26.83,26.06,-9.51,-0.2617,Synthetic demonstration data — not actual University of Sydney results
2025-12-15 00:00:00,20251215,10,3,1.46,0.0816,36.71,3,2.7,2.6,-34.01,-0.9264,Synthetic demonstration data — not actual University of Sydney results
2025-12-22 00:00:00,20251222,1,1,2.06,0.0562,53.31,20,27.37,27.94,-25.94,-0.4866,Synthetic demonstration data — not actual University of Sydney results
2025-12-22 00:00:00,20251222,2,1,1.81,0.0637,46.39,17,20.26,20.51,-26.13,-0.5632,Synthetic demonstration data — not actual University of Sydney results
2025-12-22 00:00:00,20251222,3,1,1.99,0.0879,49.69,20,20.07,18.89,-29.62,-0.5961,Synthetic demonstration data — not actual University of Sydney results
2025-12-22 00:00:00,20251222,4,1,2.02,0.0657,51.55,21,24.84,25.95,-26.71,-0.5181,Synthetic demonstration data — not actual University of Sydney results
2025-12-22 00:00:00,20251222,5,2,2.09,0.0561,54.05,25,28.34,30.21,-25.71,-0.4757,Synthetic demonstration data — not actual University of Sydney results
2025-12-22 00:00:00,20251222,6,2,1.85,0.1069,45.27,5,4.7,4.42,-40.57,-0.8962,Synthetic demonstration data — not actual University of Sydney results
2025-12-22 00:00:00,20251222,7,2,1.86,0.1169,45.01,6,6.67,6.33,-38.34,-0.8518,Synthetic demonstration data — not actual University of Sydney results
2025-12-22 00:00:00,20251222,8,3,1.48,0.0334,39.2,4,4.0,4.2,-35.2,-0.898,Synthetic demonstration data — not actual University of Sydney results
2025-12-22 00:00:00,20251222,9,3,1.41,0.048,36.74,16,16.69,17.38,-20.05,-0.5457,Synthetic demonstration data — not actual University of Sydney results
2025-12-22 00:00:00,20251222,10,3,1.58,0.065,40.54,4,4.52,4.52,-36.02,-0.8885,Synthetic demonstration data — not actual University of Sydney results
2025-12-29 00:00:00,20251229,1,1,1.82,0.0503,47.29,19,23.44,22.56,-23.85,-0.5044,Synthetic demonstration data — not actual University of Sydney results
2025-12-29 00:00:00,20251229,2,1,1.89,0.0328,50.04,17,21.16,20.48,-28.88,-0.5772,Synthetic demonstration data — not actual University of Sydney results
2025-12-29 00:00:00,20251229,3,1,1.92,0.0483,49.94,12,13.89,13.02,-36.05,-0.7219,Synthetic demonstration data — not actual University of Sydney results
2025-12-29 00:00:00,20251229,4,1,2.05,0.0707,52.09,24,26.28,26.62,-25.81,-0.4955,Synthetic demonstration data — not actual University of Sydney results
2025-12-29 00:00:00,20251229,5,2,1.88,0.0794,47.34,25,31.02,31.59,-16.32,-0.3447,Synthetic demonstration data — not actual University of Sydney results
2025-12-29 00:00:00,20251229,6,2,1.87,0.0549,48.39,3,4.14,3.99,-44.25,-0.9144,Synthetic demonstration data — not actual University of Sydney results
2025-12-29 00:00:00,20251229,7,2,1.98,0.0972,48.92,12,11.54,10.92,-37.38,-0.7641,Synthetic demonstration data — not actual University of Sydney results
2025-12-29 00:00:00,20251229,8,3,1.63,0.0406,42.88,2,2.57,2.58,-40.31,-0.9401,Synthetic demonstration data — not actual University of Sydney results
2025-12-29 00:00:00,20251229,9,3,1.51,0.0769,38.03,18,19.95,20.48,-18.08,-0.4754,Synthetic demonstration data — not actual University of Sydney results
2025-12-29 00:00:00,20251229,10,3,1.67,0.0389,43.82,1,1.96,2.0,-41.86,-0.9553,Synthetic demonstration data — not actual University of Sydney results
2026-01-05 00:00:00,20260105,1,1,1.76,0.06,45.25,17,21.12,22.71,-24.13,-0.5333,Synthetic demonstration data — not actual University of Sydney results
2026-01-05 00:00:00,20260105,2,1,2.09,0.0707,53.12,11,18.12,19.27,-35.0,-0.6589,Synthetic demonstration data — not actual University of Sydney results
2026-01-05 00:00:00,20260105,3,1,1.81,0.0538,46.76,10,13.41,12.33,-33.35,-0.7132,Synthetic demonstration data — not actual University of Sydney results
2026-01-05 00:00:00,20260105,4,1,1.9,0.0318,50.29,29,28.24,26.09,-22.05,-0.4385,Synthetic demonstration data — not actual University of Sydney results
2026-01-05 00:00:00,20260105,5,2,2.15,0.0247,57.42,35,40.85,41.62,-16.57,-0.2886,Synthetic demonstration data — not actual University of Sydney results
2026-01-05 00:00:00,20260105,6,2,1.99,0.0713,50.69,5,6.1,6.02,-44.59,-0.8797,Synthetic demonstration data — not actual University of Sydney results
2026-01-05 00:00:00,20260105,7,2,1.81,0.0339,47.74,9,10.91,11.31,-36.83,-0.7715,Synthetic demonstration data — not actual University of Sydney results
2026-01-05 00:00:00,20260105,8,3,1.6,0.0511,41.41,2,1.49,1.38,-39.92,-0.964,Synthetic demonstration data — not actual University of Sydney results
2026-01-05 00:00:00,20260105,9,3,1.66,0.0674,42.48,25,27.89,26.61,-14.59,-0.3435,Synthetic demonstration data — not actual University of Sydney results
2026-01-05 00:00:00,20260105,10,3,1.67,0.0587,43.11,4,5.48,5.77,-37.63,-0.8729,Synthetic demonstration data — not actual University of Sydney results
2026-01-12 00:00:00,20260112,1,1,1.88,0.0619,48.18,16,27.06,27.65,-21.12,-0.4383,Synthetic demonstration data — not actual University of Sydney results
2026-01-12 00:00:00,20260112,2,1,2.02,0.0377,53.26,17,19.64,18.83,-33.62,-0.6313,Synthetic demonstration data — not actual University of Sydney results
2026-01-12 00:00:00,20260112,3,1,1.86,0.109,45.32,12,15.13,16.28,-30.19,-0.6662,Synthetic demonstration data — not actual University of Sydney results
2026-01-12 00:00:00,20260112,4,1,1.83,0.0421,47.87,26,26.84,25.73,-21.03,-0.4393,Synthetic demonstration data — not actual University of Sydney results
2026-01-12 00:00:00,20260112,5,2,2.11,0.0437,55.21,32,40.58,43.14,-14.63,-0.2649,Synthetic demonstration data — not actual University of Sydney results
2026-01-12 00:00:00,20260112,6,2,2.14,0.01,58.0,8,7.13,6.74,-50.87,-0.8771,Synthetic demonstration data — not actual University of Sydney results
2026-01-12 00:00:00,20260112,7,2,2.16,0.0304,57.17,2,1.61,1.66,-55.56,-0.9718,Synthetic demonstration data — not actual University of Sydney results
2026-01-12 00:00:00,20260112,8,3,1.45,0.0638,37.09,0,0.0,0.0,-37.09,-1.0,Synthetic demonstration data — not actual University of Sydney results
2026-01-12 00:00:00,20260112,9,3,1.68,0.0903,41.81,21,24.81,26.63,-17.0,-0.4066,Synthetic demonstration data — not actual University of Sydney results
2026-01-12 00:00:00,20260112,10,3,1.61,0.0564,41.5,5,6.73,6.25,-34.77,-0.8378,Synthetic demonstration data — not actual University of Sydney results
2026-01-19 00:00:00,20260119,1,1,1.81,0.0598,46.46,15,18.99,19.81,-27.47,-0.5913,Synthetic demonstration data — not actual University of Sydney results
2026-01-19 00:00:00,20260119,2,1,1.82,0.026,48.54,14,19.09,20.23,-29.45,-0.6067,Synthetic demonstration data — not actual University of Sydney results
2026-01-19 00:00:00,20260119,3,1,1.75,0.0547,45.23,15,16.07,14.82,-29.16,-0.6447,Synthetic demonstration data — not actual University of Sydney results
2026-01-19 00:00:00,20260119,4,1,1.72,0.0596,44.22,28,30.69,29.25,-13.53,-0.306,Synthetic demonstration data — not actual University of Sydney results
2026-01-19 00:00:00,20260119,5,2,2.12,0.0774,53.59,29,32.07,30.99,-21.52,-0.4016,Synthetic demonstration data — not actual University of Sydney results
2026-01-19 00:00:00,20260119,6,2,1.83,0.0562,47.24,6,8.24,8.21,-39.0,-0.8256,Synthetic demonstration data — not actual University of Sydney results
2026-01-19 00:00:00,20260119,7,2,1.98,0.0726,50.15,6,4.9,5.27,-45.25,-0.9023,Synthetic demonstration data — not actual University of Sydney results
2026-01-19 00:00:00,20260119,8,3,1.52,0.0916,37.86,5,6.71,6.81,-31.15,-0.8228,Synthetic demonstration data — not actual University of Sydney results
2026-01-19 00:00:00,20260119,9,3,1.49,0.0566,38.58,22,24.2,23.59,-14.38,-0.3728,Synthetic demonstration data — not actual University of Sydney results
2026-01-19 00:00:00,20260119,10,3,1.58,0.0393,41.44,9,8.7,9.13,-32.74,-0.79,Synthetic demonstration data — not actual University of Sydney results
2026-01-26 00:00:00,20260126,1,1,1.98,0.0277,52.58,20,23.74,22.48,-28.84,-0.5485,Synthetic demonstration data — not actual University of Sydney results
2026-01-26 00:00:00,20260126,2,1,1.85,0.0989,45.72,15,23.1,24.1,-22.62,-0.4948,Synthetic demonstration data — not actual University of Sydney results
2026-01-26 00:00:00,20260126,3,1,1.89,0.0388,49.82,11,12.37,12.98,-37.45,-0.7517,Synthetic demonstration data — not actual University of Sydney results
2026-01-26 00:00:00,20260126,4,1,1.76,0.0352,46.43,25,29.92,27.73,-16.51,-0.3557,Synthetic demonstration data — not actual University of Sydney results
2026-01-26 00:00:00,20260126,5,2,2.12,0.059,54.69,31,38.35,40.11,-16.34,-0.2988,Synthetic demonstration data — not actual University of Sydney results
2026-01-26 00:00:00,20260126,6,2,1.99,0.0243,53.25,6,8.37,8.62,-44.88,-0.8428,Synthetic demonstration data — not actual University of Sydney results
2026-01-26 00:00:00,20260126,7,2,1.92,0.0802,48.38,10,8.97,9.46,-39.41,-0.8146,Synthetic demonstration data — not actual University of Sydney results
2026-01-26 00:00:00,20260126,8,3,1.4,0.028,37.36,3,2.41,2.55,-34.95,-0.9355,Synthetic demonstration data — not actual University of Sydney results
2026-01-26 00:00:00,20260126,9,3,1.36,0.0646,34.75,29,34.04,36.48,-0.71,-0.0205,Synthetic demonstration data — not actual University of Sydney results
2026-01-26 00:00:00,20260126,10,3,1.47,0.0648,37.57,8,8.29,8.75,-29.28,-0.7794,Synthetic demonstration data — not actual University of Sydney results
2026-02-02 00:00:00,20260202,1,1,1.75,0.1211,40.1,26,29.92,29.49,-10.18,-0.2538,Synthetic demonstration data — not actual University of Sydney results
2026-02-02 00:00:00,20260202,2,1,1.71,0.0665,41.64,55,70.15,70.17,28.51,0.6846,Synthetic demonstration data — not actual University of Sydney results
2026-02-02 00:00:00,20260202,3,1,1.81,0.084,43.35,12,12.27,11.75,-31.08,-0.7169,Synthetic demonstration data — not actual University of Sydney results
2026-02-02 00:00:00,20260202,4,1,1.7,0.0667,41.52,35,33.56,33.1,-7.96,-0.1917,Synthetic demonstration data — not actual University of Sydney results
2026-02-02 00:00:00,20260202,5,2,2.02,0.0891,50.38,62,75.44,73.98,25.06,0.4975,Synthetic demonstration data — not actual University of Sydney results
2026-02-02 00:00:00,20260202,6,2,1.88,0.0393,49.31,4,3.53,3.69,-45.78,-0.9284,Synthetic demonstration data — not actual University of Sydney results
2026-02-02 00:00:00,20260202,7,2,1.94,0.09,48.3,13,15.09,14.45,-33.21,-0.6876,Synthetic demonstration data — not actual University of Sydney results
2026-02-02 00:00:00,20260202,8,3,1.61,0.1368,38.06,3,3.3,3.19,-34.76,-0.9133,Synthetic demonstration data — not actual University of Sydney results
2026-02-02 00:00:00,20260202,9,3,1.66,0.0772,41.98,36,42.38,44.24,0.4,0.0096,Synthetic demonstration data — not actual University of Sydney results
2026-02-02 00:00:00,20260202,10,3,1.64,0.0849,40.98,7,7.26,6.61,-33.72,-0.8228,Synthetic demonstration data — not actual University of Sydney results
2026-02-09 00:00:00,20260209,1,1,1.82,0.0946,43.02,29,31.76,29.24,-11.26,-0.2618,Synthetic demonstration data — not actual University of Sydney results
2026-02-09 00:00:00,20260209,2,1,1.71,0.0955,40.28,44,53.83,53.14,13.55,0.3364,Synthetic demonstration data — not actual University of Sydney results
2026-02-09 00:00:00,20260209,3,1,1.96,0.1032,45.86,19,22.43,20.48,-23.43,-0.5109,Synthetic demonstration data — not actual University of Sydney results
2026-02-09 00:00:00,20260209,4,1,1.93,0.1082,44.98,27,30.86,31.25,-14.12,-0.3139,Synthetic demonstration data — not actual University of Sydney results
2026-02-09 00:00:00,20260209,5,2,1.85,0.0881,46.16,59,66.77,70.07,20.61,0.4464,Synthetic demonstration data — not actual University of Sydney results
2026-02-09 00:00:00,20260209,6,2,2.09,0.088,52.15,8,9.45,9.22,-42.7,-0.8188,Synthetic demonstration data — not actual University of Sydney results
2026-02-09 00:00:00,20260209,7,2,1.89,0.0843,47.41,10,11.36,12.16,-36.05,-0.7604,Synthetic demonstration data — not actual University of Sydney results
2026-02-09 00:00:00,20260209,8,3,1.64,0.0876,40.92,5,5.19,5.46,-35.73,-0.8732,Synthetic demonstration data — not actual University of Sydney results
2026-02-09 00:00:00,20260209,9,3,1.62,0.1402,38.19,39,43.31,44.01,5.12,0.1341,Synthetic demonstration data — not actual University of Sydney results
2026-02-09 00:00:00,20260209,10,3,1.5,0.0492,39.01,7,9.51,9.09,-29.5,-0.7562,Synthetic demonstration data — not actual University of Sydney results
2026-02-16 00:00:00,20260216,1,1,1.85,0.0858,44.14,37,48.2,44.0,4.06,0.092,Synthetic demonstration data — not actual University of Sydney results
2026-02-16 00:00:00,20260216,2,1,1.99,0.0812,47.67,36,42.92,39.14,-4.75,-0.0996,Synthetic demonstration data — not actual University of Sydney results
2026-02-16 00:00:00,20260216,3,1,2.04,0.0693,49.59,24,24.52,25.73,-25.07,-0.5056,Synthetic demonstration data — not actual University of Sydney results
2026-02-16 00:00:00,20260216,4,1,1.93,0.0781,46.42,34,37.27,35.68,-9.15,-0.1971,Synthetic demonstration data — not actual University of Sydney results
2026-02-16 00:00:00,20260216,5,2,1.94,0.0741,49.08,58,65.79,68.58,16.71,0.3404,Synthetic demonstration data — not actual University of Sydney results
2026-02-16 00:00:00,20260216,6,2,2.21,0.0827,55.51,5,4.22,4.28,-51.29,-0.924,Synthetic demonstration data — not actual University of Sydney results
2026-02-16 00:00:00,20260216,7,2,2.17,0.0797,54.7,15,19.39,20.85,-35.31,-0.6455,Synthetic demonstration data — not actual University of Sydney results
2026-02-16 00:00:00,20260216,8,3,1.55,0.0354,41.02,7,8.46,8.17,-32.56,-0.7937,Synthetic demonstration data — not actual University of Sydney results
2026-02-16 00:00:00,20260216,9,3,1.67,0.088,41.76,33,43.18,40.51,1.42,0.034,Synthetic demonstration data — not actual University of Sydney results
2026-02-16 00:00:00,20260216,10,3,1.55,0.0823,38.99,11,13.0,12.33,-25.99,-0.6665,Synthetic demonstration data — not actual University of Sydney results
2026-02-23 00:00:00,20260223,1,1,1.84,0.0988,43.21,29,35.49,36.24,-7.72,-0.1787,Synthetic demonstration data — not actual University of Sydney results
2026-02-23 00:00:00,20260223,2,1,2.03,0.0748,48.93,40,48.17,44.23,-0.76,-0.0156,Synthetic demonstration data — not actual University of Sydney results
2026-02-23 00:00:00,20260223,3,1,1.78,0.0823,42.54,18,24.82,26.72,-17.72,-0.4166,Synthetic demonstration data — not actual University of Sydney results
2026-02-23 00:00:00,20260223,4,1,1.81,0.0797,43.47,27,35.85,35.39,-7.62,-0.1753,Synthetic demonstration data — not actual University of Sydney results
2026-02-23 00:00:00,20260223,5,2,2.12,0.0974,52.29,52,53.07,54.31,0.78,0.0149,Synthetic demonstration data — not actual University of Sydney results
2026-02-23 00:00:00,20260223,6,2,1.87,0.0775,47.14,11,14.1,12.93,-33.04,-0.7009,Synthetic demonstration data — not actual University of Sydney results
2026-02-23 00:00:00,20260223,7,2,1.95,0.1148,47.14,6,9.08,8.58,-38.06,-0.8074,Synthetic demonstration data — not actual University of Sydney results
2026-02-23 00:00:00,20260223,8,3,1.5,0.0941,37.23,6,6.63,7.1,-30.6,-0.8219,Synthetic demonstration data — not actual University of Sydney results
2026-02-23 00:00:00,20260223,9,3,1.45,0.0862,36.33,28,37.32,34.0,0.99,0.0272,Synthetic demonstration data — not actual University of Sydney results
2026-02-23 00:00:00,20260223,10,3,1.62,0.0819,40.72,7,6.64,6.93,-34.08,-0.837,Synthetic demonstration data — not actual University of Sydney results
2026-03-02 00:00:00,20260302,1,1,1.82,0.1235,41.64,27,32.73,34.06,-8.91,-0.2139,Synthetic demonstration data — not actual University of Sydney results
2026-03-02 00:00:00,20260302,2,1,1.84,0.1043,43.01,37,49.59,53.27,6.58,0.1531,Synthetic demonstration data — not actual University of Sydney results
2026-03-02 00:00:00,20260302,3,1,2.05,0.1107,47.59,21,22.33,21.04,-25.26,-0.5308,Synthetic demonstration data — not actual University of Sydney results
2026-03-02 00:00:00,20260302,4,1,1.72,0.1169,39.61,40,41.47,40.67,1.86,0.0471,Synthetic demonstration data — not actual University of Sydney results
2026-03-02 00:00:00,20260302,5,2,2.17,0.0736,55.05,58,66.45,71.63,11.4,0.2071,Synthetic demonstration data — not actual University of Sydney results
2026-03-02 00:00:00,20260302,6,2,1.86,0.0809,46.73,9,12.84,12.78,-33.89,-0.7252,Synthetic demonstration data — not actual University of Sydney results
2026-03-02 00:00:00,20260302,7,2,1.88,0.068,47.89,9,11.85,11.03,-36.04,-0.7526,Synthetic demonstration data — not actual University of Sydney results
2026-03-02 00:00:00,20260302,8,3,1.63,0.0815,40.9,6,7.68,8.01,-33.22,-0.8122,Synthetic demonstration data — not actual University of Sydney results
2026-03-02 00:00:00,20260302,9,3,1.65,0.1009,40.65,49,55.8,52.02,15.15,0.3725,Synthetic demonstration data — not actual University of Sydney results
2026-03-02 00:00:00,20260302,10,3,1.65,0.0823,41.43,4,5.6,5.11,-35.83,-0.8648,Synthetic demonstration data — not actual University of Sydney results
2026-03-09 00:00:00,20260309,1,1,2.08,0.1077,48.37,28,33.17,30.38,-15.2,-0.3143,Synthetic demonstration data — not actual University of Sydney results
2026-03-09 00:00:00,20260309,2,1,2.0,0.0343,50.53,51,61.08,63.9,10.55,0.2087,Synthetic demonstration data — not actual University of Sydney results
2026-03-09 00:00:00,20260309,3,1,1.75,0.1422,39.08,23,31.97,34.31,-7.11,-0.1819,Synthetic demonstration data — not actual University of Sydney results
2026-03-09 00:00:00,20260309,4,1,1.75,0.1039,40.84,24,28.41,26.11,-12.43,-0.3044,Synthetic demonstration data — not actual University of Sydney results
2026-03-09 00:00:00,20260309,5,2,2.13,0.1008,52.42,52,57.11,52.25,4.69,0.0895,Synthetic demonstration data — not actual University of Sydney results
2026-03-09 00:00:00,20260309,6,2,1.84,0.0923,45.7,11,11.69,12.24,-34.01,-0.7442,Synthetic demonstration data — not actual University of Sydney results
2026-03-09 00:00:00,20260309,7,2,1.9,0.0869,47.45,12,11.5,11.2,-35.95,-0.7577,Synthetic demonstration data — not actual University of Sydney results
2026-03-09 00:00:00,20260309,8,3,1.6,0.0689,40.66,5,6.49,6.58,-34.17,-0.8404,Synthetic demonstration data — not actual University of Sydney results
2026-03-09 00:00:00,20260309,9,3,1.52,0.0986,37.59,41,45.77,48.26,8.18,0.2176,Synthetic demonstration data — not actual University of Sydney results
2026-03-09 00:00:00,20260309,10,3,1.52,0.1097,37.1,5,4.04,4.12,-33.06,-0.8911,Synthetic demonstration data — not actual University of Sydney results
2026-03-16 00:00:00,20260316,1,1,1.84,0.05,45.68,29,35.84,36.62,-9.84,-0.2154,Synthetic demonstration data — not actual University of Sydney results
2026-03-16 00:00:00,20260316,2,1,1.7,0.0985,40.09,48,55.24,59.23,15.15,0.3781,Synthetic demonstration data — not actual University of Sydney results
2026-03-16 00:00:00,20260316,3,1,1.78,0.0894,42.25,12,13.03,12.26,-29.22,-0.6916,Synthetic demonstration data — not actual University of Sydney results
2026-03-16 00:00:00,20260316,4,1,1.77,0.069,42.95,30,35.44,35.92,-7.51,-0.1749,Synthetic demonstration data — not actual University of Sydney results
2026-03-16 00:00:00,20260316,5,2,1.84,0.114,44.66,38,45.33,47.14,0.67,0.015,Synthetic demonstration data — not actual University of Sydney results
2026-03-16 00:00:00,20260316,6,2,1.85,0.1453,43.37,14,17.24,15.8,-26.13,-0.6025,Synthetic demonstration data — not actual University of Sydney results
2026-03-16 00:00:00,20260316,7,2,2.1,0.1121,50.97,6,6.82,6.35,-44.15,-0.8662,Synthetic demonstration data — not actual University of Sydney results
2026-03-16 00:00:00,20260316,8,3,1.38,0.1041,33.79,7,8.85,8.97,-24.94,-0.7381,Synthetic demonstration data — not actual University of Sydney results
2026-03-16 00:00:00,20260316,9,3,1.51,0.1144,36.54,42,51.85,50.84,15.31,0.4191,Synthetic demonstration data — not actual University of Sydney results
2026-03-16 00:00:00,20260316,10,3,1.56,0.0699,39.78,6,7.03,7.01,-32.75,-0.8233,Synthetic demonstration data — not actual University of Sydney results
2026-03-23 00:00:00,20260323,1,1,2.07,0.1033,48.44,33,42.88,42.87,-5.56,-0.1148,Synthetic demonstration data — not actual University of Sydney results
2026-03-23 00:00:00,20260323,2,1,1.83,0.0783,44.03,45,57.07,56.17,13.04,0.2962,Synthetic demonstration data — not actual University of Sydney results
2026-03-23 00:00:00,20260323,3,1,1.9,0.0937,44.98,17,18.53,18.46,-26.45,-0.5881,Synthetic demonstration data — not actual University of Sydney results
2026-03-23 00:00:00,20260323,4,1,1.98,0.1215,45.38,37,39.75,41.82,-5.63,-0.124,Synthetic demonstration data — not actual University of Sydney results
2026-03-23 00:00:00,20260323,5,2,2.12,0.0878,53.04,44,51.0,54.52,-2.04,-0.0384,Synthetic demonstration data — not actual University of Sydney results
2026-03-23 00:00:00,20260323,6,2,2.03,0.0782,51.31,13,18.0,16.72,-33.31,-0.6492,Synthetic demonstration data — not actual University of Sydney results
2026-03-23 00:00:00,20260323,7,2,1.96,0.0814,49.29,8,8.84,8.09,-40.45,-0.8207,Synthetic demonstration data — not actual University of Sydney results
2026-03-23 00:00:00,20260323,8,3,1.46,0.0825,36.64,7,9.26,9.45,-27.38,-0.7473,Synthetic demonstration data — not actual University of Sydney results
2026-03-23 00:00:00,20260323,9,3,1.54,0.1071,37.54,41,56.31,59.67,18.77,0.4999,Synthetic demonstration data — not actual University of Sydney results
2026-03-23 00:00:00,20260323,10,3,1.45,0.062,37.34,4,4.51,4.22,-32.83,-0.8792,Synthetic demonstration data — not actual University of Sydney results
2026-03-30 00:00:00,20260330,1,1,2.06,0.0584,50.71,20,29.92,28.26,-20.79,-0.41,Synthetic demonstration data — not actual University of Sydney results
2026-03-30 00:00:00,20260330,2,1,1.9,0.03,48.18,27,33.33,33.28,-14.85,-0.3083,Synthetic demonstration data — not actual University of Sydney results
2026-03-30 00:00:00,20260330,3,1,1.79,0.1302,40.57,16,18.89,18.43,-21.68,-0.5344,Synthetic demonstration data — not actual University of Sydney results
2026-03-30 00:00:00,20260330,4,1,2.03,0.0416,50.74,25,28.91,31.16,-21.83,-0.4303,Synthetic demonstration data — not actual University of Sydney results
2026-03-30 00:00:00,20260330,5,2,2.02,0.0553,52.18,42,47.07,50.07,-5.11,-0.0979,Synthetic demonstration data — not actual University of Sydney results
2026-03-30 00:00:00,20260330,6,2,1.92,0.0855,48.09,8,8.8,8.75,-39.29,-0.817,Synthetic demonstration data — not actual University of Sydney results
2026-03-30 00:00:00,20260330,7,2,2.24,0.0807,56.26,11,12.05,11.65,-44.21,-0.7858,Synthetic demonstration data — not actual University of Sydney results
2026-03-30 00:00:00,20260330,8,3,1.35,0.057,34.92,1,0.55,0.53,-34.37,-0.9842,Synthetic demonstration data — not actual University of Sydney results
2026-03-30 00:00:00,20260330,9,3,1.59,0.087,39.63,18,23.12,22.19,-16.51,-0.4166,Synthetic demonstration data — not actual University of Sydney results
2026-03-30 00:00:00,20260330,10,3,1.55,0.077,39.15,4,6.19,6.41,-32.96,-0.8419,Synthetic demonstration data — not actual University of Sydney results
2026-04-06 00:00:00,20260406,1,1,2.04,0.1179,52.1,10,15.32,14.47,-36.78,-0.706,Synthetic demonstration data — not actual University of Sydney results
2026-04-06 00:00:00,20260406,2,1,1.96,0.0571,53.64,15,16.6,15.34,-37.04,-0.6905,Synthetic demonstration data — not actual University of Sydney results
2026-04-06 00:00:00,20260406,3,1,1.91,0.0365,53.31,12,12.09,11.14,-41.22,-0.7732,Synthetic demonstration data — not actual University of Sydney results
2026-04-06 00:00:00,20260406,4,1,1.9,0.0779,50.78,24,28.02,29.81,-22.76,-0.4482,Synthetic demonstration data — not actual University of Sydney results
2026-04-06 00:00:00,20260406,5,2,1.83,0.0379,48.11,28,34.68,36.51,-13.43,-0.2792,Synthetic demonstration data — not actual University of Sydney results
2026-04-06 00:00:00,20260406,6,2,2.21,0.0336,58.54,11,11.15,10.54,-47.39,-0.8095,Synthetic demonstration data — not actual University of Sydney results
2026-04-06 00:00:00,20260406,7,2,1.93,0.0446,50.54,8,7.52,7.6,-43.02,-0.8512,Synthetic demonstration data — not actual University of Sydney results
2026-04-06 00:00:00,20260406,8,3,1.51,0.0763,38.18,6,5.65,5.37,-32.53,-0.852,Synthetic demonstration data — not actual University of Sydney results
2026-04-06 00:00:00,20260406,9,3,1.52,0.0659,38.88,15,16.03,16.81,-22.85,-0.5877,Synthetic demonstration data — not actual University of Sydney results
2026-04-06 00:00:00,20260406,10,3,1.67,0.0511,43.31,8,8.52,9.16,-34.79,-0.8033,Synthetic demonstration data — not actual University of Sydney results
2026-04-13 00:00:00,20260413,1,1,1.95,0.0611,53.11,16,20.73,18.95,-32.38,-0.6096,Synthetic demonstration data — not actual University of Sydney results
2026-04-13 00:00:00,20260413,2,1,1.86,0.0664,50.28,27,33.35,35.25,-16.93,-0.3367,Synthetic demonstration data — not actual University of Sydney results
2026-04-13 00:00:00,20260413,3,1,1.79,0.0244,50.53,14,15.78,16.25,-34.75,-0.6877,Synthetic demonstration data — not actual University of Sydney results
2026-04-13 00:00:00,20260413,4,1,2.06,0.0288,58.03,23,23.11,22.44,-34.92,-0.6018,Synthetic demonstration data — not actual University of Sydney results
2026-04-13 00:00:00,20260413,5,2,2.05,0.0721,52.04,33,35.49,34.49,-16.55,-0.3181,Synthetic demonstration data — not actual University of Sydney results
2026-04-13 00:00:00,20260413,6,2,2.12,0.0287,56.27,5,5.36,5.53,-50.91,-0.9048,Synthetic demonstration data — not actual University of Sydney results
2026-04-13 00:00:00,20260413,7,2,2.1,0.0434,55.07,4,3.36,3.07,-51.71,-0.939,Synthetic demonstration data — not actual University of Sydney results
2026-04-13 00:00:00,20260413,8,3,1.55,0.0734,39.18,9,12.63,12.36,-26.55,-0.6776,Synthetic demonstration data — not actual University of Sydney results
2026-04-13 00:00:00,20260413,9,3,1.52,0.0404,40.01,24,30.26,31.42,-9.75,-0.2438,Synthetic demonstration data — not actual University of Sydney results
2026-04-13 00:00:00,20260413,10,3,1.52,0.015,41.07,7,4.11,4.1,-36.96,-0.8999,Synthetic demonstration data — not actual University of Sydney results
2026-04-20 00:00:00,20260420,1,1,1.73,0.0855,45.87,9,9.65,10.16,-36.22,-0.7896,Synthetic demonstration data — not actual University of Sydney results
2026-04-20 00:00:00,20260420,2,1,1.94,0.0684,52.28,14,18.94,18.98,-33.34,-0.6377,Synthetic demonstration data — not actual University of Sydney results
2026-04-20 00:00:00,20260420,3,1,1.81,0.1075,46.84,19,26.17,25.24,-20.67,-0.4413,Synthetic demonstration data — not actual University of Sydney results
2026-04-20 00:00:00,20260420,4,1,1.98,0.0742,53.15,29,32.46,34.47,-20.69,-0.3892,Synthetic demonstration data — not actual University of Sydney results
2026-04-20 00:00:00,20260420,5,2,2.09,0.0802,52.66,27,26.28,27.0,-26.38,-0.5009,Synthetic demonstration data — not actual University of Sydney results
2026-04-20 00:00:00,20260420,6,2,2.23,0.0857,55.82,8,10.04,10.6,-45.78,-0.8201,Synthetic demonstration data — not actual University of Sydney results
2026-04-20 00:00:00,20260420,7,2,2.17,0.0515,56.25,7,7.65,8.03,-48.6,-0.864,Synthetic demonstration data — not actual University of Sydney results
2026-04-20 00:00:00,20260420,8,3,1.35,0.0614,34.68,5,4.21,4.25,-30.47,-0.8786,Synthetic demonstration data — not actual University of Sydney results
2026-04-20 00:00:00,20260420,9,3,1.36,0.0606,34.97,22,29.19,28.38,-5.78,-0.1653,Synthetic demonstration data — not actual University of Sydney results
2026-04-20 00:00:00,20260420,10,3,1.43,0.0328,37.91,5,5.28,5.1,-32.63,-0.8607,Synthetic demonstration data — not actual University of Sydney results
2026-04-27 00:00:00,20260427,1,1,2.1,0.0776,56.11,20,24.86,25.06,-31.25,-0.5569,Synthetic demonstration data — not actual University of Sydney results
2026-04-27 00:00:00,20260427,2,1,2.04,0.0905,53.83,14,18.13,17.14,-35.7,-0.6632,Synthetic demonstration data — not actual University of Sydney results
2026-04-27 00:00:00,20260427,3,1,1.72,0.01,49.38,12,12.2,13.06,-37.18,-0.7529,Synthetic demonstration data — not actual University of Sydney results
2026-04-27 00:00:00,20260427,4,1,1.94,0.044,53.66,24,24.49,25.19,-29.17,-0.5436,Synthetic demonstration data — not actual University of Sydney results
2026-04-27 00:00:00,20260427,5,2,1.89,0.0241,50.47,34,41.93,44.23,-8.54,-0.1693,Synthetic demonstration data — not actual University of Sydney results
2026-04-27 00:00:00,20260427,6,2,1.82,0.0532,47.25,5,3.47,3.19,-43.78,-0.9266,Synthetic demonstration data — not actual University of Sydney results
2026-04-27 00:00:00,20260427,7,2,2.1,0.0901,52.36,9,9.91,10.09,-42.45,-0.8107,Synthetic demonstration data — not actual University of Sydney results
2026-04-27 00:00:00,20260427,8,3,1.54,0.0455,40.31,2,3.62,3.51,-36.69,-0.9102,Synthetic demonstration data — not actual University of Sydney results
2026-04-27 00:00:00,20260427,9,3,1.59,0.0639,40.67,20,25.08,23.44,-15.59,-0.3833,Synthetic demonstration data — not actual University of Sydney results
2026-04-27 00:00:00,20260427,10,3,1.49,0.0122,40.15,0,0.0,0.0,-40.15,-1.0,Synthetic demonstration data — not actual University of Sydney results
2026-05-04 00:00:00,20260504,1,1,1.94,0.0669,52.44,15,16.37,17.43,-36.07,-0.6878,Synthetic demonstration data — not actual University of Sydney results
2026-05-04 00:00:00,20260504,2,1,1.87,0.06,50.93,20,25.92,24.8,-25.01,-0.4911,Synthetic demonstration data — not actual University of Sydney results
2026-05-04 00:00:00,20260504,3,1,1.84,0.0376,51.22,16,18.59,17.73,-32.63,-0.637,Synthetic demonstration data — not actual University of Sydney results
2026-05-04 00:00:00,20260504,4,1,1.84,0.041,51.15,25,26.6,26.55,-24.55,-0.4799,Synthetic demonstration data — not actual University of Sydney results
2026-05-04 00:00:00,20260504,5,2,1.8,0.1023,44.32,30,34.54,37.27,-9.78,-0.2206,Synthetic demonstration data — not actual University of Sydney results
2026-05-04 00:00:00,20260504,6,2,1.82,0.0419,47.76,10,11.77,11.33,-35.99,-0.7535,Synthetic demonstration data — not actual University of Sydney results
2026-05-04 00:00:00,20260504,7,2,1.89,0.1039,46.44,7,9.42,8.59,-37.02,-0.7972,Synthetic demonstration data — not actual University of Sydney results
2026-05-04 00:00:00,20260504,8,3,1.36,0.1051,33.42,3,3.3,3.02,-30.12,-0.9012,Synthetic demonstration data — not actual University of Sydney results
2026-05-04 00:00:00,20260504,9,3,1.62,0.1031,39.73,21,26.18,24.22,-13.55,-0.3411,Synthetic demonstration data — not actual University of Sydney results
2026-05-04 00:00:00,20260504,10,3,1.57,0.0287,41.64,4,5.82,5.37,-35.82,-0.8602,Synthetic demonstration data — not actual University of Sydney results
2026-05-11 00:00:00,20260511,1,1,1.83,0.0273,51.62,15,20.5,21.02,-31.12,-0.6029,Synthetic demonstration data — not actual University of Sydney results
2026-05-11 00:00:00,20260511,2,1,2.0,0.0726,53.77,16,23.21,24.37,-30.56,-0.5683,Synthetic demonstration data — not actual University of Sydney results
2026-05-11 00:00:00,20260511,3,1,1.74,0.0749,46.79,18,20.49,20.64,-26.3,-0.5621,Synthetic demonstration data — not actual University of Sydney results
2026-05-11 00:00:00,20260511,4,1,1.96,0.0823,52.26,27,28.8,26.86,-23.46,-0.449,Synthetic demonstration data — not actual University of Sydney results
2026-05-11 00:00:00,20260511,5,2,1.84,0.1285,43.89,36,38.17,37.89,-5.72,-0.1303,Synthetic demonstration data — not actual University of Sydney results
2026-05-11 00:00:00,20260511,6,2,2.0,0.0634,51.18,6,7.43,7.31,-43.75,-0.8548,Synthetic demonstration data — not actual University of Sydney results
2026-05-11 00:00:00,20260511,7,2,1.94,0.082,48.67,7,7.85,8.08,-40.82,-0.8387,Synthetic demonstration data — not actual University of Sydney results
2026-05-11 00:00:00,20260511,8,3,1.38,0.0995,33.98,6,6.87,6.7,-27.11,-0.7978,Synthetic demonstration data — not actual University of Sydney results
2026-05-11 00:00:00,20260511,9,3,1.56,0.0533,40.37,25,26.62,28.64,-13.75,-0.3406,Synthetic demonstration data — not actual University of Sydney results
2026-05-11 00:00:00,20260511,10,3,1.47,0.0563,37.87,3,2.55,2.54,-35.32,-0.9327,Synthetic demonstration data — not actual University of Sydney results
2026-05-18 00:00:00,20260518,1,1,1.79,0.0687,48.32,12,16.63,17.57,-31.69,-0.6558,Synthetic demonstration data — not actual University of Sydney results
2026-05-18 00:00:00,20260518,2,1,2.04,0.0995,53.32,10,16.3,14.97,-37.02,-0.6943,Synthetic demonstration data — not actual University of Sydney results
2026-05-18 00:00:00,20260518,3,1,1.91,0.0572,52.28,14,15.66,15.6,-36.62,-0.7005,Synthetic demonstration data — not actual University of Sydney results
2026-05-18 00:00:00,20260518,4,1,2.01,0.0557,54.96,32,35.08,36.47,-19.88,-0.3618,Synthetic demonstration data — not actual University of Sydney results
2026-05-18 00:00:00,20260518,5,2,1.96,0.0645,50.29,39,47.01,50.73,-3.28,-0.0651,Synthetic demonstration data — not actual University of Sydney results
2026-05-18 00:00:00,20260518,6,2,1.93,0.0416,50.53,6,5.76,5.75,-44.77,-0.886,Synthetic demonstration data — not actual University of Sydney results
2026-05-18 00:00:00,20260518,7,2,1.94,0.0708,49.37,4,5.95,5.64,-43.42,-0.8795,Synthetic demonstration data — not actual University of Sydney results
2026-05-18 00:00:00,20260518,8,3,1.36,0.0456,35.54,3,4.01,3.96,-31.53,-0.8872,Synthetic demonstration data — not actual University of Sydney results
2026-05-18 00:00:00,20260518,9,3,1.52,0.063,39.08,23,30.24,30.03,-8.84,-0.2262,Synthetic demonstration data — not actual University of Sydney results
2026-05-18 00:00:00,20260518,10,3,1.51,0.0984,37.32,10,9.94,10.51,-27.38,-0.7336,Synthetic demonstration data — not actual University of Sydney results
2026-05-25 00:00:00,20260525,1,1,1.71,0.0777,45.77,14,18.68,17.15,-27.09,-0.5919,Synthetic demonstration data — not actual University of Sydney results
2026-05-25 00:00:00,20260525,2,1,1.98,0.063,53.79,13,16.02,17.11,-37.77,-0.7022,Synthetic demonstration data — not actual University of Sydney results
2026-05-25 00:00:00,20260525,3,1,1.72,0.0281,48.53,13,16.42,15.29,-32.11,-0.6617,Synthetic demonstration data — not actual University of Sydney results
2026-05-25 00:00:00,20260525,4,1,1.97,0.0445,54.7,27,35.89,38.56,-18.81,-0.3439,Synthetic demonstration data — not actual University of Sydney results
2026-05-25 00:00:00,20260525,5,2,1.97,0.056,50.85,30,42.66,44.22,-8.19,-0.1611,Synthetic demonstration data — not actual University of Sydney results
2026-05-25 00:00:00,20260525,6,2,2.05,0.0848,51.39,11,12.63,12.48,-38.76,-0.7542,Synthetic demonstration data — not actual University of Sydney results
2026-05-25 00:00:00,20260525,7,2,1.89,0.0635,48.49,8,8.41,8.84,-40.08,-0.8266,Synthetic demonstration data — not actual University of Sydney results
2026-05-25 00:00:00,20260525,8,3,1.55,0.0748,39.13,2,3.19,3.33,-35.94,-0.9185,Synthetic demonstration data — not actual University of Sydney results
2026-05-25 00:00:00,20260525,9,3,1.6,0.0289,42.56,17,23.33,22.92,-19.23,-0.4519,Synthetic demonstration data — not actual University of Sydney results
2026-05-25 00:00:00,20260525,10,3,1.4,0.0787,35.2,3,3.51,3.65,-31.69,-0.9003,Synthetic demonstration data — not actual University of Sydney results
2026-06-01 00:00:00,20260601,1,1,1.86,0.0582,50.85,8,10.7,10.65,-40.15,-0.7896,Synthetic demonstration data — not actual University of Sydney results
2026-06-01 00:00:00,20260601,2,1,1.94,0.067,52.56,23,25.78,27.44,-26.78,-0.5095,Synthetic demonstration data — not actual University of Sydney results
2026-06-01 00:00:00,20260601,3,1,1.88,0.0342,52.6,18,19.95,20.0,-32.65,-0.6207,Synthetic demonstration data — not actual University of Sydney results
2026-06-01 00:00:00,20260601,4,1,1.72,0.0614,46.85,29,32.76,30.31,-14.09,-0.3008,Synthetic demonstration data — not actual University of Sydney results
2026-06-01 00:00:00,20260601,5,2,2.07,0.0373,54.59,28,34.76,37.18,-19.83,-0.3632,Synthetic demonstration data — not actual University of Sydney results
2026-06-01 00:00:00,20260601,6,2,2.01,0.039,52.9,5,4.88,4.81,-48.02,-0.9078,Synthetic demonstration data — not actual University of Sydney results
2026-06-01 00:00:00,20260601,7,2,2.02,0.0986,49.92,4,3.52,3.38,-46.4,-0.9295,Synthetic demonstration data — not actual University of Sydney results
2026-06-01 00:00:00,20260601,8,3,1.5,0.0356,39.66,5,5.33,5.43,-34.33,-0.8656,Synthetic demonstration data — not actual University of Sydney results
2026-06-01 00:00:00,20260601,9,3,1.42,0.033,37.49,21,23.81,21.91,-13.68,-0.3648,Synthetic demonstration data — not actual University of Sydney results
2026-06-01 00:00:00,20260601,10,3,1.45,0.085,36.38,6,5.75,5.93,-30.63,-0.842,Synthetic demonstration data — not actual University of Sydney results
2026-06-08 00:00:00,20260608,1,1,1.87,0.0377,52.32,13,15.18,15.28,-37.14,-0.7098,Synthetic demonstration data — not actual University of Sydney results
2026-06-08 00:00:00,20260608,2,1,1.81,0.0382,50.52,16,18.05,18.91,-32.47,-0.6427,Synthetic demonstration data — not actual University of Sydney results
2026-06-08 00:00:00,20260608,3,1,2.04,0.0884,53.9,16,20.65,21.49,-33.25,-0.6169,Synthetic demonstration data — not actual University of Sydney results
2026-06-08 00:00:00,20260608,4,1,1.82,0.0501,50.17,28,32.5,33.43,-17.67,-0.3521,Synthetic demonstration data — not actual University of Sydney results
2026-06-08 00:00:00,20260608,5,2,1.96,0.0802,49.26,33,37.65,39.14,-11.61,-0.2357,Synthetic demonstration data — not actual University of Sydney results
2026-06-08 00:00:00,20260608,6,2,2.11,0.0845,52.83,5,6.63,6.27,-46.2,-0.8745,Synthetic demonstration data — not actual University of Sydney results
2026-06-08 00:00:00,20260608,7,2,1.82,0.0486,47.42,4,2.65,2.48,-44.77,-0.9441,Synthetic demonstration data — not actual University of Sydney results
2026-06-08 00:00:00,20260608,8,3,1.61,0.0305,42.65,0,0.0,0.0,-42.65,-1.0,Synthetic demonstration data — not actual University of Sydney results
2026-06-08 00:00:00,20260608,9,3,1.59,0.0549,41.09,20,24.2,23.09,-16.89,-0.411,Synthetic demonstration data — not actual University of Sydney results
2026-06-08 00:00:00,20260608,10,3,1.57,0.0489,40.76,5,4.48,4.77,-36.28,-0.8901,Synthetic demonstration data — not actual University of Sydney results
2026-06-15 00:00:00,20260615,1,1,1.91,0.0543,52.29,17,23.17,24.44,-29.12,-0.5569,Synthetic demonstration data — not actual University of Sydney results
2026-06-15 00:00:00,20260615,2,1,1.86,0.0663,50.48,13,15.6,15.03,-34.88,-0.691,Synthetic demonstration data — not actual University of Sydney results
2026-06-15 00:00:00,20260615,3,1,2.04,0.048,56.34,10,10.4,9.51,-45.94,-0.8154,Synthetic demonstration data — not actual University of Sydney results
2026-06-15 00:00:00,20260615,4,1,1.82,0.0752,48.75,40,43.67,44.27,-5.08,-0.1043,Synthetic demonstration data — not actual University of Sydney results
2026-06-15 00:00:00,20260615,5,2,2.03,0.0313,53.79,35,38.59,38.87,-15.2,-0.2826,Synthetic demonstration data — not actual University of Sydney results
2026-06-15 00:00:00,20260615,6,2,1.91,0.1416,44.83,14,14.93,13.77,-29.9,-0.6669,Synthetic demonstration data — not actual University of Sydney results
2026-06-15 00:00:00,20260615,7,2,2.03,0.0487,52.73,7,7.81,8.15,-44.92,-0.8519,Synthetic demonstration data — not actual University of Sydney results
2026-06-15 00:00:00,20260615,8,3,1.68,0.016,45.11,5,4.15,3.97,-40.96,-0.908,Synthetic demonstration data — not actual University of Sydney results
2026-06-15 00:00:00,20260615,9,3,1.49,0.0873,37.25,17,24.86,24.38,-12.39,-0.3325,Synthetic demonstration data — not actual University of Sydney results
2026-06-15 00:00:00,20260615,10,3,1.64,0.0619,42.02,2,1.66,1.73,-40.36,-0.9605,Synthetic demonstration data — not actual University of Sydney results
2026-06-22 00:00:00,20260622,1,1,1.88,0.0588,51.28,20,28.3,29.45,-22.98,-0.4481,Synthetic demonstration data — not actual University of Sydney results
2026-06-22 00:00:00,20260622,2,1,2.01,0.0671,54.5,19,22.87,22.7,-31.63,-0.5804,Synthetic demonstration data — not actual University of Sydney results
2026-06-22 00:00:00,20260622,3,1,1.72,0.0175,48.89,20,22.54,23.53,-26.35,-0.5389,Synthetic demonstration data — not actual University of Sydney results
2026-06-22 00:00:00,20260622,4,1,2.07,0.0675,55.96,28,31.98,30.44,-23.98,-0.4285,Synthetic demonstration data — not actual University of Sydney results
2026-06-22 00:00:00,20260622,5,2,2.2,0.0607,56.55,35,44.05,41.62,-12.5,-0.2211,Synthetic demonstration data — not actual University of Sydney results
2026-06-22 00:00:00,20260622,6,2,2.2,0.0882,54.98,8,7.99,7.76,-46.99,-0.8547,Synthetic demonstration data — not actual University of Sydney results
2026-06-22 00:00:00,20260622,7,2,2.04,0.0593,52.42,11,13.18,12.94,-39.24,-0.7485,Synthetic demonstration data — not actual University of Sydney results
2026-06-22 00:00:00,20260622,8,3,1.6,0.0441,41.96,4,4.51,4.33,-37.45,-0.8925,Synthetic demonstration data — not actual University of Sydney results
2026-06-22 00:00:00,20260622,9,3,1.54,0.0242,41.0,15,19.71,18.39,-21.29,-0.5192,Synthetic demonstration data — not actual University of Sydney results
2026-06-22 00:00:00,20260622,10,3,1.68,0.0542,43.36,4,5.51,5.58,-37.85,-0.8729,Synthetic demonstration data — not actual University of Sydney results
2026-06-29 00:00:00,20260629,1,1,2.02,0.0606,55.01,20,24.14,22.57,-30.87,-0.5612,Synthetic demonstration data — not actual University of Sydney results
2026-06-29 00:00:00,20260629,2,1,1.75,0.093,46.04,35,45.43,46.76,-0.61,-0.0132,Synthetic demonstration data — not actual University of Sydney results
2026-06-29 00:00:00,20260629,3,1,2.05,0.052,56.26,13,13.25,13.29,-43.01,-0.7645,Synthetic demonstration data — not actual University of Sydney results
2026-06-29 00:00:00,20260629,4,1,1.71,0.0448,47.41,30,34.31,36.35,-13.1,-0.2764,Synthetic demonstration data — not actual University of Sydney results
2026-06-29 00:00:00,20260629,5,2,1.98,0.01,53.66,49,50.83,51.43,-2.83,-0.0528,Synthetic demonstration data — not actual University of Sydney results
2026-06-29 00:00:00,20260629,6,2,1.87,0.0662,47.82,8,13.28,12.68,-34.54,-0.7223,Synthetic demonstration data — not actual University of Sydney results
2026-06-29 00:00:00,20260629,7,2,1.98,0.076,50.1,10,12.44,12.36,-37.66,-0.7517,Synthetic demonstration data — not actual University of Sydney results
2026-06-29 00:00:00,20260629,8,3,1.6,0.0362,42.27,4,4.41,4.32,-37.86,-0.8957,Synthetic demonstration data — not actual University of Sydney results
2026-06-29 00:00:00,20260629,9,3,1.45,0.0348,38.4,25,27.03,27.25,-11.37,-0.2961,Synthetic demonstration data — not actual University of Sydney results
2026-06-29 00:00:00,20260629,10,3,1.44,0.0437,37.79,6,6.32,6.03,-31.47,-0.8328,Synthetic demonstration data — not actual University of Sydney results
2026-07-06 00:00:00,20260706,1,1,2.01,0.09,47.81,39,49.26,50.94,1.45,0.0303,Synthetic demonstration data — not actual University of Sydney results
2026-07-06 00:00:00,20260706,2,1,1.8,0.0434,44.93,45,54.13,55.82,9.2,0.2048,Synthetic demonstration data — not actual University of Sydney results
2026-07-06 00:00:00,20260706,3,1,1.91,0.1363,42.98,18,20.94,19.64,-22.04,-0.5128,Synthetic demonstration data — not actual University of Sydney results
2026-07-06 00:00:00,20260706,4,1,1.85,0.0596,45.45,31,35.98,33.32,-9.47,-0.2083,Synthetic demonstration data — not actual University of Sydney results
2026-07-06 00:00:00,20260706,5,2,1.9,0.0976,46.84,52,57.26,59.7,10.42,0.2225,Synthetic demonstration data — not actual University of Sydney results
2026-07-06 00:00:00,20260706,6,2,2.13,0.1184,51.42,12,15.1,14.69,-36.32,-0.7063,Synthetic demonstration data — not actual University of Sydney results
2026-07-06 00:00:00,20260706,7,2,1.99,0.0766,50.26,8,9.85,10.05,-40.41,-0.804,Synthetic demonstration data — not actual University of Sydney results
2026-07-06 00:00:00,20260706,8,3,1.39,0.0729,35.29,4,3.41,3.53,-31.88,-0.9034,Synthetic demonstration data — not actual University of Sydney results
2026-07-06 00:00:00,20260706,9,3,1.62,0.1335,38.4,29,36.25,36.64,-2.15,-0.0561,Synthetic demonstration data — not actual University of Sydney results
2026-07-06 00:00:00,20260706,10,3,1.44,0.0955,35.58,7,5.64,5.83,-29.94,-0.8415,Synthetic demonstration data — not actual University of Sydney results
2026-07-13 00:00:00,20260713,1,1,1.97,0.062,48.35,35,46.73,46.06,-1.62,-0.0334,Synthetic demonstration data — not actual University of Sydney results
2026-07-13 00:00:00,20260713,2,1,1.77,0.1353,40.06,30,34.73,32.4,-5.33,-0.133,Synthetic demonstration data — not actual University of Sydney results
2026-07-13 00:00:00,20260713,3,1,2.04,0.1099,47.4,15,15.54,15.11,-31.86,-0.6722,Synthetic demonstration data — not actual University of Sydney results
2026-07-13 00:00:00,20260713,4,1,1.73,0.1125,40.18,29,36.22,36.06,-3.96,-0.0985,Synthetic demonstration data — not actual University of Sydney results
2026-07-13 00:00:00,20260713,5,2,2.1,0.0843,52.52,54,54.52,58.1,2.0,0.0382,Synthetic demonstration data — not actual University of Sydney results
2026-07-13 00:00:00,20260713,6,2,2.07,0.0616,53.02,14,16.33,16.58,-36.69,-0.692,Synthetic demonstration data — not actual University of Sydney results
2026-07-13 00:00:00,20260713,7,2,2.1,0.1038,51.56,8,9.05,8.43,-42.51,-0.8245,Synthetic demonstration data — not actual University of Sydney results
2026-07-13 00:00:00,20260713,8,3,1.56,0.0662,39.92,7,6.59,6.29,-33.33,-0.8349,Synthetic demonstration data — not actual University of Sydney results
2026-07-13 00:00:00,20260713,9,3,1.43,0.0915,35.44,40,48.09,47.57,12.65,0.3569,Synthetic demonstration data — not actual University of Sydney results
2026-07-13 00:00:00,20260713,10,3,1.46,0.0714,37.08,7,6.94,7.31,-30.14,-0.8128,Synthetic demonstration data — not actual University of Sydney results
2026-07-20 00:00:00,20260720,1,1,1.94,0.0717,47.04,35,45.72,46.86,-1.32,-0.0281,Synthetic demonstration data — not actual University of Sydney results
2026-07-20 00:00:00,20260720,2,1,1.72,0.1205,39.57,36,43.48,42.58,3.91,0.0987,Synthetic demonstration data — not actual University of Sydney results
2026-07-20 00:00:00,20260720,3,1,2.08,0.1365,46.86,16,17.81,18.91,-29.05,-0.6199,Synthetic demonstration data — not actual University of Sydney results
2026-07-20 00:00:00,20260720,4,1,1.8,0.0467,44.81,40,50.41,47.4,5.6,0.1249,Synthetic demonstration data — not actual University of Sydney results
2026-07-20 00:00:00,20260720,5,2,1.85,0.1176,44.61,56,64.5,65.52,19.89,0.4459,Synthetic demonstration data — not actual University of Sydney results
2026-07-20 00:00:00,20260720,6,2,2.03,0.0642,51.86,16,21.66,20.98,-30.2,-0.5823,Synthetic demonstration data — not actual University of Sydney results
2026-07-20 00:00:00,20260720,7,2,1.95,0.028,51.92,8,11.14,11.04,-40.78,-0.7854,Synthetic demonstration data — not actual University of Sydney results
2026-07-20 00:00:00,20260720,8,3,1.59,0.0717,40.26,6,4.53,4.87,-35.73,-0.8875,Synthetic demonstration data — not actual University of Sydney results
2026-07-20 00:00:00,20260720,9,3,1.37,0.1148,33.27,39,45.71,46.17,12.44,0.3739,Synthetic demonstration data — not actual University of Sydney results
2026-07-20 00:00:00,20260720,10,3,1.58,0.1081,38.62,2,3.37,3.3,-35.25,-0.9127,Synthetic demonstration data — not actual University of Sydney results
2026-07-27 00:00:00,20260727,1,1,1.8,0.112,41.83,40,48.26,50.43,6.43,0.1538,Synthetic demonstration data — not actual University of Sydney results
2026-07-27 00:00:00,20260727,2,1,2.02,0.1321,45.67,45,58.3,62.08,12.63,0.2766,Synthetic demonstration data — not actual University of Sydney results
2026-07-27 00:00:00,20260727,3,1,1.9,0.0789,45.72,20,16.79,16.16,-28.93,-0.6328,Synthetic demonstration data — not actual University of Sydney results
2026-07-27 00:00:00,20260727,4,1,1.91,0.0781,45.92,36,43.26,40.05,-2.66,-0.0579,Synthetic demonstration data — not actual University of Sydney results
2026-07-27 00:00:00,20260727,5,2,2.22,0.1,54.57,48,49.74,46.07,-4.83,-0.0885,Synthetic demonstration data — not actual University of Sydney results
2026-07-27 00:00:00,20260727,6,2,2.24,0.0963,55.31,6,8.71,9.03,-46.6,-0.8425,Synthetic demonstration data — not actual University of Sydney results
2026-07-27 00:00:00,20260727,7,2,2.05,0.0776,51.7,18,18.15,17.98,-33.55,-0.649,Synthetic demonstration data — not actual University of Sydney results
2026-07-27 00:00:00,20260727,8,3,1.47,0.0854,36.84,6,5.72,5.47,-31.12,-0.8447,Synthetic demonstration data — not actual University of Sydney results
2026-07-27 00:00:00,20260727,9,3,1.64,0.0912,40.76,24,26.02,23.74,-14.74,-0.3616,Synthetic demonstration data — not actual University of Sydney results
2026-07-27 00:00:00,20260727,10,3,1.56,0.1195,37.56,8,8.87,8.22,-28.69,-0.7639,Synthetic demonstration data — not actual University of Sydney results
2026-08-03 00:00:00,20260803,1,1,1.93,0.0812,46.18,26,30.97,30.89,-15.21,-0.3294,Synthetic demonstration data — not actual University of Sydney results
2026-08-03 00:00:00,20260803,2,1,1.76,0.0901,41.85,40,51.85,53.5,10.0,0.2389,Synthetic demonstration data — not actual University of Sydney results
2026-08-03 00:00:00,20260803,3,1,2.07,0.036,51.99,14,15.83,16.71,-36.16,-0.6955,Synthetic demonstration data — not actual University of Sydney results
2026-08-03 00:00:00,20260803,4,1,1.71,0.0814,40.93,43,41.79,43.02,0.86,0.021,Synthetic demonstration data — not actual University of Sydney results
2026-08-03 00:00:00,20260803,5,2,2.1,0.1257,50.25,47,54.81,55.62,4.56,0.0908,Synthetic demonstration data — not actual University of Sydney results
2026-08-03 00:00:00,20260803,6,2,2.22,0.0731,56.4,8,9.9,9.63,-46.5,-0.8245,Synthetic demonstration data — not actual University of Sydney results
2026-08-03 00:00:00,20260803,7,2,2.05,0.0796,51.5,15,15.66,15.71,-35.84,-0.6959,Synthetic demonstration data — not actual University of Sydney results
2026-08-03 00:00:00,20260803,8,3,1.66,0.0802,41.65,10,13.26,13.5,-28.39,-0.6816,Synthetic demonstration data — not actual University of Sydney results
2026-08-03 00:00:00,20260803,9,3,1.46,0.052,37.91,28,34.21,32.86,-3.7,-0.0975,Synthetic demonstration data — not actual University of Sydney results
2026-08-03 00:00:00,20260803,10,3,1.5,0.0918,37.22,6,5.28,5.27,-31.94,-0.8581,Synthetic demonstration data — not actual University of Sydney results
2026-08-10 00:00:00,20260810,1,1,1.89,0.1389,42.53,24,29.15,27.86,-13.38,-0.3147,Synthetic demonstration data — not actual University of Sydney results
2026-08-10 00:00:00,20260810,2,1,1.84,0.1156,42.41,36,43.49,42.19,1.08,0.0255,Synthetic demonstration data — not actual University of Sydney results
2026-08-10 00:00:00,20260810,3,1,1.76,0.109,40.96,15,16.5,15.14,-24.46,-0.5972,Synthetic demonstration data — not actual University of Sydney results
2026-08-10 00:00:00,20260810,4,1,1.87,0.1228,42.87,19,21.91,23.0,-20.96,-0.4889,Synthetic demonstration data — not actual University of Sydney results
2026-08-10 00:00:00,20260810,5,2,2.04,0.0369,53.7,45,49.79,53.65,-3.91,-0.0728,Synthetic demonstration data — not actual University of Sydney results
2026-08-10 00:00:00,20260810,6,2,2.04,0.1038,50.0,12,12.83,12.88,-37.17,-0.7434,Synthetic demonstration data — not actual University of Sydney results
2026-08-10 00:00:00,20260810,7,2,2.11,0.1142,51.06,7,5.18,5.58,-45.88,-0.8986,Synthetic demonstration data — not actual University of Sydney results
2026-08-10 00:00:00,20260810,8,3,1.5,0.147,35.03,8,11.37,11.13,-23.66,-0.6754,Synthetic demonstration data — not actual University of Sydney results
2026-08-10 00:00:00,20260810,9,3,1.48,0.084,37.16,32,36.28,38.38,-0.88,-0.0237,Synthetic demonstration data — not actual University of Sydney results
2026-08-10 00:00:00,20260810,10,3,1.55,0.0787,39.04,2,2.67,2.74,-36.37,-0.9316,Synthetic demonstration data — not actual University of Sydney results
