month_start,month_date_key,campus_key,cohort_key,lifecycle_stage_key,active_users,synthetic_label
2024-09-01 00:00:00,20240901,1,1,1,1171,Synthetic demonstration data — not actual University of Sydney results
2024-09-01 00:00:00,20240901,1,1,2,4295,Synthetic demonstration data — not actual University of Sydney results
2024-09-01 00:00:00,20240901,1,1,3,11716,Synthetic demonstration data — not actual University of Sydney results
2024-09-01 00:00:00,20240901,1,1,4,2343,Synthetic demonstration data — not actual University of Sydney results
2024-09-01 00:00:00,20240901,2,1,1,228,Synthetic demonstration data — not actual University of Sydney results
2024-09-01 00:00:00,20240901,2,1,2,836,Synthetic demonstration data — not actual University of Sydney results
2024-09-01 00:00:00,20240901,2,1,3,2281,Synthetic demonstration data — not actual University of Sydney results
2024-09-01 00:00:00,20240901,2,1,4,456,Synthetic demonstration data — not actual University of Sydney results
2024-09-01 00:00:00,20240901,3,1,1,104,Synthetic demonstration data — not actual University of Sydney results
2024-09-01 00:00:00,20240901,3,1,2,384,Synthetic demonstration data — not actual University of Sydney results
2024-09-01 00:00:00,20240901,3,1,3,1048,Synthetic demonstration data — not actual University of Sydney results
2024-09-01 00:00:00,20240901,3,1,4,209,Synthetic demonstration data — not actual University of Sydney results
2024-09-01 00:00:00,20240901,1,2,1,696,Synthetic demonstration data — not actual University of Sydney results
2024-09-01 00:00:00,20240901,1,2,2,2554,Synthetic demonstration data — not actual University of Sydney results
2024-09-01 00:00:00,20240901,1,2,3,6966,Synthetic demonstration data — not actual University of Sydney results
2024-09-01 00:00:00,20240901,1,2,4,1393,Synthetic demonstration data — not actual University of Sydney results
2024-09-01 00:00:00,20240901,2,2,1,136,Synthetic demonstration data — not actual University of Sydney results
2024-09-01 00:00:00,20240901,2,2,2,501,Synthetic demonstration data — not actual University of Sydney results
2024-09-01 00:00:00,20240901,2,2,3,1368,Synthetic demonstration data — not actual University of Sydney results
2024-09-01 00:00:00,20240901,2,2,4,273,Synthetic demonstration data — not actual University of Sydney results
2024-09-01 00:00:00,20240901,3,2,1,62,Synthetic demonstration data — not actual University of Sydney results
2024-09-01 00:00:00,20240901,3,2,2,228,Synthetic demonstration data — not actual University of Sydney results
2024-09-01 00:00:00,20240901,3,2,3,622,Synthetic demonstration data — not actual University of Sydney results
2024-09-01 00:00:00,20240901,3,2,4,124,Synthetic demonstration data — not actual University of Sydney results
2024-09-01 00:00:00,20240901,1,3,1,379,Synthetic demonstration data — not actual University of Sydney results
2024-09-01 00:00:00,20240901,1,3,2,1391,Synthetic demonstration data — not actual University of Sydney results
2024-09-01 00:00:00,20240901,1,3,3,3793,Synthetic demonstration data — not actual University of Sydney results
2024-09-01 00:00:00,20240901,1,3,4,758,Synthetic demonstration data — not actual University of Sydney results
2024-09-01 00:00:00,20240901,2,3,1,71,Synthetic demonstration data — not actual University of Sydney results
2024-09-01 00:00:00,20240901,2,3,2,262,Synthetic demonstration data — not actual University of Sydney results
2024-09-01 00:00:00,20240901,2,3,3,715,Synthetic demonstration data — not actual University of Sydney results
2024-09-01 00:00:00,20240901,2,3,4,143,Synthetic demonstration data — not actual University of Sydney results
2024-09-01 00:00:00,20240901,3,3,1,33,Synthetic demonstration data — not actual University of Sydney results
2024-09-01 00:00:00,20240901,3,3,2,124,Synthetic demonstration data — not actual University of Sydney results
2024-09-01 00:00:00,20240901,3,3,3,338,Synthetic demonstration data — not actual University of Sydney results
2024-09-01 00:00:00,20240901,3,3,4,67,Synthetic demonstration data — not actual University of Sydney results
2024-09-01 00:00:00,20240901,1,4,1,553,Synthetic demonstration data — not actual University of Sydney results
2024-09-01 00:00:00,20240901,1,4,2,2029,Synthetic demonstration data — not actual University of Sydney results
2024-09-01 00:00:00,20240901,1,4,3,5536,Synthetic demonstration data — not actual University of Sydney results
2024-09-01 00:00:00,20240901,1,4,4,1107,Synthetic demonstration data — not actual University of Sydney results
2024-09-01 00:00:00,20240901,2,4,1,107,Synthetic demonstration data — not actual University of Sydney results
2024-09-01 00:00:00,20240901,2,4,2,394,Synthetic demonstration data — not actual University of Sydney results
2024-09-01 00:00:00,20240901,2,4,3,1075,Synthetic demonstration data — not actual University of Sydney results
2024-09-01 00:00:00,20240901,2,4,4,215,Synthetic demonstration data — not actual University of Sydney results
2024-09-01 00:00:00,20240901,3,4,1,50,Synthetic demonstration data — not actual University of Sydney results
2024-09-01 00:00:00,20240901,3,4,2,186,Synthetic demonstration data — not actual University of Sydney results
2024-09-01 00:00:00,20240901,3,4,3,508,Synthetic demonstration data — not actual University of Sydney results
2024-09-01 00:00:00,20240901,3,4,4,101,Synthetic demonstration data — not actual University of Sydney results
2024-09-01 00:00:00,20240901,1,5,1,234,Synthetic demonstration data — not actual University of Sydney results
2024-09-01 00:00:00,20240901,1,5,2,859,Synthetic demonstration data — not actual University of Sydney results
2024-09-01 00:00:00,20240901,1,5,3,2343,Synthetic demonstration data — not actual University of Sydney results
2024-09-01 00:00:00,20240901,1,5,4,468,Synthetic demonstration data — not actual University of Sydney results
2024-09-01 00:00:00,20240901,2,5,1,45,Synthetic demonstration data — not actual University of Sydney results
2024-09-01 00:00:00,20240901,2,5,2,165,Synthetic demonstration data — not actual University of Sydney results
2024-09-01 00:00:00,20240901,2,5,3,451,Synthetic demonstration data — not actual University of Sydney results
2024-09-01 00:00:00,20240901,2,5,4,90,Synthetic demonstration data — not actual University of Sydney results
2024-09-01 00:00:00,20240901,3,5,1,20,Synthetic demonstration data — not actual University of Sydney results
2024-09-01 00:00:00,20240901,3,5,2,76,Synthetic demonstration data — not actual University of Sydney results
2024-09-01 00:00:00,20240901,3,5,3,208,Synthetic demonstration data — not actual University of Sydney results
2024-09-01 00:00:00,20240901,3,5,4,41,Synthetic demonstration data — not actual University of Sydney results
2024-09-01 00:00:00,20240901,1,6,5,3277,Synthetic demonstration data — not actual University of Sydney results
2024-09-01 00:00:00,20240901,2,6,5,639,Synthetic demonstration data — not actual University of Sydney results
2024-09-01 00:00:00,20240901,3,6,5,293,Synthetic demonstration data — not actual University of Sydney results
2024-09-01 00:00:00,20240901,1,7,5,5877,Synthetic demonstration data — not actual University of Sydney results
2024-09-01 00:00:00,20240901,2,7,5,1137,Synthetic demonstration data — not actual University of Sydney results
2024-09-01 00:00:00,20240901,3,7,5,526,Synthetic demonstration data — not actual University of Sydney results
2024-10-01 00:00:00,20241001,1,1,1,1174,Synthetic demonstration data — not actual University of Sydney results
2024-10-01 00:00:00,20241001,1,1,2,4307,Synthetic demonstration data — not actual University of Sydney results
2024-10-01 00:00:00,20241001,1,1,3,11746,Synthetic demonstration data — not actual University of Sydney results
2024-10-01 00:00:00,20241001,1,1,4,2349,Synthetic demonstration data — not actual University of Sydney results
2024-10-01 00:00:00,20241001,2,1,1,228,Synthetic demonstration data — not actual University of Sydney results
2024-10-01 00:00:00,20241001,2,1,2,836,Synthetic demonstration data — not actual University of Sydney results
2024-10-01 00:00:00,20241001,2,1,3,2280,Synthetic demonstration data — not actual University of Sydney results
2024-10-01 00:00:00,20241001,2,1,4,456,Synthetic demonstration data — not actual University of Sydney results
2024-10-01 00:00:00,20241001,3,1,1,105,Synthetic demonstration data — not actual University of Sydney results
2024-10-01 00:00:00,20241001,3,1,2,385,Synthetic demonstration data — not actual University of Sydney results
2024-10-01 00:00:00,20241001,3,1,3,1051,Synthetic demonstration data — not actual University of Sydney results
2024-10-01 00:00:00,20241001,3,1,4,210,Synthetic demonstration data — not actual University of Sydney results
2024-10-01 00:00:00,20241001,1,2,1,705,Synthetic demonstration data — not actual University of Sydney results
2024-10-01 00:00:00,20241001,1,2,2,2586,Synthetic demonstration data — not actual University of Sydney results
2024-10-01 00:00:00,20241001,1,2,3,7053,Synthetic demonstration data — not actual University of Sydney results
2024-10-01 00:00:00,20241001,1,2,4,1410,Synthetic demonstration data — not actual University of Sydney results
2024-10-01 00:00:00,20241001,2,2,1,136,Synthetic demonstration data — not actual University of Sydney results
2024-10-01 00:00:00,20241001,2,2,2,501,Synthetic demonstration data — not actual University of Sydney results
2024-10-01 00:00:00,20241001,2,2,3,1368,Synthetic demonstration data — not actual University of Sydney results
2024-10-01 00:00:00,20241001,2,2,4,273,Synthetic demonstration data — not actual University of Sydney results
2024-10-01 00:00:00,20241001,3,2,1,63,Synthetic demonstration data — not actual University of Sydney results
2024-10-01 00:00:00,20241001,3,2,2,234,Synthetic demonstration data — not actual University of Sydney results
2024-10-01 00:00:00,20241001,3,2,3,639,Synthetic demonstration data — not actual University of Sydney results
2024-10-01 00:00:00,20241001,3,2,4,127,Synthetic demonstration data — not actual University of Sydney results
2024-10-01 00:00:00,20241001,1,3,1,373,Synthetic demonstration data — not actual University of Sydney results
2024-10-01 00:00:00,20241001,1,3,2,1369,Synthetic demonstration data — not actual University of Sydney results
2024-10-01 00:00:00,20241001,1,3,3,3733,Synthetic demonstration data — not actual University of Sydney results
2024-10-01 00:00:00,20241001,1,3,4,746,Synthetic demonstration data — not actual University of Sydney results
2024-10-01 00:00:00,20241001,2,3,1,73,Synthetic demonstration data — not actual University of Sydney results
2024-10-01 00:00:00,20241001,2,3,2,268,Synthetic demonstration data — not actual University of Sydney results
2024-10-01 00:00:00,20241001,2,3,3,732,Synthetic demonstration data — not actual University of Sydney results
2024-10-01 00:00:00,20241001,2,3,4,146,Synthetic demonstration data — not actual University of Sydney results
2024-10-01 00:00:00,20241001,3,3,1,33,Synthetic demonstration data — not actual University of Sydney results
2024-10-01 00:00:00,20241001,3,3,2,122,Synthetic demonstration data — not actual University of Sydney results
2024-10-01 00:00:00,20241001,3,3,3,333,Synthetic demonstration data — not actual University of Sydney results
2024-10-01 00:00:00,20241001,3,3,4,66,Synthetic demonstration data — not actual University of Sydney results
2024-10-01 00:00:00,20241001,1,4,1,573,Synthetic demonstration data — not actual University of Sydney results
2024-10-01 00:00:00,20241001,1,4,2,2101,Synthetic demonstration data — not actual University of Sydney results
2024-10-01 00:00:00,20241001,1,4,3,5732,Synthetic demonstration data — not actual University of Sydney results
2024-10-01 00:00:00,20241001,1,4,4,1146,Synthetic demonstration data — not actual University of Sydney results
2024-10-01 00:00:00,20241001,2,4,1,107,Synthetic demonstration data — not actual University of Sydney results
2024-10-01 00:00:00,20241001,2,4,2,394,Synthetic demonstration data — not actual University of Sydney results
2024-10-01 00:00:00,20241001,2,4,3,1077,Synthetic demonstration data — not actual University of Sydney results
2024-10-01 00:00:00,20241001,2,4,4,215,Synthetic demonstration data — not actual University of Sydney results
2024-10-01 00:00:00,20241001,3,4,1,50,Synthetic demonstration data — not actual University of Sydney results
2024-10-01 00:00:00,20241001,3,4,2,185,Synthetic demonstration data — not actual University of Sydney results
2024-10-01 00:00:00,20241001,3,4,3,506,Synthetic demonstration data — not actual University of Sydney results
2024-10-01 00:00:00,20241001,3,4,4,101,Synthetic demonstration data — not actual University of Sydney results
2024-10-01 00:00:00,20241001,1,5,1,238,Synthetic demonstration data — not actual University of Sydney results
2024-10-01 00:00:00,20241001,1,5,2,873,Synthetic demonstration data — not actual University of Sydney results
2024-10-01 00:00:00,20241001,1,5,3,2382,Synthetic demonstration data — not actual University of Sydney results
2024-10-01 00:00:00,20241001,1,5,4,476,Synthetic demonstration data — not actual University of Sydney results
2024-10-01 00:00:00,20241001,2,5,1,45,Synthetic demonstration data — not actual University of Sydney results
2024-10-01 00:00:00,20241001,2,5,2,165,Synthetic demonstration data — not actual University of Sydney results
2024-10-01 00:00:00,20241001,2,5,3,450,Synthetic demonstration data — not actual University of Sydney results
2024-10-01 00:00:00,20241001,2,5,4,90,Synthetic demonstration data — not actual University of Sydney results
2024-10-01 00:00:00,20241001,3,5,1,21,Synthetic demonstration data — not actual University of Sydney results
2024-10-01 00:00:00,20241001,3,5,2,78,Synthetic demonstration data — not actual University of Sydney results
2024-10-01 00:00:00,20241001,3,5,3,213,Synthetic demonstration data — not actual University of Sydney results
2024-10-01 00:00:00,20241001,3,5,4,42,Synthetic demonstration data — not actual University of Sydney results
2024-10-01 00:00:00,20241001,1,6,5,3301,Synthetic demonstration data — not actual University of Sydney results
2024-10-01 00:00:00,20241001,2,6,5,627,Synthetic demonstration data — not actual University of Sydney results
2024-10-01 00:00:00,20241001,3,6,5,298,Synthetic demonstration data — not actual University of Sydney results
2024-10-01 00:00:00,20241001,1,7,5,5860,Synthetic demonstration data — not actual University of Sydney results
2024-10-01 00:00:00,20241001,2,7,5,1128,Synthetic demonstration data — not actual University of Sydney results
2024-10-01 00:00:00,20241001,3,7,5,526,Synthetic demonstration data — not actual University of Sydney results
2024-11-01 00:00:00,20241101,1,1,1,1199,Synthetic demonstration data — not actual University of Sydney results
2024-11-01 00:00:00,20241101,1,1,2,4398,Synthetic demonstration data — not actual University of Sydney results
2024-11-01 00:00:00,20241101,1,1,3,11997,Synthetic demonstration data — not actual University of Sydney results
2024-11-01 00:00:00,20241101,1,1,4,2399,Synthetic demonstration data — not actual University of Sydney results
2024-11-01 00:00:00,20241101,2,1,1,227,Synthetic demonstration data — not actual University of Sydney results
2024-11-01 00:00:00,20241101,2,1,2,835,Synthetic demonstration data — not actual University of Sydney results
2024-11-01 00:00:00,20241101,2,1,3,2278,Synthetic demonstration data — not actual University of Sydney results
2024-11-01 00:00:00,20241101,2,1,4,455,Synthetic demonstration data — not actual University of Sydney results
2024-11-01 00:00:00,20241101,3,1,1,105,Synthetic demonstration data — not actual University of Sydney results
2024-11-01 00:00:00,20241101,3,1,2,387,Synthetic demonstration data — not actual University of Sydney results
2024-11-01 00:00:00,20241101,3,1,3,1056,Synthetic demonstration data — not actual University of Sydney results
2024-11-01 00:00:00,20241101,3,1,4,211,Synthetic demonstration data — not actual University of Sydney results
2024-11-01 00:00:00,20241101,1,2,1,705,Synthetic demonstration data — not actual University of Sydney results
2024-11-01 00:00:00,20241101,1,2,2,2586,Synthetic demonstration data — not actual University of Sydney results
2024-11-01 00:00:00,20241101,1,2,3,7053,Synthetic demonstration data — not actual University of Sydney results
2024-11-01 00:00:00,20241101,1,2,4,1410,Synthetic demonstration data — not actual University of Sydney results
2024-11-01 00:00:00,20241101,2,2,1,135,Synthetic demonstration data — not actual University of Sydney results
2024-11-01 00:00:00,20241101,2,2,2,496,Synthetic demonstration data — not actual University of Sydney results
2024-11-01 00:00:00,20241101,2,2,3,1354,Synthetic demonstration data — not actual University of Sydney results
2024-11-01 00:00:00,20241101,2,2,4,270,Synthetic demonstration data — not actual University of Sydney results
2024-11-01 00:00:00,20241101,3,2,1,63,Synthetic demonstration data — not actual University of Sydney results
2024-11-01 00:00:00,20241101,3,2,2,234,Synthetic demonstration data — not actual University of Sydney results
2024-11-01 00:00:00,20241101,3,2,3,639,Synthetic demonstration data — not actual University of Sydney results
2024-11-01 00:00:00,20241101,3,2,4,127,Synthetic demonstration data — not actual University of Sydney results
2024-11-01 00:00:00,20241101,1,3,1,373,Synthetic demonstration data — not actual University of Sydney results
2024-11-01 00:00:00,20241101,1,3,2,1370,Synthetic demonstration data — not actual University of Sydney results
2024-11-01 00:00:00,20241101,1,3,3,3736,Synthetic demonstration data — not actual University of Sydney results
2024-11-01 00:00:00,20241101,1,3,4,747,Synthetic demonstration data — not actual University of Sydney results
2024-11-01 00:00:00,20241101,2,3,1,72,Synthetic demonstration data — not actual University of Sydney results
2024-11-01 00:00:00,20241101,2,3,2,266,Synthetic demonstration data — not actual University of Sydney results
2024-11-01 00:00:00,20241101,2,3,3,726,Synthetic demonstration data — not actual University of Sydney results
2024-11-01 00:00:00,20241101,2,3,4,145,Synthetic demonstration data — not actual University of Sydney results
2024-11-01 00:00:00,20241101,3,3,1,34,Synthetic demonstration data — not actual University of Sydney results
2024-11-01 00:00:00,20241101,3,3,2,125,Synthetic demonstration data — not actual University of Sydney results
2024-11-01 00:00:00,20241101,3,3,3,342,Synthetic demonstration data — not actual University of Sydney results
2024-11-01 00:00:00,20241101,3,3,4,68,Synthetic demonstration data — not actual University of Sydney results
2024-11-01 00:00:00,20241101,1,4,1,571,Synthetic demonstration data — not actual University of Sydney results
2024-11-01 00:00:00,20241101,1,4,2,2094,Synthetic demonstration data — not actual University of Sydney results
2024-11-01 00:00:00,20241101,1,4,3,5711,Synthetic demonstration data — not actual University of Sydney results
2024-11-01 00:00:00,20241101,1,4,4,1142,Synthetic demonstration data — not actual University of Sydney results
2024-11-01 00:00:00,20241101,2,4,1,107,Synthetic demonstration data — not actual University of Sydney results
2024-11-01 00:00:00,20241101,2,4,2,394,Synthetic demonstration data — not actual University of Sydney results
2024-11-01 00:00:00,20241101,2,4,3,1077,Synthetic demonstration data — not actual University of Sydney results
2024-11-01 00:00:00,20241101,2,4,4,215,Synthetic demonstration data — not actual University of Sydney results
2024-11-01 00:00:00,20241101,3,4,1,51,Synthetic demonstration data — not actual University of Sydney results
2024-11-01 00:00:00,20241101,3,4,2,187,Synthetic demonstration data — not actual University of Sydney results
2024-11-01 00:00:00,20241101,3,4,3,511,Synthetic demonstration data — not actual University of Sydney results
2024-11-01 00:00:00,20241101,3,4,4,102,Synthetic demonstration data — not actual University of Sydney results
2024-11-01 00:00:00,20241101,1,5,1,235,Synthetic demonstration data — not actual University of Sydney results
2024-11-01 00:00:00,20241101,1,5,2,864,Synthetic demonstration data — not actual University of Sydney results
2024-11-01 00:00:00,20241101,1,5,3,2358,Synthetic demonstration data — not actual University of Sydney results
2024-11-01 00:00:00,20241101,1,5,4,471,Synthetic demonstration data — not actual University of Sydney results
2024-11-01 00:00:00,20241101,2,5,1,46,Synthetic demonstration data — not actual University of Sydney results
2024-11-01 00:00:00,20241101,2,5,2,169,Synthetic demonstration data — not actual University of Sydney results
2024-11-01 00:00:00,20241101,2,5,3,461,Synthetic demonstration data — not actual University of Sydney results
2024-11-01 00:00:00,20241101,2,5,4,92,Synthetic demonstration data — not actual University of Sydney results
2024-11-01 00:00:00,20241101,3,5,1,21,Synthetic demonstration data — not actual University of Sydney results
2024-11-01 00:00:00,20241101,3,5,2,77,Synthetic demonstration data — not actual University of Sydney results
2024-11-01 00:00:00,20241101,3,5,3,211,Synthetic demonstration data — not actual University of Sydney results
2024-11-01 00:00:00,20241101,3,5,4,42,Synthetic demonstration data — not actual University of Sydney results
2024-11-01 00:00:00,20241101,1,6,5,3337,Synthetic demonstration data — not actual University of Sydney results
2024-11-01 00:00:00,20241101,2,6,5,643,Synthetic demonstration data — not actual University of Sydney results
2024-11-01 00:00:00,20241101,3,6,5,298,Synthetic demonstration data — not actual University of Sydney results
2024-11-01 00:00:00,20241101,1,7,5,5953,Synthetic demonstration data — not actual University of Sydney results
2024-11-01 00:00:00,20241101,2,7,5,1128,Synthetic demonstration data — not actual University of Sydney results
2024-11-01 00:00:00,20241101,3,7,5,533,Synthetic demonstration data — not actual University of Sydney results
2024-12-01 00:00:00,20241201,1,1,1,1175,Synthetic demonstration data — not actual University of Sydney results
2024-12-01 00:00:00,20241201,1,1,2,4309,Synthetic demonstration data — not actual University of Sydney results
2024-12-01 00:00:00,20241201,1,1,3,11752,Synthetic demonstration data — not actual University of Sydney results
2024-12-01 00:00:00,20241201,1,1,4,2350,Synthetic demonstration data — not actual University of Sydney results
2024-12-01 00:00:00,20241201,2,1,1,223,Synthetic demonstration data — not actual University of Sydney results
2024-12-01 00:00:00,20241201,2,1,2,818,Synthetic demonstration data — not actual University of Sydney results
2024-12-01 00:00:00,20241201,2,1,3,2233,Synthetic demonstration data — not actual University of Sydney results
2024-12-01 00:00:00,20241201,2,1,4,446,Synthetic demonstration data — not actual University of Sydney results
2024-12-01 00:00:00,20241201,3,1,1,105,Synthetic demonstration data — not actual University of Sydney results
2024-12-01 00:00:00,20241201,3,1,2,385,Synthetic demonstration data — not actual University of Sydney results
2024-12-01 00:00:00,20241201,3,1,3,1051,Synthetic demonstration data — not actual University of Sydney results
2024-12-01 00:00:00,20241201,3,1,4,210,Synthetic demonstration data — not actual University of Sydney results
2024-12-01 00:00:00,20241201,1,2,1,694,Synthetic demonstration data — not actual University of Sydney results
2024-12-01 00:00:00,20241201,1,2,2,2544,Synthetic demonstration data — not actual University of Sydney results
2024-12-01 00:00:00,20241201,1,2,3,6940,Synthetic demonstration data — not actual University of Sydney results
2024-12-01 00:00:00,20241201,1,2,4,1388,Synthetic demonstration data — not actual University of Sydney results
2024-12-01 00:00:00,20241201,2,2,1,135,Synthetic demonstration data — not actual University of Sydney results
2024-12-01 00:00:00,20241201,2,2,2,496,Synthetic demonstration data — not actual University of Sydney results
2024-12-01 00:00:00,20241201,2,2,3,1353,Synthetic demonstration data — not actual University of Sydney results
2024-12-01 00:00:00,20241201,2,2,4,270,Synthetic demonstration data — not actual University of Sydney results
2024-12-01 00:00:00,20241201,3,2,1,62,Synthetic demonstration data — not actual University of Sydney results
2024-12-01 00:00:00,20241201,3,2,2,230,Synthetic demonstration data — not actual University of Sydney results
2024-12-01 00:00:00,20241201,3,2,3,628,Synthetic demonstration data — not actual University of Sydney results
2024-12-01 00:00:00,20241201,3,2,4,125,Synthetic demonstration data — not actual University of Sydney results
2024-12-01 00:00:00,20241201,1,3,1,374,Synthetic demonstration data — not actual University of Sydney results
2024-12-01 00:00:00,20241201,1,3,2,1372,Synthetic demonstration data — not actual University of Sydney results
2024-12-01 00:00:00,20241201,1,3,3,3742,Synthetic demonstration data — not actual University of Sydney results
2024-12-01 00:00:00,20241201,1,3,4,748,Synthetic demonstration data — not actual University of Sydney results
2024-12-01 00:00:00,20241201,2,3,1,71,Synthetic demonstration data — not actual University of Sydney results
2024-12-01 00:00:00,20241201,2,3,2,262,Synthetic demonstration data — not actual University of Sydney results
2024-12-01 00:00:00,20241201,2,3,3,716,Synthetic demonstration data — not actual University of Sydney results
2024-12-01 00:00:00,20241201,2,3,4,143,Synthetic demonstration data — not actual University of Sydney results
2024-12-01 00:00:00,20241201,3,3,1,33,Synthetic demonstration data — not actual University of Sydney results
2024-12-01 00:00:00,20241201,3,3,2,123,Synthetic demonstration data — not actual University of Sydney results
2024-12-01 00:00:00,20241201,3,3,3,337,Synthetic demonstration data — not actual University of Sydney results
2024-12-01 00:00:00,20241201,3,3,4,67,Synthetic demonstration data — not actual University of Sydney results
2024-12-01 00:00:00,20241201,1,4,1,555,Synthetic demonstration data — not actual University of Sydney results
2024-12-01 00:00:00,20241201,1,4,2,2037,Synthetic demonstration data — not actual University of Sydney results
2024-12-01 00:00:00,20241201,1,4,3,5556,Synthetic demonstration data — not actual University of Sydney results
2024-12-01 00:00:00,20241201,1,4,4,1111,Synthetic demonstration data — not actual University of Sydney results
2024-12-01 00:00:00,20241201,2,4,1,108,Synthetic demonstration data — not actual University of Sydney results
2024-12-01 00:00:00,20241201,2,4,2,398,Synthetic demonstration data — not actual University of Sydney results
2024-12-01 00:00:00,20241201,2,4,3,1086,Synthetic demonstration data — not actual University of Sydney results
2024-12-01 00:00:00,20241201,2,4,4,217,Synthetic demonstration data — not actual University of Sydney results
2024-12-01 00:00:00,20241201,3,4,1,50,Synthetic demonstration data — not actual University of Sydney results
2024-12-01 00:00:00,20241201,3,4,2,183,Synthetic demonstration data — not actual University of Sydney results
2024-12-01 00:00:00,20241201,3,4,3,500,Synthetic demonstration data — not actual University of Sydney results
2024-12-01 00:00:00,20241201,3,4,4,100,Synthetic demonstration data — not actual University of Sydney results
2024-12-01 00:00:00,20241201,1,5,1,238,Synthetic demonstration data — not actual University of Sydney results
2024-12-01 00:00:00,20241201,1,5,2,872,Synthetic demonstration data — not actual University of Sydney results
2024-12-01 00:00:00,20241201,1,5,3,2380,Synthetic demonstration data — not actual University of Sydney results
2024-12-01 00:00:00,20241201,1,5,4,476,Synthetic demonstration data — not actual University of Sydney results
2024-12-01 00:00:00,20241201,2,5,1,44,Synthetic demonstration data — not actual University of Sydney results
2024-12-01 00:00:00,20241201,2,5,2,163,Synthetic demonstration data — not actual University of Sydney results
2024-12-01 00:00:00,20241201,2,5,3,445,Synthetic demonstration data — not actual University of Sydney results
2024-12-01 00:00:00,20241201,2,5,4,89,Synthetic demonstration data — not actual University of Sydney results
2024-12-01 00:00:00,20241201,3,5,1,20,Synthetic demonstration data — not actual University of Sydney results
2024-12-01 00:00:00,20241201,3,5,2,76,Synthetic demonstration data — not actual University of Sydney results
2024-12-01 00:00:00,20241201,3,5,3,209,Synthetic demonstration data — not actual University of Sydney results
2024-12-01 00:00:00,20241201,3,5,4,41,Synthetic demonstration data — not actual University of Sydney results
2024-12-01 00:00:00,20241201,1,6,5,3332,Synthetic demonstration data — not actual University of Sydney results
2024-12-01 00:00:00,20241201,2,6,5,634,Synthetic demonstration data — not actual University of Sydney results
2024-12-01 00:00:00,20241201,3,6,5,292,Synthetic demonstration data — not actual University of Sydney results
2024-12-01 00:00:00,20241201,1,7,5,5854,Synthetic demonstration data — not actual University of Sydney results
2024-12-01 00:00:00,20241201,2,7,5,1129,Synthetic demonstration data — not actual University of Sydney results
2024-12-01 00:00:00,20241201,3,7,5,527,Synthetic demonstration data — not actual University of Sydney results
2025-01-01 00:00:00,20250101,1,1,1,1163,Synthetic demonstration data — not actual University of Sydney results
2025-01-01 00:00:00,20250101,1,1,2,4265,Synthetic demonstration data — not actual University of Sydney results
2025-01-01 00:00:00,20250101,1,1,3,11634,Synthetic demonstration data — not actual University of Sydney results
2025-01-01 00:00:00,20250101,1,1,4,2326,Synthetic demonstration data — not actual University of Sydney results
2025-01-01 00:00:00,20250101,2,1,1,225,Synthetic demonstration data — not actual University of Sydney results
2025-01-01 00:00:00,20250101,2,1,2,827,Synthetic demonstration data — not actual University of Sydney results
2025-01-01 00:00:00,20250101,2,1,3,2257,Synthetic demonstration data — not actual University of Sydney results
2025-01-01 00:00:00,20250101,2,1,4,451,Synthetic demonstration data — not actual University of Sydney results
2025-01-01 00:00:00,20250101,3,1,1,106,Synthetic demonstration data — not actual University of Sydney results
2025-01-01 00:00:00,20250101,3,1,2,390,Synthetic demonstration data — not actual University of Sydney results
2025-01-01 00:00:00,20250101,3,1,3,1065,Synthetic demonstration data — not actual University of Sydney results
2025-01-01 00:00:00,20250101,3,1,4,213,Synthetic demonstration data — not actual University of Sydney results
2025-01-01 00:00:00,20250101,1,2,1,704,Synthetic demonstration data — not actual University of Sydney results
2025-01-01 00:00:00,20250101,1,2,2,2584,Synthetic demonstration data — not actual University of Sydney results
2025-01-01 00:00:00,20250101,1,2,3,7049,Synthetic demonstration data — not actual University of Sydney results
2025-01-01 00:00:00,20250101,1,2,4,1409,Synthetic demonstration data — not actual University of Sydney results
2025-01-01 00:00:00,20250101,2,2,1,134,Synthetic demonstration data — not actual University of Sydney results
2025-01-01 00:00:00,20250101,2,2,2,492,Synthetic demonstration data — not actual University of Sydney results
2025-01-01 00:00:00,20250101,2,2,3,1344,Synthetic demonstration data — not actual University of Sydney results
2025-01-01 00:00:00,20250101,2,2,4,268,Synthetic demonstration data — not actual University of Sydney results
2025-01-01 00:00:00,20250101,3,2,1,63,Synthetic demonstration data — not actual University of Sydney results
2025-01-01 00:00:00,20250101,3,2,2,233,Synthetic demonstration data — not actual University of Sydney results
2025-01-01 00:00:00,20250101,3,2,3,636,Synthetic demonstration data — not actual University of Sydney results
2025-01-01 00:00:00,20250101,3,2,4,127,Synthetic demonstration data — not actual University of Sydney results
2025-01-01 00:00:00,20250101,1,3,1,380,Synthetic demonstration data — not actual University of Sydney results
2025-01-01 00:00:00,20250101,1,3,2,1394,Synthetic demonstration data — not actual University of Sydney results
2025-01-01 00:00:00,20250101,1,3,3,3803,Synthetic demonstration data — not actual University of Sydney results
2025-01-01 00:00:00,20250101,1,3,4,760,Synthetic demonstration data — not actual University of Sydney results
2025-01-01 00:00:00,20250101,2,3,1,73,Synthetic demonstration data — not actual University of Sydney results
2025-01-01 00:00:00,20250101,2,3,2,267,Synthetic demonstration data — not actual University of Sydney results
2025-01-01 00:00:00,20250101,2,3,3,730,Synthetic demonstration data — not actual University of Sydney results
2025-01-01 00:00:00,20250101,2,3,4,146,Synthetic demonstration data — not actual University of Sydney results
2025-01-01 00:00:00,20250101,3,3,1,33,Synthetic demonstration data — not actual University of Sydney results
2025-01-01 00:00:00,20250101,3,3,2,124,Synthetic demonstration data — not actual University of Sydney results
2025-01-01 00:00:00,20250101,3,3,3,339,Synthetic demonstration data — not actual University of Sydney results
2025-01-01 00:00:00,20250101,3,3,4,67,Synthetic demonstration data — not actual University of Sydney results
2025-01-01 00:00:00,20250101,1,4,1,560,Synthetic demonstration data — not actual University of Sydney results
2025-01-01 00:00:00,20250101,1,4,2,2054,Synthetic demonstration data — not actual University of Sydney results
2025-01-01 00:00:00,20250101,1,4,3,5603,Synthetic demonstration data — not actual University of Sydney results
2025-01-01 00:00:00,20250101,1,4,4,1120,Synthetic demonstration data — not actual University of Sydney results
2025-01-01 00:00:00,20250101,2,4,1,108,Synthetic demonstration data — not actual University of Sydney results
2025-01-01 00:00:00,20250101,2,4,2,397,Synthetic demonstration data — not actual University of Sydney results
2025-01-01 00:00:00,20250101,2,4,3,1084,Synthetic demonstration data — not actual University of Sydney results
2025-01-01 00:00:00,20250101,2,4,4,216,Synthetic demonstration data — not actual University of Sydney results
2025-01-01 00:00:00,20250101,3,4,1,50,Synthetic demonstration data — not actual University of Sydney results
2025-01-01 00:00:00,20250101,3,4,2,185,Synthetic demonstration data — not actual University of Sydney results
2025-01-01 00:00:00,20250101,3,4,3,505,Synthetic demonstration data — not actual University of Sydney results
2025-01-01 00:00:00,20250101,3,4,4,101,Synthetic demonstration data — not actual University of Sydney results
2025-01-01 00:00:00,20250101,1,5,1,233,Synthetic demonstration data — not actual University of Sydney results
2025-01-01 00:00:00,20250101,1,5,2,855,Synthetic demonstration data — not actual University of Sydney results
2025-01-01 00:00:00,20250101,1,5,3,2332,Synthetic demonstration data — not actual University of Sydney results
2025-01-01 00:00:00,20250101,1,5,4,466,Synthetic demonstration data — not actual University of Sydney results
2025-01-01 00:00:00,20250101,2,5,1,44,Synthetic demonstration data — not actual University of Sydney results
2025-01-01 00:00:00,20250101,2,5,2,164,Synthetic demonstration data — not actual University of Sydney results
2025-01-01 00:00:00,20250101,2,5,3,448,Synthetic demonstration data — not actual University of Sydney results
2025-01-01 00:00:00,20250101,2,5,4,89,Synthetic demonstration data — not actual University of Sydney results
2025-01-01 00:00:00,20250101,3,5,1,20,Synthetic demonstration data — not actual University of Sydney results
2025-01-01 00:00:00,20250101,3,5,2,76,Synthetic demonstration data — not actual University of Sydney results
2025-01-01 00:00:00,20250101,3,5,3,209,Synthetic demonstration data — not actual University of Sydney results
2025-01-01 00:00:00,20250101,3,5,4,41,Synthetic demonstration data — not actual University of Sydney results
2025-01-01 00:00:00,20250101,1,6,5,3343,Synthetic demonstration data — not actual University of Sydney results
2025-01-01 00:00:00,20250101,2,6,5,629,Synthetic demonstration data — not actual University of Sydney results
2025-01-01 00:00:00,20250101,3,6,5,299,Synthetic demonstration data — not actual University of Sydney results
2025-01-01 00:00:00,20250101,1,7,5,5958,Synthetic demonstration data — not actual University of Sydney results
2025-01-01 00:00:00,20250101,2,7,5,1137,Synthetic demonstration data — not actual University of Sydney results
2025-01-01 00:00:00,20250101,3,7,5,532,Synthetic demonstration data — not actual University of Sydney results
2025-02-01 00:00:00,20250201,1,1,1,1218,Synthetic demonstration data — not actual University of Sydney results
2025-02-01 00:00:00,20250201,1,1,2,4467,Synthetic demonstration data — not actual University of Sydney results
2025-02-01 00:00:00,20250201,1,1,3,12184,Synthetic demonstration data — not actual University of Sydney results
2025-02-01 00:00:00,20250201,1,1,4,2436,Synthetic demonstration data — not actual University of Sydney results
2025-02-01 00:00:00,20250201,2,1,1,234,Synthetic demonstration data — not actual University of Sydney results
2025-02-01 00:00:00,20250201,2,1,2,861,Synthetic demonstration data — not actual University of Sydney results
2025-02-01 00:00:00,20250201,2,1,3,2349,Synthetic demonstration data — not actual University of Sydney results
2025-02-01 00:00:00,20250201,2,1,4,469,Synthetic demonstration data — not actual University of Sydney results
2025-02-01 00:00:00,20250201,3,1,1,107,Synthetic demonstration data — not actual University of Sydney results
2025-02-01 00:00:00,20250201,3,1,2,395,Synthetic demonstration data — not actual University of Sydney results
2025-02-01 00:00:00,20250201,3,1,3,1079,Synthetic demonstration data — not actual University of Sydney results
2025-02-01 00:00:00,20250201,3,1,4,215,Synthetic demonstration data — not actual University of Sydney results
2025-02-01 00:00:00,20250201,1,2,1,723,Synthetic demonstration data — not actual University of Sydney results
2025-02-01 00:00:00,20250201,1,2,2,2652,Synthetic demonstration data — not actual University of Sydney results
2025-02-01 00:00:00,20250201,1,2,3,7234,Synthetic demonstration data — not actual University of Sydney results
2025-02-01 00:00:00,20250201,1,2,4,1446,Synthetic demonstration data — not actual University of Sydney results
2025-02-01 00:00:00,20250201,2,2,1,139,Synthetic demonstration data — not actual University of Sydney results
2025-02-01 00:00:00,20250201,2,2,2,512,Synthetic demonstration data — not actual University of Sydney results
2025-02-01 00:00:00,20250201,2,2,3,1397,Synthetic demonstration data — not actual University of Sydney results
2025-02-01 00:00:00,20250201,2,2,4,279,Synthetic demonstration data — not actual University of Sydney results
2025-02-01 00:00:00,20250201,3,2,1,64,Synthetic demonstration data — not actual University of Sydney results
2025-02-01 00:00:00,20250201,3,2,2,234,Synthetic demonstration data — not actual University of Sydney results
2025-02-01 00:00:00,20250201,3,2,3,640,Synthetic demonstration data — not actual University of Sydney results
2025-02-01 00:00:00,20250201,3,2,4,128,Synthetic demonstration data — not actual University of Sydney results
2025-02-01 00:00:00,20250201,1,3,1,382,Synthetic demonstration data — not actual University of Sydney results
2025-02-01 00:00:00,20250201,1,3,2,1403,Synthetic demonstration data — not actual University of Sydney results
2025-02-01 00:00:00,20250201,1,3,3,3826,Synthetic demonstration data — not actual University of Sydney results
2025-02-01 00:00:00,20250201,1,3,4,765,Synthetic demonstration data — not actual University of Sydney results
2025-02-01 00:00:00,20250201,2,3,1,75,Synthetic demonstration data — not actual University of Sydney results
2025-02-01 00:00:00,20250201,2,3,2,275,Synthetic demonstration data — not actual University of Sydney results
2025-02-01 00:00:00,20250201,2,3,3,750,Synthetic demonstration data — not actual University of Sydney results
2025-02-01 00:00:00,20250201,2,3,4,150,Synthetic demonstration data — not actual University of Sydney results
2025-02-01 00:00:00,20250201,3,3,1,34,Synthetic demonstration data — not actual University of Sydney results
2025-02-01 00:00:00,20250201,3,3,2,128,Synthetic demonstration data — not actual University of Sydney results
2025-02-01 00:00:00,20250201,3,3,3,349,Synthetic demonstration data — not actual University of Sydney results
2025-02-01 00:00:00,20250201,3,3,4,69,Synthetic demonstration data — not actual University of Sydney results
2025-02-01 00:00:00,20250201,1,4,1,585,Synthetic demonstration data — not actual University of Sydney results
2025-02-01 00:00:00,20250201,1,4,2,2145,Synthetic demonstration data — not actual University of Sydney results
2025-02-01 00:00:00,20250201,1,4,3,5851,Synthetic demonstration data — not actual University of Sydney results
2025-02-01 00:00:00,20250201,1,4,4,1170,Synthetic demonstration data — not actual University of Sydney results
2025-02-01 00:00:00,20250201,2,4,1,111,Synthetic demonstration data — not actual University of Sydney results
2025-02-01 00:00:00,20250201,2,4,2,407,Synthetic demonstration data — not actual University of Sydney results
2025-02-01 00:00:00,20250201,2,4,3,1110,Synthetic demonstration data — not actual University of Sydney results
2025-02-01 00:00:00,20250201,2,4,4,222,Synthetic demonstration data — not actual University of Sydney results
2025-02-01 00:00:00,20250201,3,4,1,51,Synthetic demonstration data — not actual University of Sydney results
2025-02-01 00:00:00,20250201,3,4,2,190,Synthetic demonstration data — not actual University of Sydney results
2025-02-01 00:00:00,20250201,3,4,3,519,Synthetic demonstration data — not actual University of Sydney results
2025-02-01 00:00:00,20250201,3,4,4,103,Synthetic demonstration data — not actual University of Sydney results
2025-02-01 00:00:00,20250201,1,5,1,242,Synthetic demonstration data — not actual University of Sydney results
2025-02-01 00:00:00,20250201,1,5,2,888,Synthetic demonstration data — not actual University of Sydney results
2025-02-01 00:00:00,20250201,1,5,3,2422,Synthetic demonstration data — not actual University of Sydney results
2025-02-01 00:00:00,20250201,1,5,4,484,Synthetic demonstration data — not actual University of Sydney results
2025-02-01 00:00:00,20250201,2,5,1,46,Synthetic demonstration data — not actual University of Sydney results
2025-02-01 00:00:00,20250201,2,5,2,170,Synthetic demonstration data — not actual University of Sydney results
2025-02-01 00:00:00,20250201,2,5,3,464,Synthetic demonstration data — not actual University of Sydney results
2025-02-01 00:00:00,20250201,2,5,4,92,Synthetic demonstration data — not actual University of Sydney results
2025-02-01 00:00:00,20250201,3,5,1,21,Synthetic demonstration data — not actual University of Sydney results
2025-02-01 00:00:00,20250201,3,5,2,78,Synthetic demonstration data — not actual University of Sydney results
2025-02-01 00:00:00,20250201,3,5,3,213,Synthetic demonstration data — not actual University of Sydney results
2025-02-01 00:00:00,20250201,3,5,4,42,Synthetic demonstration data — not actual University of Sydney results
2025-02-01 00:00:00,20250201,1,6,5,3383,Synthetic demonstration data — not actual University of Sydney results
2025-02-01 00:00:00,20250201,2,6,5,643,Synthetic demonstration data — not actual University of Sydney results
2025-02-01 00:00:00,20250201,3,6,5,305,Synthetic demonstration data — not actual University of Sydney results
2025-02-01 00:00:00,20250201,1,7,5,6093,Synthetic demonstration data — not actual University of Sydney results
2025-02-01 00:00:00,20250201,2,7,5,1168,Synthetic demonstration data — not actual University of Sydney results
2025-02-01 00:00:00,20250201,3,7,5,538,Synthetic demonstration data — not actual University of Sydney results
2025-03-01 00:00:00,20250301,1,1,1,1252,Synthetic demonstration data — not actual University of Sydney results
2025-03-01 00:00:00,20250301,1,1,2,4592,Synthetic demonstration data — not actual University of Sydney results
2025-03-01 00:00:00,20250301,1,1,3,12523,Synthetic demonstration data — not actual University of Sydney results
2025-03-01 00:00:00,20250301,1,1,4,2504,Synthetic demonstration data — not actual University of Sydney results
2025-03-01 00:00:00,20250301,2,1,1,239,Synthetic demonstration data — not actual University of Sydney results
2025-03-01 00:00:00,20250301,2,1,2,878,Synthetic demonstration data — not actual University of Sydney results
2025-03-01 00:00:00,20250301,2,1,3,2396,Synthetic demonstration data — not actual University of Sydney results
2025-03-01 00:00:00,20250301,2,1,4,479,Synthetic demonstration data — not actual University of Sydney results
2025-03-01 00:00:00,20250301,3,1,1,113,Synthetic demonstration data — not actual University of Sydney results
2025-03-01 00:00:00,20250301,3,1,2,415,Synthetic demonstration data — not actual University of Sydney results
2025-03-01 00:00:00,20250301,3,1,3,1133,Synthetic demonstration data — not actual University of Sydney results
2025-03-01 00:00:00,20250301,3,1,4,226,Synthetic demonstration data — not actual University of Sydney results
2025-03-01 00:00:00,20250301,1,2,1,755,Synthetic demonstration data — not actual University of Sydney results
2025-03-01 00:00:00,20250301,1,2,2,2771,Synthetic demonstration data — not actual University of Sydney results
2025-03-01 00:00:00,20250301,1,2,3,7558,Synthetic demonstration data — not actual University of Sydney results
2025-03-01 00:00:00,20250301,1,2,4,1511,Synthetic demonstration data — not actual University of Sydney results
2025-03-01 00:00:00,20250301,2,2,1,145,Synthetic demonstration data — not actual University of Sydney results
2025-03-01 00:00:00,20250301,2,2,2,532,Synthetic demonstration data — not actual University of Sydney results
2025-03-01 00:00:00,20250301,2,2,3,1451,Synthetic demonstration data — not actual University of Sydney results
2025-03-01 00:00:00,20250301,2,2,4,290,Synthetic demonstration data — not actual University of Sydney results
2025-03-01 00:00:00,20250301,3,2,1,66,Synthetic demonstration data — not actual University of Sydney results
2025-03-01 00:00:00,20250301,3,2,2,245,Synthetic demonstration data — not actual University of Sydney results
2025-03-01 00:00:00,20250301,3,2,3,669,Synthetic demonstration data — not actual University of Sydney results
2025-03-01 00:00:00,20250301,3,2,4,133,Synthetic demonstration data — not actual University of Sydney results
2025-03-01 00:00:00,20250301,1,3,1,400,Synthetic demonstration data — not actual University of Sydney results
2025-03-01 00:00:00,20250301,1,3,2,1468,Synthetic demonstration data — not actual University of Sydney results
2025-03-01 00:00:00,20250301,1,3,3,4005,Synthetic demonstration data — not actual University of Sydney results
2025-03-01 00:00:00,20250301,1,3,4,801,Synthetic demonstration data — not actual University of Sydney results
2025-03-01 00:00:00,20250301,2,3,1,75,Synthetic demonstration data — not actual University of Sydney results
2025-03-01 00:00:00,20250301,2,3,2,277,Synthetic demonstration data — not actual University of Sydney results
2025-03-01 00:00:00,20250301,2,3,3,757,Synthetic demonstration data — not actual University of Sydney results
2025-03-01 00:00:00,20250301,2,3,4,151,Synthetic demonstration data — not actual University of Sydney results
2025-03-01 00:00:00,20250301,3,3,1,35,Synthetic demonstration data — not actual University of Sydney results
2025-03-01 00:00:00,20250301,3,3,2,129,Synthetic demonstration data — not actual University of Sydney results
2025-03-01 00:00:00,20250301,3,3,3,353,Synthetic demonstration data — not actual University of Sydney results
2025-03-01 00:00:00,20250301,3,3,4,70,Synthetic demonstration data — not actual University of Sydney results
2025-03-01 00:00:00,20250301,1,4,1,596,Synthetic demonstration data — not actual University of Sydney results
2025-03-01 00:00:00,20250301,1,4,2,2188,Synthetic demonstration data — not actual University of Sydney results
2025-03-01 00:00:00,20250301,1,4,3,5969,Synthetic demonstration data — not actual University of Sydney results
2025-03-01 00:00:00,20250301,1,4,4,1193,Synthetic demonstration data — not actual University of Sydney results
2025-03-01 00:00:00,20250301,2,4,1,116,Synthetic demonstration data — not actual University of Sydney results
2025-03-01 00:00:00,20250301,2,4,2,425,Synthetic demonstration data — not actual University of Sydney results
2025-03-01 00:00:00,20250301,2,4,3,1161,Synthetic demonstration data — not actual University of Sydney results
2025-03-01 00:00:00,20250301,2,4,4,232,Synthetic demonstration data — not actual University of Sydney results
2025-03-01 00:00:00,20250301,3,4,1,54,Synthetic demonstration data — not actual University of Sydney results
2025-03-01 00:00:00,20250301,3,4,2,198,Synthetic demonstration data — not actual University of Sydney results
2025-03-01 00:00:00,20250301,3,4,3,541,Synthetic demonstration data — not actual University of Sydney results
2025-03-01 00:00:00,20250301,3,4,4,108,Synthetic demonstration data — not actual University of Sydney results
2025-03-01 00:00:00,20250301,1,5,1,251,Synthetic demonstration data — not actual University of Sydney results
2025-03-01 00:00:00,20250301,1,5,2,921,Synthetic demonstration data — not actual University of Sydney results
2025-03-01 00:00:00,20250301,1,5,3,2512,Synthetic demonstration data — not actual University of Sydney results
2025-03-01 00:00:00,20250301,1,5,4,502,Synthetic demonstration data — not actual University of Sydney results
2025-03-01 00:00:00,20250301,2,5,1,48,Synthetic demonstration data — not actual University of Sydney results
2025-03-01 00:00:00,20250301,2,5,2,176,Synthetic demonstration data — not actual University of Sydney results
2025-03-01 00:00:00,20250301,2,5,3,481,Synthetic demonstration data — not actual University of Sydney results
2025-03-01 00:00:00,20250301,2,5,4,96,Synthetic demonstration data — not actual University of Sydney results
2025-03-01 00:00:00,20250301,3,5,1,22,Synthetic demonstration data — not actual University of Sydney results
2025-03-01 00:00:00,20250301,3,5,2,81,Synthetic demonstration data — not actual University of Sydney results
2025-03-01 00:00:00,20250301,3,5,3,222,Synthetic demonstration data — not actual University of Sydney results
2025-03-01 00:00:00,20250301,3,5,4,44,Synthetic demonstration data — not actual University of Sydney results
2025-03-01 00:00:00,20250301,1,6,5,3527,Synthetic demonstration data — not actual University of Sydney results
2025-03-01 00:00:00,20250301,2,6,5,673,Synthetic demonstration data — not actual University of Sydney results
2025-03-01 00:00:00,20250301,3,6,5,310,Synthetic demonstration data — not actual University of Sydney results
2025-03-01 00:00:00,20250301,1,7,5,6304,Synthetic demonstration data — not actual University of Sydney results
2025-03-01 00:00:00,20250301,2,7,5,1210,Synthetic demonstration data — not actual University of Sydney results
2025-03-01 00:00:00,20250301,3,7,5,554,Synthetic demonstration data — not actual University of Sydney results
2025-04-01 00:00:00,20250401,1,1,1,1208,Synthetic demonstration data — not actual University of Sydney results
2025-04-01 00:00:00,20250401,1,1,2,4429,Synthetic demonstration data — not actual University of Sydney results
2025-04-01 00:00:00,20250401,1,1,3,12080,Synthetic demonstration data — not actual University of Sydney results
2025-04-01 00:00:00,20250401,1,1,4,2416,Synthetic demonstration data — not actual University of Sydney results
2025-04-01 00:00:00,20250401,2,1,1,232,Synthetic demonstration data — not actual University of Sydney results
2025-04-01 00:00:00,20250401,2,1,2,853,Synthetic demonstration data — not actual University of Sydney results
2025-04-01 00:00:00,20250401,2,1,3,2327,Synthetic demonstration data — not actual University of Sydney results
2025-04-01 00:00:00,20250401,2,1,4,465,Synthetic demonstration data — not actual University of Sydney results
2025-04-01 00:00:00,20250401,3,1,1,110,Synthetic demonstration data — not actual University of Sydney results
2025-04-01 00:00:00,20250401,3,1,2,405,Synthetic demonstration data — not actual University of Sydney results
2025-04-01 00:00:00,20250401,3,1,3,1104,Synthetic demonstration data — not actual University of Sydney results
2025-04-01 00:00:00,20250401,3,1,4,220,Synthetic demonstration data — not actual University of Sydney results
2025-04-01 00:00:00,20250401,1,2,1,741,Synthetic demonstration data — not actual University of Sydney results
2025-04-01 00:00:00,20250401,1,2,2,2718,Synthetic demonstration data — not actual University of Sydney results
2025-04-01 00:00:00,20250401,1,2,3,7413,Synthetic demonstration data — not actual University of Sydney results
2025-04-01 00:00:00,20250401,1,2,4,1482,Synthetic demonstration data — not actual University of Sydney results
2025-04-01 00:00:00,20250401,2,2,1,141,Synthetic demonstration data — not actual University of Sydney results
2025-04-01 00:00:00,20250401,2,2,2,519,Synthetic demonstration data — not actual University of Sydney results
2025-04-01 00:00:00,20250401,2,2,3,1416,Synthetic demonstration data — not actual University of Sydney results
2025-04-01 00:00:00,20250401,2,2,4,283,Synthetic demonstration data — not actual University of Sydney results
2025-04-01 00:00:00,20250401,3,2,1,65,Synthetic demonstration data — not actual University of Sydney results
2025-04-01 00:00:00,20250401,3,2,2,240,Synthetic demonstration data — not actual University of Sydney results
2025-04-01 00:00:00,20250401,3,2,3,655,Synthetic demonstration data — not actual University of Sydney results
2025-04-01 00:00:00,20250401,3,2,4,131,Synthetic demonstration data — not actual University of Sydney results
2025-04-01 00:00:00,20250401,1,3,1,391,Synthetic demonstration data — not actual University of Sydney results
2025-04-01 00:00:00,20250401,1,3,2,1434,Synthetic demonstration data — not actual University of Sydney results
2025-04-01 00:00:00,20250401,1,3,3,3911,Synthetic demonstration data — not actual University of Sydney results
2025-04-01 00:00:00,20250401,1,3,4,782,Synthetic demonstration data — not actual University of Sydney results
2025-04-01 00:00:00,20250401,2,3,1,74,Synthetic demonstration data — not actual University of Sydney results
2025-04-01 00:00:00,20250401,2,3,2,271,Synthetic demonstration data — not actual University of Sydney results
2025-04-01 00:00:00,20250401,2,3,3,741,Synthetic demonstration data — not actual University of Sydney results
2025-04-01 00:00:00,20250401,2,3,4,148,Synthetic demonstration data — not actual University of Sydney results
2025-04-01 00:00:00,20250401,3,3,1,34,Synthetic demonstration data — not actual University of Sydney results
2025-04-01 00:00:00,20250401,3,3,2,127,Synthetic demonstration data — not actual University of Sydney results
2025-04-01 00:00:00,20250401,3,3,3,347,Synthetic demonstration data — not actual University of Sydney results
2025-04-01 00:00:00,20250401,3,3,4,69,Synthetic demonstration data — not actual University of Sydney results
2025-04-01 00:00:00,20250401,1,4,1,586,Synthetic demonstration data — not actual University of Sydney results
2025-04-01 00:00:00,20250401,1,4,2,2150,Synthetic demonstration data — not actual University of Sydney results
2025-04-01 00:00:00,20250401,1,4,3,5866,Synthetic demonstration data — not actual University of Sydney results
2025-04-01 00:00:00,20250401,1,4,4,1173,Synthetic demonstration data — not actual University of Sydney results
2025-04-01 00:00:00,20250401,2,4,1,114,Synthetic demonstration data — not actual University of Sydney results
2025-04-01 00:00:00,20250401,2,4,2,418,Synthetic demonstration data — not actual University of Sydney results
2025-04-01 00:00:00,20250401,2,4,3,1140,Synthetic demonstration data — not actual University of Sydney results
2025-04-01 00:00:00,20250401,2,4,4,228,Synthetic demonstration data — not actual University of Sydney results
2025-04-01 00:00:00,20250401,3,4,1,53,Synthetic demonstration data — not actual University of Sydney results
2025-04-01 00:00:00,20250401,3,4,2,194,Synthetic demonstration data — not actual University of Sydney results
2025-04-01 00:00:00,20250401,3,4,3,530,Synthetic demonstration data — not actual University of Sydney results
2025-04-01 00:00:00,20250401,3,4,4,106,Synthetic demonstration data — not actual University of Sydney results
2025-04-01 00:00:00,20250401,1,5,1,243,Synthetic demonstration data — not actual University of Sydney results
2025-04-01 00:00:00,20250401,1,5,2,893,Synthetic demonstration data — not actual University of Sydney results
2025-04-01 00:00:00,20250401,1,5,3,2436,Synthetic demonstration data — not actual University of Sydney results
2025-04-01 00:00:00,20250401,1,5,4,487,Synthetic demonstration data — not actual University of Sydney results
2025-04-01 00:00:00,20250401,2,5,1,46,Synthetic demonstration data — not actual University of Sydney results
2025-04-01 00:00:00,20250401,2,5,2,171,Synthetic demonstration data — not actual University of Sydney results
2025-04-01 00:00:00,20250401,2,5,3,467,Synthetic demonstration data — not actual University of Sydney results
2025-04-01 00:00:00,20250401,2,5,4,93,Synthetic demonstration data — not actual University of Sydney results
2025-04-01 00:00:00,20250401,3,5,1,22,Synthetic demonstration data — not actual University of Sydney results
2025-04-01 00:00:00,20250401,3,5,2,80,Synthetic demonstration data — not actual University of Sydney results
2025-04-01 00:00:00,20250401,3,5,3,220,Synthetic demonstration data — not actual University of Sydney results
2025-04-01 00:00:00,20250401,3,5,4,44,Synthetic demonstration data — not actual University of Sydney results
2025-04-01 00:00:00,20250401,1,6,5,3431,Synthetic demonstration data — not actual University of Sydney results
2025-04-01 00:00:00,20250401,2,6,5,664,Synthetic demonstration data — not actual University of Sydney results
2025-04-01 00:00:00,20250401,3,6,5,306,Synthetic demonstration data — not actual University of Sydney results
2025-04-01 00:00:00,20250401,1,7,5,6069,Synthetic demonstration data — not actual University of Sydney results
2025-04-01 00:00:00,20250401,2,7,5,1163,Synthetic demonstration data — not actual University of Sydney results
2025-04-01 00:00:00,20250401,3,7,5,554,Synthetic demonstration data — not actual University of Sydney results
2025-05-01 00:00:00,20250501,1,1,1,1215,Synthetic demonstration data — not actual University of Sydney results
2025-05-01 00:00:00,20250501,1,1,2,4455,Synthetic demonstration data — not actual University of Sydney results
2025-05-01 00:00:00,20250501,1,1,3,12151,Synthetic demonstration data — not actual University of Sydney results
2025-05-01 00:00:00,20250501,1,1,4,2430,Synthetic demonstration data — not actual University of Sydney results
2025-05-01 00:00:00,20250501,2,1,1,233,Synthetic demonstration data — not actual University of Sydney results
2025-05-01 00:00:00,20250501,2,1,2,857,Synthetic demonstration data — not actual University of Sydney results
2025-05-01 00:00:00,20250501,2,1,3,2338,Synthetic demonstration data — not actual University of Sydney results
2025-05-01 00:00:00,20250501,2,1,4,467,Synthetic demonstration data — not actual University of Sydney results
2025-05-01 00:00:00,20250501,3,1,1,110,Synthetic demonstration data — not actual University of Sydney results
2025-05-01 00:00:00,20250501,3,1,2,405,Synthetic demonstration data — not actual University of Sydney results
2025-05-01 00:00:00,20250501,3,1,3,1106,Synthetic demonstration data — not actual University of Sydney results
2025-05-01 00:00:00,20250501,3,1,4,221,Synthetic demonstration data — not actual University of Sydney results
2025-05-01 00:00:00,20250501,1,2,1,731,Synthetic demonstration data — not actual University of Sydney results
2025-05-01 00:00:00,20250501,1,2,2,2680,Synthetic demonstration data — not actual University of Sydney results
2025-05-01 00:00:00,20250501,1,2,3,7311,Synthetic demonstration data — not actual University of Sydney results
2025-05-01 00:00:00,20250501,1,2,4,1462,Synthetic demonstration data — not actual University of Sydney results
2025-05-01 00:00:00,20250501,2,2,1,140,Synthetic demonstration data — not actual University of Sydney results
2025-05-01 00:00:00,20250501,2,2,2,513,Synthetic demonstration data — not actual University of Sydney results
2025-05-01 00:00:00,20250501,2,2,3,1401,Synthetic demonstration data — not actual University of Sydney results
2025-05-01 00:00:00,20250501,2,2,4,280,Synthetic demonstration data — not actual University of Sydney results
2025-05-01 00:00:00,20250501,3,2,1,66,Synthetic demonstration data — not actual University of Sydney results
2025-05-01 00:00:00,20250501,3,2,2,245,Synthetic demonstration data — not actual University of Sydney results
2025-05-01 00:00:00,20250501,3,2,3,668,Synthetic demonstration data — not actual University of Sydney results
2025-05-01 00:00:00,20250501,3,2,4,133,Synthetic demonstration data — not actual University of Sydney results
2025-05-01 00:00:00,20250501,1,3,1,397,Synthetic demonstration data — not actual University of Sydney results
2025-05-01 00:00:00,20250501,1,3,2,1457,Synthetic demonstration data — not actual University of Sydney results
2025-05-01 00:00:00,20250501,1,3,3,3976,Synthetic demonstration data — not actual University of Sydney results
2025-05-01 00:00:00,20250501,1,3,4,795,Synthetic demonstration data — not actual University of Sydney results
2025-05-01 00:00:00,20250501,2,3,1,74,Synthetic demonstration data — not actual University of Sydney results
2025-05-01 00:00:00,20250501,2,3,2,273,Synthetic demonstration data — not actual University of Sydney results
2025-05-01 00:00:00,20250501,2,3,3,745,Synthetic demonstration data — not actual University of Sydney results
2025-05-01 00:00:00,20250501,2,3,4,149,Synthetic demonstration data — not actual University of Sydney results
2025-05-01 00:00:00,20250501,3,3,1,34,Synthetic demonstration data — not actual University of Sydney results
2025-05-01 00:00:00,20250501,3,3,2,127,Synthetic demonstration data — not actual University of Sydney results
2025-05-01 00:00:00,20250501,3,3,3,348,Synthetic demonstration data — not actual University of Sydney results
2025-05-01 00:00:00,20250501,3,3,4,69,Synthetic demonstration data — not actual University of Sydney results
2025-05-01 00:00:00,20250501,1,4,1,590,Synthetic demonstration data — not actual University of Sydney results
2025-05-01 00:00:00,20250501,1,4,2,2165,Synthetic demonstration data — not actual University of Sydney results
2025-05-01 00:00:00,20250501,1,4,3,5906,Synthetic demonstration data — not actual University of Sydney results
2025-05-01 00:00:00,20250501,1,4,4,1181,Synthetic demonstration data — not actual University of Sydney results
2025-05-01 00:00:00,20250501,2,4,1,114,Synthetic demonstration data — not actual University of Sydney results
2025-05-01 00:00:00,20250501,2,4,2,419,Synthetic demonstration data — not actual University of Sydney results
2025-05-01 00:00:00,20250501,2,4,3,1143,Synthetic demonstration data — not actual University of Sydney results
2025-05-01 00:00:00,20250501,2,4,4,228,Synthetic demonstration data — not actual University of Sydney results
2025-05-01 00:00:00,20250501,3,4,1,52,Synthetic demonstration data — not actual University of Sydney results
2025-05-01 00:00:00,20250501,3,4,2,193,Synthetic demonstration data — not actual University of Sydney results
2025-05-01 00:00:00,20250501,3,4,3,528,Synthetic demonstration data — not actual University of Sydney results
2025-05-01 00:00:00,20250501,3,4,4,105,Synthetic demonstration data — not actual University of Sydney results
2025-05-01 00:00:00,20250501,1,5,1,246,Synthetic demonstration data — not actual University of Sydney results
2025-05-01 00:00:00,20250501,1,5,2,904,Synthetic demonstration data — not actual University of Sydney results
2025-05-01 00:00:00,20250501,1,5,3,2467,Synthetic demonstration data — not actual University of Sydney results
2025-05-01 00:00:00,20250501,1,5,4,493,Synthetic demonstration data — not actual University of Sydney results
2025-05-01 00:00:00,20250501,2,5,1,46,Synthetic demonstration data — not actual University of Sydney results
2025-05-01 00:00:00,20250501,2,5,2,170,Synthetic demonstration data — not actual University of Sydney results
2025-05-01 00:00:00,20250501,2,5,3,466,Synthetic demonstration data — not actual University of Sydney results
2025-05-01 00:00:00,20250501,2,5,4,93,Synthetic demonstration data — not actual University of Sydney results
2025-05-01 00:00:00,20250501,3,5,1,21,Synthetic demonstration data — not actual University of Sydney results
2025-05-01 00:00:00,20250501,3,5,2,79,Synthetic demonstration data — not actual University of Sydney results
2025-05-01 00:00:00,20250501,3,5,3,217,Synthetic demonstration data — not actual University of Sydney results
2025-05-01 00:00:00,20250501,3,5,4,43,Synthetic demonstration data — not actual University of Sydney results
2025-05-01 00:00:00,20250501,1,6,5,3457,Synthetic demonstration data — not actual University of Sydney results
2025-05-01 00:00:00,20250501,2,6,5,656,Synthetic demonstration data — not actual University of Sydney results
2025-05-01 00:00:00,20250501,3,6,5,308,Synthetic demonstration data — not actual University of Sydney results
2025-05-01 00:00:00,20250501,1,7,5,6116,Synthetic demonstration data — not actual University of Sydney results
2025-05-01 00:00:00,20250501,2,7,5,1185,Synthetic demonstration data — not actual University of Sydney results
2025-05-01 00:00:00,20250501,3,7,5,550,Synthetic demonstration data — not actual University of Sydney results
2025-06-01 00:00:00,20250601,1,1,1,1222,Synthetic demonstration data — not actual University of Sydney results
2025-06-01 00:00:00,20250601,1,1,2,4481,Synthetic demonstration data — not actual University of Sydney results
2025-06-01 00:00:00,20250601,1,1,3,12222,Synthetic demonstration data — not actual University of Sydney results
2025-06-01 00:00:00,20250601,1,1,4,2444,Synthetic demonstration data — not actual University of Sydney results
2025-06-01 00:00:00,20250601,2,1,1,238,Synthetic demonstration data — not actual University of Sydney results
2025-06-01 00:00:00,20250601,2,1,2,875,Synthetic demonstration data — not actual University of Sydney results
2025-06-01 00:00:00,20250601,2,1,3,2388,Synthetic demonstration data — not actual University of Sydney results
2025-06-01 00:00:00,20250601,2,1,4,477,Synthetic demonstration data — not actual University of Sydney results
2025-06-01 00:00:00,20250601,3,1,1,109,Synthetic demonstration data — not actual University of Sydney results
2025-06-01 00:00:00,20250601,3,1,2,401,Synthetic demonstration data — not actual University of Sydney results
2025-06-01 00:00:00,20250601,3,1,3,1095,Synthetic demonstration data — not actual University of Sydney results
2025-06-01 00:00:00,20250601,3,1,4,219,Synthetic demonstration data — not actual University of Sydney results
2025-06-01 00:00:00,20250601,1,2,1,745,Synthetic demonstration data — not actual University of Sydney results
2025-06-01 00:00:00,20250601,1,2,2,2732,Synthetic demonstration data — not actual University of Sydney results
2025-06-01 00:00:00,20250601,1,2,3,7451,Synthetic demonstration data — not actual University of Sydney results
2025-06-01 00:00:00,20250601,1,2,4,1490,Synthetic demonstration data — not actual University of Sydney results
2025-06-01 00:00:00,20250601,2,2,1,141,Synthetic demonstration data — not actual University of Sydney results
2025-06-01 00:00:00,20250601,2,2,2,517,Synthetic demonstration data — not actual University of Sydney results
2025-06-01 00:00:00,20250601,2,2,3,1410,Synthetic demonstration data — not actual University of Sydney results
2025-06-01 00:00:00,20250601,2,2,4,282,Synthetic demonstration data — not actual University of Sydney results
2025-06-01 00:00:00,20250601,3,2,1,66,Synthetic demonstration data — not actual University of Sydney results
2025-06-01 00:00:00,20250601,3,2,2,242,Synthetic demonstration data — not actual University of Sydney results
2025-06-01 00:00:00,20250601,3,2,3,660,Synthetic demonstration data — not actual University of Sydney results
2025-06-01 00:00:00,20250601,3,2,4,132,Synthetic demonstration data — not actual University of Sydney results
2025-06-01 00:00:00,20250601,1,3,1,400,Synthetic demonstration data — not actual University of Sydney results
2025-06-01 00:00:00,20250601,1,3,2,1467,Synthetic demonstration data — not actual University of Sydney results
2025-06-01 00:00:00,20250601,1,3,3,4001,Synthetic demonstration data — not actual University of Sydney results
2025-06-01 00:00:00,20250601,1,3,4,800,Synthetic demonstration data — not actual University of Sydney results
2025-06-01 00:00:00,20250601,2,3,1,76,Synthetic demonstration data — not actual University of Sydney results
2025-06-01 00:00:00,20250601,2,3,2,280,Synthetic demonstration data — not actual University of Sydney results
2025-06-01 00:00:00,20250601,2,3,3,765,Synthetic demonstration data — not actual University of Sydney results
2025-06-01 00:00:00,20250601,2,3,4,153,Synthetic demonstration data — not actual University of Sydney results
2025-06-01 00:00:00,20250601,3,3,1,35,Synthetic demonstration data — not actual University of Sydney results
2025-06-01 00:00:00,20250601,3,3,2,128,Synthetic demonstration data — not actual University of Sydney results
2025-06-01 00:00:00,20250601,3,3,3,351,Synthetic demonstration data — not actual University of Sydney results
2025-06-01 00:00:00,20250601,3,3,4,70,Synthetic demonstration data — not actual University of Sydney results
2025-06-01 00:00:00,20250601,1,4,1,591,Synthetic demonstration data — not actual University of Sydney results
2025-06-01 00:00:00,20250601,1,4,2,2167,Synthetic demonstration data — not actual University of Sydney results
2025-06-01 00:00:00,20250601,1,4,3,5910,Synthetic demonstration data — not actual University of Sydney results
2025-06-01 00:00:00,20250601,1,4,4,1182,Synthetic demonstration data — not actual University of Sydney results
2025-06-01 00:00:00,20250601,2,4,1,112,Synthetic demonstration data — not actual University of Sydney results
2025-06-01 00:00:00,20250601,2,4,2,413,Synthetic demonstration data — not actual University of Sydney results
2025-06-01 00:00:00,20250601,2,4,3,1128,Synthetic demonstration data — not actual University of Sydney results
2025-06-01 00:00:00,20250601,2,4,4,225,Synthetic demonstration data — not actual University of Sydney results
2025-06-01 00:00:00,20250601,3,4,1,53,Synthetic demonstration data — not actual University of Sydney results
2025-06-01 00:00:00,20250601,3,4,2,194,Synthetic demonstration data — not actual University of Sydney results
2025-06-01 00:00:00,20250601,3,4,3,530,Synthetic demonstration data — not actual University of Sydney results
2025-06-01 00:00:00,20250601,3,4,4,106,Synthetic demonstration data — not actual University of Sydney results
2025-06-01 00:00:00,20250601,1,5,1,246,Synthetic demonstration data — not actual University of Sydney results
2025-06-01 00:00:00,20250601,1,5,2,902,Synthetic demonstration data — not actual University of Sydney results
2025-06-01 00:00:00,20250601,1,5,3,2460,Synthetic demonstration data — not actual University of Sydney results
2025-06-01 00:00:00,20250601,1,5,4,492,Synthetic demonstration data — not actual University of Sydney results
2025-06-01 00:00:00,20250601,2,5,1,47,Synthetic demonstration data — not actual University of Sydney results
2025-06-01 00:00:00,20250601,2,5,2,173,Synthetic demonstration data — not actual University of Sydney results
2025-06-01 00:00:00,20250601,2,5,3,472,Synthetic demonstration data — not actual University of Sydney results
2025-06-01 00:00:00,20250601,2,5,4,94,Synthetic demonstration data — not actual University of Sydney results
2025-06-01 00:00:00,20250601,3,5,1,22,Synthetic demonstration data — not actual University of Sydney results
2025-06-01 00:00:00,20250601,3,5,2,81,Synthetic demonstration data — not actual University of Sydney results
2025-06-01 00:00:00,20250601,3,5,3,222,Synthetic demonstration data — not actual University of Sydney results
2025-06-01 00:00:00,20250601,3,5,4,44,Synthetic demonstration data — not actual University of Sydney results
2025-06-01 00:00:00,20250601,1,6,5,3453,Synthetic demonstration data — not actual University of Sydney results
2025-06-01 00:00:00,20250601,2,6,5,657,Synthetic demonstration data — not actual University of Sydney results
2025-06-01 00:00:00,20250601,3,6,5,309,Synthetic demonstration data — not actual University of Sydney results
2025-06-01 00:00:00,20250601,1,7,5,6207,Synthetic demonstration data — not actual University of Sydney results
2025-06-01 00:00:00,20250601,2,7,5,1188,Synthetic demonstration data — not actual University of Sydney results
2025-06-01 00:00:00,20250601,3,7,5,556,Synthetic demonstration data — not actual University of Sydney results
2025-07-01 00:00:00,20250701,1,1,1,1232,Synthetic demonstration data — not actual University of Sydney results
2025-07-01 00:00:00,20250701,1,1,2,4520,Synthetic demonstration data — not actual University of Sydney results
2025-07-01 00:00:00,20250701,1,1,3,12329,Synthetic demonstration data — not actual University of Sydney results
2025-07-01 00:00:00,20250701,1,1,4,2465,Synthetic demonstration data — not actual University of Sydney results
2025-07-01 00:00:00,20250701,2,1,1,241,Synthetic demonstration data — not actual University of Sydney results
2025-07-01 00:00:00,20250701,2,1,2,886,Synthetic demonstration data — not actual University of Sydney results
2025-07-01 00:00:00,20250701,2,1,3,2418,Synthetic demonstration data — not actual University of Sydney results
2025-07-01 00:00:00,20250701,2,1,4,483,Synthetic demonstration data — not actual University of Sydney results
2025-07-01 00:00:00,20250701,3,1,1,112,Synthetic demonstration data — not actual University of Sydney results
2025-07-01 00:00:00,20250701,3,1,2,413,Synthetic demonstration data — not actual University of Sydney results
2025-07-01 00:00:00,20250701,3,1,3,1128,Synthetic demonstration data — not actual University of Sydney results
2025-07-01 00:00:00,20250701,3,1,4,225,Synthetic demonstration data — not actual University of Sydney results
2025-07-01 00:00:00,20250701,1,2,1,753,Synthetic demonstration data — not actual University of Sydney results
2025-07-01 00:00:00,20250701,1,2,2,2764,Synthetic demonstration data — not actual University of Sydney results
2025-07-01 00:00:00,20250701,1,2,3,7539,Synthetic demonstration data — not actual University of Sydney results
2025-07-01 00:00:00,20250701,1,2,4,1507,Synthetic demonstration data — not actual University of Sydney results
2025-07-01 00:00:00,20250701,2,2,1,141,Synthetic demonstration data — not actual University of Sydney results
2025-07-01 00:00:00,20250701,2,2,2,520,Synthetic demonstration data — not actual University of Sydney results
2025-07-01 00:00:00,20250701,2,2,3,1418,Synthetic demonstration data — not actual University of Sydney results
2025-07-01 00:00:00,20250701,2,2,4,283,Synthetic demonstration data — not actual University of Sydney results
2025-07-01 00:00:00,20250701,3,2,1,67,Synthetic demonstration data — not actual University of Sydney results
2025-07-01 00:00:00,20250701,3,2,2,246,Synthetic demonstration data — not actual University of Sydney results
2025-07-01 00:00:00,20250701,3,2,3,672,Synthetic demonstration data — not actual University of Sydney results
2025-07-01 00:00:00,20250701,3,2,4,134,Synthetic demonstration data — not actual University of Sydney results
2025-07-01 00:00:00,20250701,1,3,1,397,Synthetic demonstration data — not actual University of Sydney results
2025-07-01 00:00:00,20250701,1,3,2,1458,Synthetic demonstration data — not actual University of Sydney results
2025-07-01 00:00:00,20250701,1,3,3,3977,Synthetic demonstration data — not actual University of Sydney results
2025-07-01 00:00:00,20250701,1,3,4,795,Synthetic demonstration data — not actual University of Sydney results
2025-07-01 00:00:00,20250701,2,3,1,77,Synthetic demonstration data — not actual University of Sydney results
2025-07-01 00:00:00,20250701,2,3,2,283,Synthetic demonstration data — not actual University of Sydney results
2025-07-01 00:00:00,20250701,2,3,3,772,Synthetic demonstration data — not actual University of Sydney results
2025-07-01 00:00:00,20250701,2,3,4,154,Synthetic demonstration data — not actual University of Sydney results
2025-07-01 00:00:00,20250701,3,3,1,36,Synthetic demonstration data — not actual University of Sydney results
2025-07-01 00:00:00,20250701,3,3,2,132,Synthetic demonstration data — not actual University of Sydney results
2025-07-01 00:00:00,20250701,3,3,3,361,Synthetic demonstration data — not actual University of Sydney results
2025-07-01 00:00:00,20250701,3,3,4,72,Synthetic demonstration data — not actual University of Sydney results
2025-07-01 00:00:00,20250701,1,4,1,587,Synthetic demonstration data — not actual University of Sydney results
2025-07-01 00:00:00,20250701,1,4,2,2155,Synthetic demonstration data — not actual University of Sydney results
2025-07-01 00:00:00,20250701,1,4,3,5878,Synthetic demonstration data — not actual University of Sydney results
2025-07-01 00:00:00,20250701,1,4,4,1175,Synthetic demonstration data — not actual University of Sydney results
2025-07-01 00:00:00,20250701,2,4,1,116,Synthetic demonstration data — not actual University of Sydney results
2025-07-01 00:00:00,20250701,2,4,2,425,Synthetic demonstration data — not actual University of Sydney results
2025-07-01 00:00:00,20250701,2,4,3,1161,Synthetic demonstration data — not actual University of Sydney results
2025-07-01 00:00:00,20250701,2,4,4,232,Synthetic demonstration data — not actual University of Sydney results
2025-07-01 00:00:00,20250701,3,4,1,52,Synthetic demonstration data — not actual University of Sydney results
2025-07-01 00:00:00,20250701,3,4,2,192,Synthetic demonstration data — not actual University of Sydney results
2025-07-01 00:00:00,20250701,3,4,3,526,Synthetic demonstration data — not actual University of Sydney results
2025-07-01 00:00:00,20250701,3,4,4,105,Synthetic demonstration data — not actual University of Sydney results
2025-07-01 00:00:00,20250701,1,5,1,248,Synthetic demonstration data — not actual University of Sydney results
2025-07-01 00:00:00,20250701,1,5,2,909,Synthetic demonstration data — not actual University of Sydney results
2025-07-01 00:00:00,20250701,1,5,3,2480,Synthetic demonstration data — not actual University of Sydney results
2025-07-01 00:00:00,20250701,1,5,4,496,Synthetic demonstration data — not actual University of Sydney results
2025-07-01 00:00:00,20250701,2,5,1,48,Synthetic demonstration data — not actual University of Sydney results
2025-07-01 00:00:00,20250701,2,5,2,176,Synthetic demonstration data — not actual University of Sydney results
2025-07-01 00:00:00,20250701,2,5,3,480,Synthetic demonstration data — not actual University of Sydney results
2025-07-01 00:00:00,20250701,2,5,4,96,Synthetic demonstration data — not actual University of Sydney results
2025-07-01 00:00:00,20250701,3,5,1,22,Synthetic demonstration data — not actual University of Sydney results
2025-07-01 00:00:00,20250701,3,5,2,81,Synthetic demonstration data — not actual University of Sydney results
2025-07-01 00:00:00,20250701,3,5,3,222,Synthetic demonstration data — not actual University of Sydney results
2025-07-01 00:00:00,20250701,3,5,4,44,Synthetic demonstration data — not actual University of Sydney results
2025-07-01 00:00:00,20250701,1,6,5,3522,Synthetic demonstration data — not actual University of Sydney results
2025-07-01 00:00:00,20250701,2,6,5,676,Synthetic demonstration data — not actual University of Sydney results
2025-07-01 00:00:00,20250701,3,6,5,308,Synthetic demonstration data — not actual University of Sydney results
2025-07-01 00:00:00,20250701,1,7,5,6238,Synthetic demonstration data — not actual University of Sydney results
2025-07-01 00:00:00,20250701,2,7,5,1185,Synthetic demonstration data — not actual University of Sydney results
2025-07-01 00:00:00,20250701,3,7,5,563,Synthetic demonstration data — not actual University of Sydney results
2025-08-01 00:00:00,20250801,1,1,1,1288,Synthetic demonstration data — not actual University of Sydney results
2025-08-01 00:00:00,20250801,1,1,2,4723,Synthetic demonstration data — not actual University of Sydney results
2025-08-01 00:00:00,20250801,1,1,3,12881,Synthetic demonstration data — not actual University of Sydney results
2025-08-01 00:00:00,20250801,1,1,4,2576,Synthetic demonstration data — not actual University of Sydney results
2025-08-01 00:00:00,20250801,2,1,1,247,Synthetic demonstration data — not actual University of Sydney results
2025-08-01 00:00:00,20250801,2,1,2,909,Synthetic demonstration data — not actual University of Sydney results
2025-08-01 00:00:00,20250801,2,1,3,2479,Synthetic demonstration data — not actual University of Sydney results
2025-08-01 00:00:00,20250801,2,1,4,495,Synthetic demonstration data — not actual University of Sydney results
2025-08-01 00:00:00,20250801,3,1,1,113,Synthetic demonstration data — not actual University of Sydney results
2025-08-01 00:00:00,20250801,3,1,2,416,Synthetic demonstration data — not actual University of Sydney results
2025-08-01 00:00:00,20250801,3,1,3,1135,Synthetic demonstration data — not actual University of Sydney results
2025-08-01 00:00:00,20250801,3,1,4,227,Synthetic demonstration data — not actual University of Sydney results
2025-08-01 00:00:00,20250801,1,2,1,775,Synthetic demonstration data — not actual University of Sydney results
2025-08-01 00:00:00,20250801,1,2,2,2842,Synthetic demonstration data — not actual University of Sydney results
2025-08-01 00:00:00,20250801,1,2,3,7752,Synthetic demonstration data — not actual University of Sydney results
2025-08-01 00:00:00,20250801,1,2,4,1550,Synthetic demonstration data — not actual University of Sydney results
2025-08-01 00:00:00,20250801,2,2,1,146,Synthetic demonstration data — not actual University of Sydney results
2025-08-01 00:00:00,20250801,2,2,2,537,Synthetic demonstration data — not actual University of Sydney results
2025-08-01 00:00:00,20250801,2,2,3,1467,Synthetic demonstration data — not actual University of Sydney results
2025-08-01 00:00:00,20250801,2,2,4,293,Synthetic demonstration data — not actual University of Sydney results
2025-08-01 00:00:00,20250801,3,2,1,69,Synthetic demonstration data — not actual University of Sydney results
2025-08-01 00:00:00,20250801,3,2,2,253,Synthetic demonstration data — not actual University of Sydney results
2025-08-01 00:00:00,20250801,3,2,3,691,Synthetic demonstration data — not actual University of Sydney results
2025-08-01 00:00:00,20250801,3,2,4,138,Synthetic demonstration data — not actual University of Sydney results
2025-08-01 00:00:00,20250801,1,3,1,409,Synthetic demonstration data — not actual University of Sydney results
2025-08-01 00:00:00,20250801,1,3,2,1503,Synthetic demonstration data — not actual University of Sydney results
2025-08-01 00:00:00,20250801,1,3,3,4099,Synthetic demonstration data — not actual University of Sydney results
2025-08-01 00:00:00,20250801,1,3,4,819,Synthetic demonstration data — not actual University of Sydney results
2025-08-01 00:00:00,20250801,2,3,1,79,Synthetic demonstration data — not actual University of Sydney results
2025-08-01 00:00:00,20250801,2,3,2,291,Synthetic demonstration data — not actual University of Sydney results
2025-08-01 00:00:00,20250801,2,3,3,794,Synthetic demonstration data — not actual University of Sydney results
2025-08-01 00:00:00,20250801,2,3,4,158,Synthetic demonstration data — not actual University of Sydney results
2025-08-01 00:00:00,20250801,3,3,1,37,Synthetic demonstration data — not actual University of Sydney results
2025-08-01 00:00:00,20250801,3,3,2,136,Synthetic demonstration data — not actual University of Sydney results
2025-08-01 00:00:00,20250801,3,3,3,371,Synthetic demonstration data — not actual University of Sydney results
2025-08-01 00:00:00,20250801,3,3,4,74,Synthetic demonstration data — not actual University of Sydney results
2025-08-01 00:00:00,20250801,1,4,1,620,Synthetic demonstration data — not actual University of Sydney results
2025-08-01 00:00:00,20250801,1,4,2,2273,Synthetic demonstration data — not actual University of Sydney results
2025-08-01 00:00:00,20250801,1,4,3,6201,Synthetic demonstration data — not actual University of Sydney results
2025-08-01 00:00:00,20250801,1,4,4,1240,Synthetic demonstration data — not actual University of Sydney results
2025-08-01 00:00:00,20250801,2,4,1,117,Synthetic demonstration data — not actual University of Sydney results
2025-08-01 00:00:00,20250801,2,4,2,429,Synthetic demonstration data — not actual University of Sydney results
2025-08-01 00:00:00,20250801,2,4,3,1171,Synthetic demonstration data — not actual University of Sydney results
2025-08-01 00:00:00,20250801,2,4,4,234,Synthetic demonstration data — not actual University of Sydney results
2025-08-01 00:00:00,20250801,3,4,1,55,Synthetic demonstration data — not actual University of Sydney results
2025-08-01 00:00:00,20250801,3,4,2,203,Synthetic demonstration data — not actual University of Sydney results
2025-08-01 00:00:00,20250801,3,4,3,553,Synthetic demonstration data — not actual University of Sydney results
2025-08-01 00:00:00,20250801,3,4,4,110,Synthetic demonstration data — not actual University of Sydney results
2025-08-01 00:00:00,20250801,1,5,1,256,Synthetic demonstration data — not actual University of Sydney results
2025-08-01 00:00:00,20250801,1,5,2,938,Synthetic demonstration data — not actual University of Sydney results
2025-08-01 00:00:00,20250801,1,5,3,2560,Synthetic demonstration data — not actual University of Sydney results
2025-08-01 00:00:00,20250801,1,5,4,512,Synthetic demonstration data — not actual University of Sydney results
2025-08-01 00:00:00,20250801,2,5,1,48,Synthetic demonstration data — not actual University of Sydney results
2025-08-01 00:00:00,20250801,2,5,2,179,Synthetic demonstration data — not actual University of Sydney results
2025-08-01 00:00:00,20250801,2,5,3,488,Synthetic demonstration data — not actual University of Sydney results
2025-08-01 00:00:00,20250801,2,5,4,97,Synthetic demonstration data — not actual University of Sydney results
2025-08-01 00:00:00,20250801,3,5,1,23,Synthetic demonstration data — not actual University of Sydney results
2025-08-01 00:00:00,20250801,3,5,2,84,Synthetic demonstration data — not actual University of Sydney results
2025-08-01 00:00:00,20250801,3,5,3,230,Synthetic demonstration data — not actual University of Sydney results
2025-08-01 00:00:00,20250801,3,5,4,46,Synthetic demonstration data — not actual University of Sydney results
2025-08-01 00:00:00,20250801,1,6,5,3562,Synthetic demonstration data — not actual University of Sydney results
2025-08-01 00:00:00,20250801,2,6,5,688,Synthetic demonstration data — not actual University of Sydney results
2025-08-01 00:00:00,20250801,3,6,5,325,Synthetic demonstration data — not actual University of Sydney results
2025-08-01 00:00:00,20250801,1,7,5,6424,Synthetic demonstration data — not actual University of Sydney results
2025-08-01 00:00:00,20250801,2,7,5,1227,Synthetic demonstration data — not actual University of Sydney results
2025-08-01 00:00:00,20250801,3,7,5,574,Synthetic demonstration data — not actual University of Sydney results
2025-09-01 00:00:00,20250901,1,1,1,1237,Synthetic demonstration data — not actual University of Sydney results
2025-09-01 00:00:00,20250901,1,1,2,4538,Synthetic demonstration data — not actual University of Sydney results
2025-09-01 00:00:00,20250901,1,1,3,12378,Synthetic demonstration data — not actual University of Sydney results
2025-09-01 00:00:00,20250901,1,1,4,2475,Synthetic demonstration data — not actual University of Sydney results
2025-09-01 00:00:00,20250901,2,1,1,237,Synthetic demonstration data — not actual University of Sydney results
2025-09-01 00:00:00,20250901,2,1,2,872,Synthetic demonstration data — not actual University of Sydney results
2025-09-01 00:00:00,20250901,2,1,3,2378,Synthetic demonstration data — not actual University of Sydney results
2025-09-01 00:00:00,20250901,2,1,4,475,Synthetic demonstration data — not actual University of Sydney results
2025-09-01 00:00:00,20250901,3,1,1,113,Synthetic demonstration data — not actual University of Sydney results
2025-09-01 00:00:00,20250901,3,1,2,417,Synthetic demonstration data — not actual University of Sydney results
2025-09-01 00:00:00,20250901,3,1,3,1139,Synthetic demonstration data — not actual University of Sydney results
2025-09-01 00:00:00,20250901,3,1,4,227,Synthetic demonstration data — not actual University of Sydney results
2025-09-01 00:00:00,20250901,1,2,1,749,Synthetic demonstration data — not actual University of Sydney results
2025-09-01 00:00:00,20250901,1,2,2,2748,Synthetic demonstration data — not actual University of Sydney results
2025-09-01 00:00:00,20250901,1,2,3,7496,Synthetic demonstration data — not actual University of Sydney results
2025-09-01 00:00:00,20250901,1,2,4,1499,Synthetic demonstration data — not actual University of Sydney results
2025-09-01 00:00:00,20250901,2,2,1,144,Synthetic demonstration data — not actual University of Sydney results
2025-09-01 00:00:00,20250901,2,2,2,528,Synthetic demonstration data — not actual University of Sydney results
2025-09-01 00:00:00,20250901,2,2,3,1440,Synthetic demonstration data — not actual University of Sydney results
2025-09-01 00:00:00,20250901,2,2,4,288,Synthetic demonstration data — not actual University of Sydney results
2025-09-01 00:00:00,20250901,3,2,1,66,Synthetic demonstration data — not actual University of Sydney results
2025-09-01 00:00:00,20250901,3,2,2,243,Synthetic demonstration data — not actual University of Sydney results
2025-09-01 00:00:00,20250901,3,2,3,665,Synthetic demonstration data — not actual University of Sydney results
2025-09-01 00:00:00,20250901,3,2,4,133,Synthetic demonstration data — not actual University of Sydney results
2025-09-01 00:00:00,20250901,1,3,1,396,Synthetic demonstration data — not actual University of Sydney results
2025-09-01 00:00:00,20250901,1,3,2,1454,Synthetic demonstration data — not actual University of Sydney results
2025-09-01 00:00:00,20250901,1,3,3,3966,Synthetic demonstration data — not actual University of Sydney results
2025-09-01 00:00:00,20250901,1,3,4,793,Synthetic demonstration data — not actual University of Sydney results
2025-09-01 00:00:00,20250901,2,3,1,77,Synthetic demonstration data — not actual University of Sydney results
2025-09-01 00:00:00,20250901,2,3,2,285,Synthetic demonstration data — not actual University of Sydney results
2025-09-01 00:00:00,20250901,2,3,3,779,Synthetic demonstration data — not actual University of Sydney results
2025-09-01 00:00:00,20250901,2,3,4,155,Synthetic demonstration data — not actual University of Sydney results
2025-09-01 00:00:00,20250901,3,3,1,35,Synthetic demonstration data — not actual University of Sydney results
2025-09-01 00:00:00,20250901,3,3,2,131,Synthetic demonstration data — not actual University of Sydney results
2025-09-01 00:00:00,20250901,3,3,3,358,Synthetic demonstration data — not actual University of Sydney results
2025-09-01 00:00:00,20250901,3,3,4,71,Synthetic demonstration data — not actual University of Sydney results
2025-09-01 00:00:00,20250901,1,4,1,600,Synthetic demonstration data — not actual University of Sydney results
2025-09-01 00:00:00,20250901,1,4,2,2200,Synthetic demonstration data — not actual University of Sydney results
2025-09-01 00:00:00,20250901,1,4,3,6001,Synthetic demonstration data — not actual University of Sydney results
2025-09-01 00:00:00,20250901,1,4,4,1200,Synthetic demonstration data — not actual University of Sydney results
2025-09-01 00:00:00,20250901,2,4,1,116,Synthetic demonstration data — not actual University of Sydney results
2025-09-01 00:00:00,20250901,2,4,2,426,Synthetic demonstration data — not actual University of Sydney results
2025-09-01 00:00:00,20250901,2,4,3,1163,Synthetic demonstration data — not actual University of Sydney results
2025-09-01 00:00:00,20250901,2,4,4,232,Synthetic demonstration data — not actual University of Sydney results
2025-09-01 00:00:00,20250901,3,4,1,53,Synthetic demonstration data — not actual University of Sydney results
2025-09-01 00:00:00,20250901,3,4,2,196,Synthetic demonstration data — not actual University of Sydney results
2025-09-01 00:00:00,20250901,3,4,3,536,Synthetic demonstration data — not actual University of Sydney results
2025-09-01 00:00:00,20250901,3,4,4,107,Synthetic demonstration data — not actual University of Sydney results
2025-09-01 00:00:00,20250901,1,5,1,249,Synthetic demonstration data — not actual University of Sydney results
2025-09-01 00:00:00,20250901,1,5,2,913,Synthetic demonstration data — not actual University of Sydney results
2025-09-01 00:00:00,20250901,1,5,3,2490,Synthetic demonstration data — not actual University of Sydney results
2025-09-01 00:00:00,20250901,1,5,4,498,Synthetic demonstration data — not actual University of Sydney results
2025-09-01 00:00:00,20250901,2,5,1,48,Synthetic demonstration data — not actual University of Sydney results
2025-09-01 00:00:00,20250901,2,5,2,176,Synthetic demonstration data — not actual University of Sydney results
2025-09-01 00:00:00,20250901,2,5,3,480,Synthetic demonstration data — not actual University of Sydney results
2025-09-01 00:00:00,20250901,2,5,4,96,Synthetic demonstration data — not actual University of Sydney results
2025-09-01 00:00:00,20250901,3,5,1,22,Synthetic demonstration data — not actual University of Sydney results
2025-09-01 00:00:00,20250901,3,5,2,81,Synthetic demonstration data — not actual University of Sydney results
2025-09-01 00:00:00,20250901,3,5,3,223,Synthetic demonstration data — not actual University of Sydney results
2025-09-01 00:00:00,20250901,3,5,4,44,Synthetic demonstration data — not actual University of Sydney results
2025-09-01 00:00:00,20250901,1,6,5,3562,Synthetic demonstration data — not actual University of Sydney results
2025-09-01 00:00:00,20250901,2,6,5,672,Synthetic demonstration data — not actual University of Sydney results
2025-09-01 00:00:00,20250901,3,6,5,310,Synthetic demonstration data — not actual University of Sydney results
2025-09-01 00:00:00,20250901,1,7,5,6292,Synthetic demonstration data — not actual University of Sydney results
2025-09-01 00:00:00,20250901,2,7,5,1197,Synthetic demonstration data — not actual University of Sydney results
2025-09-01 00:00:00,20250901,3,7,5,571,Synthetic demonstration data — not actual University of Sydney results
2025-10-01 00:00:00,20251001,1,1,1,1248,Synthetic demonstration data — not actual University of Sydney results
2025-10-01 00:00:00,20251001,1,1,2,4579,Synthetic demonstration data — not actual University of Sydney results
2025-10-01 00:00:00,20251001,1,1,3,12489,Synthetic demonstration data — not actual University of Sydney results
2025-10-01 00:00:00,20251001,1,1,4,2497,Synthetic demonstration data — not actual University of Sydney results
2025-10-01 00:00:00,20251001,2,1,1,240,Synthetic demonstration data — not actual University of Sydney results
2025-10-01 00:00:00,20251001,2,1,2,882,Synthetic demonstration data — not actual University of Sydney results
2025-10-01 00:00:00,20251001,2,1,3,2406,Synthetic demonstration data — not actual University of Sydney results
2025-10-01 00:00:00,20251001,2,1,4,481,Synthetic demonstration data — not actual University of Sydney results
2025-10-01 00:00:00,20251001,3,1,1,114,Synthetic demonstration data — not actual University of Sydney results
2025-10-01 00:00:00,20251001,3,1,2,418,Synthetic demonstration data — not actual University of Sydney results
2025-10-01 00:00:00,20251001,3,1,3,1140,Synthetic demonstration data — not actual University of Sydney results
2025-10-01 00:00:00,20251001,3,1,4,228,Synthetic demonstration data — not actual University of Sydney results
2025-10-01 00:00:00,20251001,1,2,1,759,Synthetic demonstration data — not actual University of Sydney results
2025-10-01 00:00:00,20251001,1,2,2,2784,Synthetic demonstration data — not actual University of Sydney results
2025-10-01 00:00:00,20251001,1,2,3,7594,Synthetic demonstration data — not actual University of Sydney results
2025-10-01 00:00:00,20251001,1,2,4,1518,Synthetic demonstration data — not actual University of Sydney results
2025-10-01 00:00:00,20251001,2,2,1,143,Synthetic demonstration data — not actual University of Sydney results
2025-10-01 00:00:00,20251001,2,2,2,525,Synthetic demonstration data — not actual University of Sydney results
2025-10-01 00:00:00,20251001,2,2,3,1433,Synthetic demonstration data — not actual University of Sydney results
2025-10-01 00:00:00,20251001,2,2,4,286,Synthetic demonstration data — not actual University of Sydney results
2025-10-01 00:00:00,20251001,3,2,1,68,Synthetic demonstration data — not actual University of Sydney results
2025-10-01 00:00:00,20251001,3,2,2,250,Synthetic demonstration data — not actual University of Sydney results
2025-10-01 00:00:00,20251001,3,2,3,682,Synthetic demonstration data — not actual University of Sydney results
2025-10-01 00:00:00,20251001,3,2,4,136,Synthetic demonstration data — not actual University of Sydney results
2025-10-01 00:00:00,20251001,1,3,1,399,Synthetic demonstration data — not actual University of Sydney results
2025-10-01 00:00:00,20251001,1,3,2,1464,Synthetic demonstration data — not actual University of Sydney results
2025-10-01 00:00:00,20251001,1,3,3,3994,Synthetic demonstration data — not actual University of Sydney results
2025-10-01 00:00:00,20251001,1,3,4,798,Synthetic demonstration data — not actual University of Sydney results
2025-10-01 00:00:00,20251001,2,3,1,78,Synthetic demonstration data — not actual University of Sydney results
2025-10-01 00:00:00,20251001,2,3,2,286,Synthetic demonstration data — not actual University of Sydney results
2025-10-01 00:00:00,20251001,2,3,3,781,Synthetic demonstration data — not actual University of Sydney results
2025-10-01 00:00:00,20251001,2,3,4,156,Synthetic demonstration data — not actual University of Sydney results
2025-10-01 00:00:00,20251001,3,3,1,36,Synthetic demonstration data — not actual University of Sydney results
2025-10-01 00:00:00,20251001,3,3,2,132,Synthetic demonstration data — not actual University of Sydney results
2025-10-01 00:00:00,20251001,3,3,3,361,Synthetic demonstration data — not actual University of Sydney results
2025-10-01 00:00:00,20251001,3,3,4,72,Synthetic demonstration data — not actual University of Sydney results
2025-10-01 00:00:00,20251001,1,4,1,602,Synthetic demonstration data — not actual University of Sydney results
2025-10-01 00:00:00,20251001,1,4,2,2210,Synthetic demonstration data — not actual University of Sydney results
2025-10-01 00:00:00,20251001,1,4,3,6029,Synthetic demonstration data — not actual University of Sydney results
2025-10-01 00:00:00,20251001,1,4,4,1205,Synthetic demonstration data — not actual University of Sydney results
2025-10-01 00:00:00,20251001,2,4,1,115,Synthetic demonstration data — not actual University of Sydney results
2025-10-01 00:00:00,20251001,2,4,2,424,Synthetic demonstration data — not actual University of Sydney results
2025-10-01 00:00:00,20251001,2,4,3,1158,Synthetic demonstration data — not actual University of Sydney results
2025-10-01 00:00:00,20251001,2,4,4,231,Synthetic demonstration data — not actual University of Sydney results
2025-10-01 00:00:00,20251001,3,4,1,54,Synthetic demonstration data — not actual University of Sydney results
2025-10-01 00:00:00,20251001,3,4,2,199,Synthetic demonstration data — not actual University of Sydney results
2025-10-01 00:00:00,20251001,3,4,3,544,Synthetic demonstration data — not actual University of Sydney results
2025-10-01 00:00:00,20251001,3,4,4,108,Synthetic demonstration data — not actual University of Sydney results
2025-10-01 00:00:00,20251001,1,5,1,249,Synthetic demonstration data — not actual University of Sydney results
2025-10-01 00:00:00,20251001,1,5,2,913,Synthetic demonstration data — not actual University of Sydney results
2025-10-01 00:00:00,20251001,1,5,3,2490,Synthetic demonstration data — not actual University of Sydney results
2025-10-01 00:00:00,20251001,1,5,4,498,Synthetic demonstration data — not actual University of Sydney results
2025-10-01 00:00:00,20251001,2,5,1,48,Synthetic demonstration data — not actual University of Sydney results
2025-10-01 00:00:00,20251001,2,5,2,178,Synthetic demonstration data — not actual University of Sydney results
2025-10-01 00:00:00,20251001,2,5,3,486,Synthetic demonstration data — not actual University of Sydney results
2025-10-01 00:00:00,20251001,2,5,4,97,Synthetic demonstration data — not actual University of Sydney results
2025-10-01 00:00:00,20251001,3,5,1,22,Synthetic demonstration data — not actual University of Sydney results
2025-10-01 00:00:00,20251001,3,5,2,83,Synthetic demonstration data — not actual University of Sydney results
2025-10-01 00:00:00,20251001,3,5,3,228,Synthetic demonstration data — not actual University of Sydney results
2025-10-01 00:00:00,20251001,3,5,4,45,Synthetic demonstration data — not actual University of Sydney results
2025-10-01 00:00:00,20251001,1,6,5,3553,Synthetic demonstration data — not actual University of Sydney results
2025-10-01 00:00:00,20251001,2,6,5,671,Synthetic demonstration data — not actual University of Sydney results
2025-10-01 00:00:00,20251001,3,6,5,318,Synthetic demonstration data — not actual University of Sydney results
2025-10-01 00:00:00,20251001,1,7,5,6360,Synthetic demonstration data — not actual University of Sydney results
2025-10-01 00:00:00,20251001,2,7,5,1228,Synthetic demonstration data — not actual University of Sydney results
2025-10-01 00:00:00,20251001,3,7,5,565,Synthetic demonstration data — not actual University of Sydney results
2025-11-01 00:00:00,20251101,1,1,1,1271,Synthetic demonstration data — not actual University of Sydney results
2025-11-01 00:00:00,20251101,1,1,2,4663,Synthetic demonstration data — not actual University of Sydney results
2025-11-01 00:00:00,20251101,1,1,3,12717,Synthetic demonstration data — not actual University of Sydney results
2025-11-01 00:00:00,20251101,1,1,4,2543,Synthetic demonstration data — not actual University of Sydney results
2025-11-01 00:00:00,20251101,2,1,1,241,Synthetic demonstration data — not actual University of Sydney results
2025-11-01 00:00:00,20251101,2,1,2,886,Synthetic demonstration data — not actual University of Sydney results
2025-11-01 00:00:00,20251101,2,1,3,2418,Synthetic demonstration data — not actual University of Sydney results
2025-11-01 00:00:00,20251101,2,1,4,483,Synthetic demonstration data — not actual University of Sydney results
2025-11-01 00:00:00,20251101,3,1,1,113,Synthetic demonstration data — not actual University of Sydney results
2025-11-01 00:00:00,20251101,3,1,2,415,Synthetic demonstration data — not actual University of Sydney results
2025-11-01 00:00:00,20251101,3,1,3,1132,Synthetic demonstration data — not actual University of Sydney results
2025-11-01 00:00:00,20251101,3,1,4,226,Synthetic demonstration data — not actual University of Sydney results
2025-11-01 00:00:00,20251101,1,2,1,771,Synthetic demonstration data — not actual University of Sydney results
2025-11-01 00:00:00,20251101,1,2,2,2830,Synthetic demonstration data — not actual University of Sydney results
2025-11-01 00:00:00,20251101,1,2,3,7718,Synthetic demonstration data — not actual University of Sydney results
2025-11-01 00:00:00,20251101,1,2,4,1543,Synthetic demonstration data — not actual University of Sydney results
2025-11-01 00:00:00,20251101,2,2,1,145,Synthetic demonstration data — not actual University of Sydney results
2025-11-01 00:00:00,20251101,2,2,2,532,Synthetic demonstration data — not actual University of Sydney results
2025-11-01 00:00:00,20251101,2,2,3,1453,Synthetic demonstration data — not actual University of Sydney results
2025-11-01 00:00:00,20251101,2,2,4,290,Synthetic demonstration data — not actual University of Sydney results
2025-11-01 00:00:00,20251101,3,2,1,69,Synthetic demonstration data — not actual University of Sydney results
2025-11-01 00:00:00,20251101,3,2,2,253,Synthetic demonstration data — not actual University of Sydney results
2025-11-01 00:00:00,20251101,3,2,3,692,Synthetic demonstration data — not actual University of Sydney results
2025-11-01 00:00:00,20251101,3,2,4,138,Synthetic demonstration data — not actual University of Sydney results
2025-11-01 00:00:00,20251101,1,3,1,411,Synthetic demonstration data — not actual University of Sydney results
2025-11-01 00:00:00,20251101,1,3,2,1509,Synthetic demonstration data — not actual University of Sydney results
2025-11-01 00:00:00,20251101,1,3,3,4116,Synthetic demonstration data — not actual University of Sydney results
2025-11-01 00:00:00,20251101,1,3,4,823,Synthetic demonstration data — not actual University of Sydney results
2025-11-01 00:00:00,20251101,2,3,1,78,Synthetic demonstration data — not actual University of Sydney results
2025-11-01 00:00:00,20251101,2,3,2,286,Synthetic demonstration data — not actual University of Sydney results
2025-11-01 00:00:00,20251101,2,3,3,780,Synthetic demonstration data — not actual University of Sydney results
2025-11-01 00:00:00,20251101,2,3,4,156,Synthetic demonstration data — not actual University of Sydney results
2025-11-01 00:00:00,20251101,3,3,1,36,Synthetic demonstration data — not actual University of Sydney results
2025-11-01 00:00:00,20251101,3,3,2,134,Synthetic demonstration data — not actual University of Sydney results
2025-11-01 00:00:00,20251101,3,3,3,367,Synthetic demonstration data — not actual University of Sydney results
2025-11-01 00:00:00,20251101,3,3,4,73,Synthetic demonstration data — not actual University of Sydney results
2025-11-01 00:00:00,20251101,1,4,1,600,Synthetic demonstration data — not actual University of Sydney results
2025-11-01 00:00:00,20251101,1,4,2,2203,Synthetic demonstration data — not actual University of Sydney results
2025-11-01 00:00:00,20251101,1,4,3,6009,Synthetic demonstration data — not actual University of Sydney results
2025-11-01 00:00:00,20251101,1,4,4,1201,Synthetic demonstration data — not actual University of Sydney results
2025-11-01 00:00:00,20251101,2,4,1,117,Synthetic demonstration data — not actual University of Sydney results
2025-11-01 00:00:00,20251101,2,4,2,432,Synthetic demonstration data — not actual University of Sydney results
2025-11-01 00:00:00,20251101,2,4,3,1179,Synthetic demonstration data — not actual University of Sydney results
2025-11-01 00:00:00,20251101,2,4,4,235,Synthetic demonstration data — not actual University of Sydney results
2025-11-01 00:00:00,20251101,3,4,1,54,Synthetic demonstration data — not actual University of Sydney results
2025-11-01 00:00:00,20251101,3,4,2,198,Synthetic demonstration data — not actual University of Sydney results
2025-11-01 00:00:00,20251101,3,4,3,541,Synthetic demonstration data — not actual University of Sydney results
2025-11-01 00:00:00,20251101,3,4,4,108,Synthetic demonstration data — not actual University of Sydney results
2025-11-01 00:00:00,20251101,1,5,1,254,Synthetic demonstration data — not actual University of Sydney results
2025-11-01 00:00:00,20251101,1,5,2,933,Synthetic demonstration data — not actual University of Sydney results
2025-11-01 00:00:00,20251101,1,5,3,2545,Synthetic demonstration data — not actual University of Sydney results
2025-11-01 00:00:00,20251101,1,5,4,509,Synthetic demonstration data — not actual University of Sydney results
2025-11-01 00:00:00,20251101,2,5,1,49,Synthetic demonstration data — not actual University of Sydney results
2025-11-01 00:00:00,20251101,2,5,2,181,Synthetic demonstration data — not actual University of Sydney results
2025-11-01 00:00:00,20251101,2,5,3,494,Synthetic demonstration data — not actual University of Sydney results
2025-11-01 00:00:00,20251101,2,5,4,98,Synthetic demonstration data — not actual University of Sydney results
2025-11-01 00:00:00,20251101,3,5,1,22,Synthetic demonstration data — not actual University of Sydney results
2025-11-01 00:00:00,20251101,3,5,2,82,Synthetic demonstration data — not actual University of Sydney results
2025-11-01 00:00:00,20251101,3,5,3,225,Synthetic demonstration data — not actual University of Sydney results
2025-11-01 00:00:00,20251101,3,5,4,45,Synthetic demonstration data — not actual University of Sydney results
2025-11-01 00:00:00,20251101,1,6,5,3584,Synthetic demonstration data — not actual University of Sydney results
2025-11-01 00:00:00,20251101,2,6,5,685,Synthetic demonstration data — not actual University of Sydney results
2025-11-01 00:00:00,20251101,3,6,5,316,Synthetic demonstration data — not actual University of Sydney results
2025-11-01 00:00:00,20251101,1,7,5,6302,Synthetic demonstration data — not actual University of Sydney results
2025-11-01 00:00:00,20251101,2,7,5,1230,Synthetic demonstration data — not actual University of Sydney results
2025-11-01 00:00:00,20251101,3,7,5,570,Synthetic demonstration data — not actual University of Sydney results
2025-12-01 00:00:00,20251201,1,1,1,1260,Synthetic demonstration data — not actual University of Sydney results
2025-12-01 00:00:00,20251201,1,1,2,4620,Synthetic demonstration data — not actual University of Sydney results
2025-12-01 00:00:00,20251201,1,1,3,12600,Synthetic demonstration data — not actual University of Sydney results
2025-12-01 00:00:00,20251201,1,1,4,2520,Synthetic demonstration data — not actual University of Sydney results
2025-12-01 00:00:00,20251201,2,1,1,243,Synthetic demonstration data — not actual University of Sydney results
2025-12-01 00:00:00,20251201,2,1,2,893,Synthetic demonstration data — not actual University of Sydney results
2025-12-01 00:00:00,20251201,2,1,3,2436,Synthetic demonstration data — not actual University of Sydney results
2025-12-01 00:00:00,20251201,2,1,4,487,Synthetic demonstration data — not actual University of Sydney results
2025-12-01 00:00:00,20251201,3,1,1,113,Synthetic demonstration data — not actual University of Sydney results
2025-12-01 00:00:00,20251201,3,1,2,414,Synthetic demonstration data — not actual University of Sydney results
2025-12-01 00:00:00,20251201,3,1,3,1130,Synthetic demonstration data — not actual University of Sydney results
2025-12-01 00:00:00,20251201,3,1,4,226,Synthetic demonstration data — not actual University of Sydney results
2025-12-01 00:00:00,20251201,1,2,1,747,Synthetic demonstration data — not actual University of Sydney results
2025-12-01 00:00:00,20251201,1,2,2,2741,Synthetic demonstration data — not actual University of Sydney results
2025-12-01 00:00:00,20251201,1,2,3,7476,Synthetic demonstration data — not actual University of Sydney results
2025-12-01 00:00:00,20251201,1,2,4,1495,Synthetic demonstration data — not actual University of Sydney results
2025-12-01 00:00:00,20251201,2,2,1,146,Synthetic demonstration data — not actual University of Sydney results
2025-12-01 00:00:00,20251201,2,2,2,537,Synthetic demonstration data — not actual University of Sydney results
2025-12-01 00:00:00,20251201,2,2,3,1464,Synthetic demonstration data — not actual University of Sydney results
2025-12-01 00:00:00,20251201,2,2,4,292,Synthetic demonstration data — not actual University of Sydney results
2025-12-01 00:00:00,20251201,3,2,1,68,Synthetic demonstration data — not actual University of Sydney results
2025-12-01 00:00:00,20251201,3,2,2,249,Synthetic demonstration data — not actual University of Sydney results
2025-12-01 00:00:00,20251201,3,2,3,681,Synthetic demonstration data — not actual University of Sydney results
2025-12-01 00:00:00,20251201,3,2,4,136,Synthetic demonstration data — not actual University of Sydney results
2025-12-01 00:00:00,20251201,1,3,1,400,Synthetic demonstration data — not actual University of Sydney results
2025-12-01 00:00:00,20251201,1,3,2,1468,Synthetic demonstration data — not actual University of Sydney results
2025-12-01 00:00:00,20251201,1,3,3,4004,Synthetic demonstration data — not actual University of Sydney results
2025-12-01 00:00:00,20251201,1,3,4,800,Synthetic demonstration data — not actual University of Sydney results
2025-12-01 00:00:00,20251201,2,3,1,78,Synthetic demonstration data — not actual University of Sydney results
2025-12-01 00:00:00,20251201,2,3,2,287,Synthetic demonstration data — not actual University of Sydney results
2025-12-01 00:00:00,20251201,2,3,3,783,Synthetic demonstration data — not actual University of Sydney results
2025-12-01 00:00:00,20251201,2,3,4,156,Synthetic demonstration data — not actual University of Sydney results
2025-12-01 00:00:00,20251201,3,3,1,35,Synthetic demonstration data — not actual University of Sydney results
2025-12-01 00:00:00,20251201,3,3,2,131,Synthetic demonstration data — not actual University of Sydney results
2025-12-01 00:00:00,20251201,3,3,3,358,Synthetic demonstration data — not actual University of Sydney results
2025-12-01 00:00:00,20251201,3,3,4,71,Synthetic demonstration data — not actual University of Sydney results
2025-12-01 00:00:00,20251201,1,4,1,596,Synthetic demonstration data — not actual University of Sydney results
2025-12-01 00:00:00,20251201,1,4,2,2187,Synthetic demonstration data — not actual University of Sydney results
2025-12-01 00:00:00,20251201,1,4,3,5967,Synthetic demonstration data — not actual University of Sydney results
2025-12-01 00:00:00,20251201,1,4,4,1193,Synthetic demonstration data — not actual University of Sydney results
2025-12-01 00:00:00,20251201,2,4,1,116,Synthetic demonstration data — not actual University of Sydney results
2025-12-01 00:00:00,20251201,2,4,2,427,Synthetic demonstration data — not actual University of Sydney results
2025-12-01 00:00:00,20251201,2,4,3,1164,Synthetic demonstration data — not actual University of Sydney results
2025-12-01 00:00:00,20251201,2,4,4,232,Synthetic demonstration data — not actual University of Sydney results
2025-12-01 00:00:00,20251201,3,4,1,54,Synthetic demonstration data — not actual University of Sydney results
2025-12-01 00:00:00,20251201,3,4,2,199,Synthetic demonstration data — not actual University of Sydney results
2025-12-01 00:00:00,20251201,3,4,3,543,Synthetic demonstration data — not actual University of Sydney results
2025-12-01 00:00:00,20251201,3,4,4,108,Synthetic demonstration data — not actual University of Sydney results
2025-12-01 00:00:00,20251201,1,5,1,250,Synthetic demonstration data — not actual University of Sydney results
2025-12-01 00:00:00,20251201,1,5,2,916,Synthetic demonstration data — not actual University of Sydney results
2025-12-01 00:00:00,20251201,1,5,3,2500,Synthetic demonstration data — not actual University of Sydney results
2025-12-01 00:00:00,20251201,1,5,4,500,Synthetic demonstration data — not actual University of Sydney results
2025-12-01 00:00:00,20251201,2,5,1,48,Synthetic demonstration data — not actual University of Sydney results
2025-12-01 00:00:00,20251201,2,5,2,176,Synthetic demonstration data — not actual University of Sydney results
2025-12-01 00:00:00,20251201,2,5,3,480,Synthetic demonstration data — not actual University of Sydney results
2025-12-01 00:00:00,20251201,2,5,4,96,Synthetic demonstration data — not actual University of Sydney results
2025-12-01 00:00:00,20251201,3,5,1,22,Synthetic demonstration data — not actual University of Sydney results
2025-12-01 00:00:00,20251201,3,5,2,82,Synthetic demonstration data — not actual University of Sydney results
2025-12-01 00:00:00,20251201,3,5,3,226,Synthetic demonstration data — not actual University of Sydney results
2025-12-01 00:00:00,20251201,3,5,4,45,Synthetic demonstration data — not actual University of Sydney results
2025-12-01 00:00:00,20251201,1,6,5,3543,Synthetic demonstration data — not actual University of Sydney results
2025-12-01 00:00:00,20251201,2,6,5,667,Synthetic demonstration data — not actual University of Sydney results
2025-12-01 00:00:00,20251201,3,6,5,316,Synthetic demonstration data — not actual University of Sydney results
2025-12-01 00:00:00,20251201,1,7,5,6259,Synthetic demonstration data — not actual University of Sydney results
2025-12-01 00:00:00,20251201,2,7,5,1209,Synthetic demonstration data — not actual University of Sydney results
2025-12-01 00:00:00,20251201,3,7,5,568,Synthetic demonstration data — not actual University of Sydney results
2026-01-01 00:00:00,20260101,1,1,1,1277,Synthetic demonstration data — not actual University of Sydney results
2026-01-01 00:00:00,20260101,1,1,2,4685,Synthetic demonstration data — not actual University of Sydney results
2026-01-01 00:00:00,20260101,1,1,3,12777,Synthetic demonstration data — not actual University of Sydney results
2026-01-01 00:00:00,20260101,1,1,4,2555,Synthetic demonstration data — not actual University of Sydney results
2026-01-01 00:00:00,20260101,2,1,1,246,Synthetic demonstration data — not actual University of Sydney results
2026-01-01 00:00:00,20260101,2,1,2,902,Synthetic demonstration data — not actual University of Sydney results
2026-01-01 00:00:00,20260101,2,1,3,2460,Synthetic demonstration data — not actual University of Sydney results
2026-01-01 00:00:00,20260101,2,1,4,492,Synthetic demonstration data — not actual University of Sydney results
2026-01-01 00:00:00,20260101,3,1,1,112,Synthetic demonstration data — not actual University of Sydney results
2026-01-01 00:00:00,20260101,3,1,2,411,Synthetic demonstration data — not actual University of Sydney results
2026-01-01 00:00:00,20260101,3,1,3,1121,Synthetic demonstration data — not actual University of Sydney results
2026-01-01 00:00:00,20260101,3,1,4,224,Synthetic demonstration data — not actual University of Sydney results
2026-01-01 00:00:00,20260101,1,2,1,755,Synthetic demonstration data — not actual University of Sydney results
2026-01-01 00:00:00,20260101,1,2,2,2770,Synthetic demonstration data — not actual University of Sydney results
2026-01-01 00:00:00,20260101,1,2,3,7555,Synthetic demonstration data — not actual University of Sydney results
2026-01-01 00:00:00,20260101,1,2,4,1511,Synthetic demonstration data — not actual University of Sydney results
2026-01-01 00:00:00,20260101,2,2,1,146,Synthetic demonstration data — not actual University of Sydney results
2026-01-01 00:00:00,20260101,2,2,2,537,Synthetic demonstration data — not actual University of Sydney results
2026-01-01 00:00:00,20260101,2,2,3,1466,Synthetic demonstration data — not actual University of Sydney results
2026-01-01 00:00:00,20260101,2,2,4,293,Synthetic demonstration data — not actual University of Sydney results
2026-01-01 00:00:00,20260101,3,2,1,67,Synthetic demonstration data — not actual University of Sydney results
2026-01-01 00:00:00,20260101,3,2,2,247,Synthetic demonstration data — not actual University of Sydney results
2026-01-01 00:00:00,20260101,3,2,3,673,Synthetic demonstration data — not actual University of Sydney results
2026-01-01 00:00:00,20260101,3,2,4,134,Synthetic demonstration data — not actual University of Sydney results
2026-01-01 00:00:00,20260101,1,3,1,407,Synthetic demonstration data — not actual University of Sydney results
2026-01-01 00:00:00,20260101,1,3,2,1494,Synthetic demonstration data — not actual University of Sydney results
2026-01-01 00:00:00,20260101,1,3,3,4075,Synthetic demonstration data — not actual University of Sydney results
2026-01-01 00:00:00,20260101,1,3,4,815,Synthetic demonstration data — not actual University of Sydney results
2026-01-01 00:00:00,20260101,2,3,1,77,Synthetic demonstration data — not actual University of Sydney results
2026-01-01 00:00:00,20260101,2,3,2,284,Synthetic demonstration data — not actual University of Sydney results
2026-01-01 00:00:00,20260101,2,3,3,775,Synthetic demonstration data — not actual University of Sydney results
2026-01-01 00:00:00,20260101,2,3,4,155,Synthetic demonstration data — not actual University of Sydney results
2026-01-01 00:00:00,20260101,3,3,1,36,Synthetic demonstration data — not actual University of Sydney results
2026-01-01 00:00:00,20260101,3,3,2,132,Synthetic demonstration data — not actual University of Sydney results
2026-01-01 00:00:00,20260101,3,3,3,361,Synthetic demonstration data — not actual University of Sydney results
2026-01-01 00:00:00,20260101,3,3,4,72,Synthetic demonstration data — not actual University of Sydney results
2026-01-01 00:00:00,20260101,1,4,1,605,Synthetic demonstration data — not actual University of Sydney results
2026-01-01 00:00:00,20260101,1,4,2,2219,Synthetic demonstration data — not actual University of Sydney results
2026-01-01 00:00:00,20260101,1,4,3,6054,Synthetic demonstration data — not actual University of Sydney results
2026-01-01 00:00:00,20260101,1,4,4,1210,Synthetic demonstration data — not actual University of Sydney results
2026-01-01 00:00:00,20260101,2,4,1,115,Synthetic demonstration data — not actual University of Sydney results
2026-01-01 00:00:00,20260101,2,4,2,423,Synthetic demonstration data — not actual University of Sydney results
2026-01-01 00:00:00,20260101,2,4,3,1155,Synthetic demonstration data — not actual University of Sydney results
2026-01-01 00:00:00,20260101,2,4,4,231,Synthetic demonstration data — not actual University of Sydney results
2026-01-01 00:00:00,20260101,3,4,1,54,Synthetic demonstration data — not actual University of Sydney results
2026-01-01 00:00:00,20260101,3,4,2,199,Synthetic demonstration data — not actual University of Sydney results
2026-01-01 00:00:00,20260101,3,4,3,544,Synthetic demonstration data — not actual University of Sydney results
2026-01-01 00:00:00,20260101,3,4,4,108,Synthetic demonstration data — not actual University of Sydney results
2026-01-01 00:00:00,20260101,1,5,1,255,Synthetic demonstration data — not actual University of Sydney results
2026-01-01 00:00:00,20260101,1,5,2,938,Synthetic demonstration data — not actual University of Sydney results
2026-01-01 00:00:00,20260101,1,5,3,2558,Synthetic demonstration data — not actual University of Sydney results
2026-01-01 00:00:00,20260101,1,5,4,511,Synthetic demonstration data — not actual University of Sydney results
2026-01-01 00:00:00,20260101,2,5,1,48,Synthetic demonstration data — not actual University of Sydney results
2026-01-01 00:00:00,20260101,2,5,2,177,Synthetic demonstration data — not actual University of Sydney results
2026-01-01 00:00:00,20260101,2,5,3,483,Synthetic demonstration data — not actual University of Sydney results
2026-01-01 00:00:00,20260101,2,5,4,96,Synthetic demonstration data — not actual University of Sydney results
2026-01-01 00:00:00,20260101,3,5,1,22,Synthetic demonstration data — not actual University of Sydney results
2026-01-01 00:00:00,20260101,3,5,2,82,Synthetic demonstration data — not actual University of Sydney results
2026-01-01 00:00:00,20260101,3,5,3,224,Synthetic demonstration data — not actual University of Sydney results
2026-01-01 00:00:00,20260101,3,5,4,44,Synthetic demonstration data — not actual University of Sydney results
2026-01-01 00:00:00,20260101,1,6,5,3492,Synthetic demonstration data — not actual University of Sydney results
2026-01-01 00:00:00,20260101,2,6,5,681,Synthetic demonstration data — not actual University of Sydney results
2026-01-01 00:00:00,20260101,3,6,5,318,Synthetic demonstration data — not actual University of Sydney results
2026-01-01 00:00:00,20260101,1,7,5,6313,Synthetic demonstration data — not actual University of Sydney results
2026-01-01 00:00:00,20260101,2,7,5,1219,Synthetic demonstration data — not actual University of Sydney results
2026-01-01 00:00:00,20260101,3,7,5,558,Synthetic demonstration data — not actual University of Sydney results
2026-02-01 00:00:00,20260201,1,1,1,1298,Synthetic demonstration data — not actual University of Sydney results
2026-02-01 00:00:00,20260201,1,1,2,4761,Synthetic demonstration data — not actual University of Sydney results
2026-02-01 00:00:00,20260201,1,1,3,12985,Synthetic demonstration data — not actual University of Sydney results
2026-02-01 00:00:00,20260201,1,1,4,2597,Synthetic demonstration data — not actual University of Sydney results
2026-02-01 00:00:00,20260201,2,1,1,245,Synthetic demonstration data — not actual University of Sydney results
2026-02-01 00:00:00,20260201,2,1,2,901,Synthetic demonstration data — not actual University of Sydney results
2026-02-01 00:00:00,20260201,2,1,3,2457,Synthetic demonstration data — not actual University of Sydney results
2026-02-01 00:00:00,20260201,2,1,4,491,Synthetic demonstration data — not actual University of Sydney results
2026-02-01 00:00:00,20260201,3,1,1,115,Synthetic demonstration data — not actual University of Sydney results
2026-02-01 00:00:00,20260201,3,1,2,424,Synthetic demonstration data — not actual University of Sydney results
2026-02-01 00:00:00,20260201,3,1,3,1158,Synthetic demonstration data — not actual University of Sydney results
2026-02-01 00:00:00,20260201,3,1,4,231,Synthetic demonstration data — not actual University of Sydney results
2026-02-01 00:00:00,20260201,1,2,1,769,Synthetic demonstration data — not actual University of Sydney results
2026-02-01 00:00:00,20260201,1,2,2,2821,Synthetic demonstration data — not actual University of Sydney results
2026-02-01 00:00:00,20260201,1,2,3,7694,Synthetic demonstration data — not actual University of Sydney results
2026-02-01 00:00:00,20260201,1,2,4,1538,Synthetic demonstration data — not actual University of Sydney results
2026-02-01 00:00:00,20260201,2,2,1,146,Synthetic demonstration data — not actual University of Sydney results
2026-02-01 00:00:00,20260201,2,2,2,537,Synthetic demonstration data — not actual University of Sydney results
2026-02-01 00:00:00,20260201,2,2,3,1467,Synthetic demonstration data — not actual University of Sydney results
2026-02-01 00:00:00,20260201,2,2,4,293,Synthetic demonstration data — not actual University of Sydney results
2026-02-01 00:00:00,20260201,3,2,1,69,Synthetic demonstration data — not actual University of Sydney results
2026-02-01 00:00:00,20260201,3,2,2,256,Synthetic demonstration data — not actual University of Sydney results
2026-02-01 00:00:00,20260201,3,2,3,698,Synthetic demonstration data — not actual University of Sydney results
2026-02-01 00:00:00,20260201,3,2,4,139,Synthetic demonstration data — not actual University of Sydney results
2026-02-01 00:00:00,20260201,1,3,1,414,Synthetic demonstration data — not actual University of Sydney results
2026-02-01 00:00:00,20260201,1,3,2,1519,Synthetic demonstration data — not actual University of Sydney results
2026-02-01 00:00:00,20260201,1,3,3,4144,Synthetic demonstration data — not actual University of Sydney results
2026-02-01 00:00:00,20260201,1,3,4,828,Synthetic demonstration data — not actual University of Sydney results
2026-02-01 00:00:00,20260201,2,3,1,78,Synthetic demonstration data — not actual University of Sydney results
2026-02-01 00:00:00,20260201,2,3,2,287,Synthetic demonstration data — not actual University of Sydney results
2026-02-01 00:00:00,20260201,2,3,3,785,Synthetic demonstration data — not actual University of Sydney results
2026-02-01 00:00:00,20260201,2,3,4,157,Synthetic demonstration data — not actual University of Sydney results
2026-02-01 00:00:00,20260201,3,3,1,36,Synthetic demonstration data — not actual University of Sydney results
2026-02-01 00:00:00,20260201,3,3,2,134,Synthetic demonstration data — not actual University of Sydney results
2026-02-01 00:00:00,20260201,3,3,3,367,Synthetic demonstration data — not actual University of Sydney results
2026-02-01 00:00:00,20260201,3,3,4,73,Synthetic demonstration data — not actual University of Sydney results
2026-02-01 00:00:00,20260201,1,4,1,623,Synthetic demonstration data — not actual University of Sydney results
2026-02-01 00:00:00,20260201,1,4,2,2286,Synthetic demonstration data — not actual University of Sydney results
2026-02-01 00:00:00,20260201,1,4,3,6235,Synthetic demonstration data — not actual University of Sydney results
2026-02-01 00:00:00,20260201,1,4,4,1247,Synthetic demonstration data — not actual University of Sydney results
2026-02-01 00:00:00,20260201,2,4,1,120,Synthetic demonstration data — not actual University of Sydney results
2026-02-01 00:00:00,20260201,2,4,2,441,Synthetic demonstration data — not actual University of Sydney results
2026-02-01 00:00:00,20260201,2,4,3,1203,Synthetic demonstration data — not actual University of Sydney results
2026-02-01 00:00:00,20260201,2,4,4,240,Synthetic demonstration data — not actual University of Sydney results
2026-02-01 00:00:00,20260201,3,4,1,54,Synthetic demonstration data — not actual University of Sydney results
2026-02-01 00:00:00,20260201,3,4,2,201,Synthetic demonstration data — not actual University of Sydney results
2026-02-01 00:00:00,20260201,3,4,3,549,Synthetic demonstration data — not actual University of Sydney results
2026-02-01 00:00:00,20260201,3,4,4,109,Synthetic demonstration data — not actual University of Sydney results
2026-02-01 00:00:00,20260201,1,5,1,258,Synthetic demonstration data — not actual University of Sydney results
2026-02-01 00:00:00,20260201,1,5,2,946,Synthetic demonstration data — not actual University of Sydney results
2026-02-01 00:00:00,20260201,1,5,3,2580,Synthetic demonstration data — not actual University of Sydney results
2026-02-01 00:00:00,20260201,1,5,4,516,Synthetic demonstration data — not actual University of Sydney results
2026-02-01 00:00:00,20260201,2,5,1,50,Synthetic demonstration data — not actual University of Sydney results
2026-02-01 00:00:00,20260201,2,5,2,183,Synthetic demonstration data — not actual University of Sydney results
2026-02-01 00:00:00,20260201,2,5,3,501,Synthetic demonstration data — not actual University of Sydney results
2026-02-01 00:00:00,20260201,2,5,4,100,Synthetic demonstration data — not actual University of Sydney results
2026-02-01 00:00:00,20260201,3,5,1,23,Synthetic demonstration data — not actual University of Sydney results
2026-02-01 00:00:00,20260201,3,5,2,84,Synthetic demonstration data — not actual University of Sydney results
2026-02-01 00:00:00,20260201,3,5,3,231,Synthetic demonstration data — not actual University of Sydney results
2026-02-01 00:00:00,20260201,3,5,4,46,Synthetic demonstration data — not actual University of Sydney results
2026-02-01 00:00:00,20260201,1,6,5,3609,Synthetic demonstration data — not actual University of Sydney results
2026-02-01 00:00:00,20260201,2,6,5,697,Synthetic demonstration data — not actual University of Sydney results
2026-02-01 00:00:00,20260201,3,6,5,319,Synthetic demonstration data — not actual University of Sydney results
2026-02-01 00:00:00,20260201,1,7,5,6379,Synthetic demonstration data — not actual University of Sydney results
2026-02-01 00:00:00,20260201,2,7,5,1227,Synthetic demonstration data — not actual University of Sydney results
2026-02-01 00:00:00,20260201,3,7,5,582,Synthetic demonstration data — not actual University of Sydney results
2026-03-01 00:00:00,20260301,1,1,1,1352,Synthetic demonstration data — not actual University of Sydney results
2026-03-01 00:00:00,20260301,1,1,2,4959,Synthetic demonstration data — not actual University of Sydney results
2026-03-01 00:00:00,20260301,1,1,3,13527,Synthetic demonstration data — not actual University of Sydney results
2026-03-01 00:00:00,20260301,1,1,4,2705,Synthetic demonstration data — not actual University of Sydney results
2026-03-01 00:00:00,20260301,2,1,1,257,Synthetic demonstration data — not actual University of Sydney results
2026-03-01 00:00:00,20260301,2,1,2,944,Synthetic demonstration data — not actual University of Sydney results
2026-03-01 00:00:00,20260301,2,1,3,2577,Synthetic demonstration data — not actual University of Sydney results
2026-03-01 00:00:00,20260301,2,1,4,515,Synthetic demonstration data — not actual University of Sydney results
2026-03-01 00:00:00,20260301,3,1,1,118,Synthetic demonstration data — not actual University of Sydney results
2026-03-01 00:00:00,20260301,3,1,2,434,Synthetic demonstration data — not actual University of Sydney results
2026-03-01 00:00:00,20260301,3,1,3,1184,Synthetic demonstration data — not actual University of Sydney results
2026-03-01 00:00:00,20260301,3,1,4,236,Synthetic demonstration data — not actual University of Sydney results
2026-03-01 00:00:00,20260301,1,2,1,792,Synthetic demonstration data — not actual University of Sydney results
2026-03-01 00:00:00,20260301,1,2,2,2906,Synthetic demonstration data — not actual University of Sydney results
2026-03-01 00:00:00,20260301,1,2,3,7926,Synthetic demonstration data — not actual University of Sydney results
2026-03-01 00:00:00,20260301,1,2,4,1585,Synthetic demonstration data — not actual University of Sydney results
2026-03-01 00:00:00,20260301,2,2,1,154,Synthetic demonstration data — not actual University of Sydney results
2026-03-01 00:00:00,20260301,2,2,2,566,Synthetic demonstration data — not actual University of Sydney results
2026-03-01 00:00:00,20260301,2,2,3,1544,Synthetic demonstration data — not actual University of Sydney results
2026-03-01 00:00:00,20260301,2,2,4,308,Synthetic demonstration data — not actual University of Sydney results
2026-03-01 00:00:00,20260301,3,2,1,72,Synthetic demonstration data — not actual University of Sydney results
2026-03-01 00:00:00,20260301,3,2,2,265,Synthetic demonstration data — not actual University of Sydney results
2026-03-01 00:00:00,20260301,3,2,3,725,Synthetic demonstration data — not actual University of Sydney results
2026-03-01 00:00:00,20260301,3,2,4,145,Synthetic demonstration data — not actual University of Sydney results
2026-03-01 00:00:00,20260301,1,3,1,424,Synthetic demonstration data — not actual University of Sydney results
2026-03-01 00:00:00,20260301,1,3,2,1555,Synthetic demonstration data — not actual University of Sydney results
2026-03-01 00:00:00,20260301,1,3,3,4242,Synthetic demonstration data — not actual University of Sydney results
2026-03-01 00:00:00,20260301,1,3,4,848,Synthetic demonstration data — not actual University of Sydney results
2026-03-01 00:00:00,20260301,2,3,1,81,Synthetic demonstration data — not actual University of Sydney results
2026-03-01 00:00:00,20260301,2,3,2,297,Synthetic demonstration data — not actual University of Sydney results
2026-03-01 00:00:00,20260301,2,3,3,811,Synthetic demonstration data — not actual University of Sydney results
2026-03-01 00:00:00,20260301,2,3,4,162,Synthetic demonstration data — not actual University of Sydney results
2026-03-01 00:00:00,20260301,3,3,1,38,Synthetic demonstration data — not actual University of Sydney results
2026-03-01 00:00:00,20260301,3,3,2,139,Synthetic demonstration data — not actual University of Sydney results
2026-03-01 00:00:00,20260301,3,3,3,380,Synthetic demonstration data — not actual University of Sydney results
2026-03-01 00:00:00,20260301,3,3,4,76,Synthetic demonstration data — not actual University of Sydney results
2026-03-01 00:00:00,20260301,1,4,1,645,Synthetic demonstration data — not actual University of Sydney results
2026-03-01 00:00:00,20260301,1,4,2,2368,Synthetic demonstration data — not actual University of Sydney results
2026-03-01 00:00:00,20260301,1,4,3,6458,Synthetic demonstration data — not actual University of Sydney results
2026-03-01 00:00:00,20260301,1,4,4,1291,Synthetic demonstration data — not actual University of Sydney results
2026-03-01 00:00:00,20260301,2,4,1,124,Synthetic demonstration data — not actual University of Sydney results
2026-03-01 00:00:00,20260301,2,4,2,458,Synthetic demonstration data — not actual University of Sydney results
2026-03-01 00:00:00,20260301,2,4,3,1249,Synthetic demonstration data — not actual University of Sydney results
2026-03-01 00:00:00,20260301,2,4,4,249,Synthetic demonstration data — not actual University of Sydney results
2026-03-01 00:00:00,20260301,3,4,1,58,Synthetic demonstration data — not actual University of Sydney results
2026-03-01 00:00:00,20260301,3,4,2,213,Synthetic demonstration data — not actual University of Sydney results
2026-03-01 00:00:00,20260301,3,4,3,581,Synthetic demonstration data — not actual University of Sydney results
2026-03-01 00:00:00,20260301,3,4,4,116,Synthetic demonstration data — not actual University of Sydney results
2026-03-01 00:00:00,20260301,1,5,1,265,Synthetic demonstration data — not actual University of Sydney results
2026-03-01 00:00:00,20260301,1,5,2,974,Synthetic demonstration data — not actual University of Sydney results
2026-03-01 00:00:00,20260301,1,5,3,2657,Synthetic demonstration data — not actual University of Sydney results
2026-03-01 00:00:00,20260301,1,5,4,531,Synthetic demonstration data — not actual University of Sydney results
2026-03-01 00:00:00,20260301,2,5,1,51,Synthetic demonstration data — not actual University of Sydney results
2026-03-01 00:00:00,20260301,2,5,2,188,Synthetic demonstration data — not actual University of Sydney results
2026-03-01 00:00:00,20260301,2,5,3,513,Synthetic demonstration data — not actual University of Sydney results
2026-03-01 00:00:00,20260301,2,5,4,102,Synthetic demonstration data — not actual University of Sydney results
2026-03-01 00:00:00,20260301,3,5,1,24,Synthetic demonstration data — not actual University of Sydney results
2026-03-01 00:00:00,20260301,3,5,2,88,Synthetic demonstration data — not actual University of Sydney results
2026-03-01 00:00:00,20260301,3,5,3,241,Synthetic demonstration data — not actual University of Sydney results
2026-03-01 00:00:00,20260301,3,5,4,48,Synthetic demonstration data — not actual University of Sydney results
2026-03-01 00:00:00,20260301,1,6,5,3743,Synthetic demonstration data — not actual University of Sydney results
2026-03-01 00:00:00,20260301,2,6,5,715,Synthetic demonstration data — not actual University of Sydney results
2026-03-01 00:00:00,20260301,3,6,5,336,Synthetic demonstration data — not actual University of Sydney results
2026-03-01 00:00:00,20260301,1,7,5,6579,Synthetic demonstration data — not actual University of Sydney results
2026-03-01 00:00:00,20260301,2,7,5,1301,Synthetic demonstration data — not actual University of Sydney results
2026-03-01 00:00:00,20260301,3,7,5,601,Synthetic demonstration data — not actual University of Sydney results
2026-04-01 00:00:00,20260401,1,1,1,1299,Synthetic demonstration data — not actual University of Sydney results
2026-04-01 00:00:00,20260401,1,1,2,4764,Synthetic demonstration data — not actual University of Sydney results
2026-04-01 00:00:00,20260401,1,1,3,12994,Synthetic demonstration data — not actual University of Sydney results
2026-04-01 00:00:00,20260401,1,1,4,2598,Synthetic demonstration data — not actual University of Sydney results
2026-04-01 00:00:00,20260401,2,1,1,252,Synthetic demonstration data — not actual University of Sydney results
2026-04-01 00:00:00,20260401,2,1,2,926,Synthetic demonstration data — not actual University of Sydney results
2026-04-01 00:00:00,20260401,2,1,3,2527,Synthetic demonstration data — not actual University of Sydney results
2026-04-01 00:00:00,20260401,2,1,4,505,Synthetic demonstration data — not actual University of Sydney results
2026-04-01 00:00:00,20260401,3,1,1,117,Synthetic demonstration data — not actual University of Sydney results
2026-04-01 00:00:00,20260401,3,1,2,431,Synthetic demonstration data — not actual University of Sydney results
2026-04-01 00:00:00,20260401,3,1,3,1177,Synthetic demonstration data — not actual University of Sydney results
2026-04-01 00:00:00,20260401,3,1,4,235,Synthetic demonstration data — not actual University of Sydney results
2026-04-01 00:00:00,20260401,1,2,1,776,Synthetic demonstration data — not actual University of Sydney results
2026-04-01 00:00:00,20260401,1,2,2,2848,Synthetic demonstration data — not actual University of Sydney results
2026-04-01 00:00:00,20260401,1,2,3,7769,Synthetic demonstration data — not actual University of Sydney results
2026-04-01 00:00:00,20260401,1,2,4,1553,Synthetic demonstration data — not actual University of Sydney results
2026-04-01 00:00:00,20260401,2,2,1,151,Synthetic demonstration data — not actual University of Sydney results
2026-04-01 00:00:00,20260401,2,2,2,553,Synthetic demonstration data — not actual University of Sydney results
2026-04-01 00:00:00,20260401,2,2,3,1510,Synthetic demonstration data — not actual University of Sydney results
2026-04-01 00:00:00,20260401,2,2,4,302,Synthetic demonstration data — not actual University of Sydney results
2026-04-01 00:00:00,20260401,3,2,1,69,Synthetic demonstration data — not actual University of Sydney results
2026-04-01 00:00:00,20260401,3,2,2,256,Synthetic demonstration data — not actual University of Sydney results
2026-04-01 00:00:00,20260401,3,2,3,699,Synthetic demonstration data — not actual University of Sydney results
2026-04-01 00:00:00,20260401,3,2,4,139,Synthetic demonstration data — not actual University of Sydney results
2026-04-01 00:00:00,20260401,1,3,1,415,Synthetic demonstration data — not actual University of Sydney results
2026-04-01 00:00:00,20260401,1,3,2,1524,Synthetic demonstration data — not actual University of Sydney results
2026-04-01 00:00:00,20260401,1,3,3,4156,Synthetic demonstration data — not actual University of Sydney results
2026-04-01 00:00:00,20260401,1,3,4,831,Synthetic demonstration data — not actual University of Sydney results
2026-04-01 00:00:00,20260401,2,3,1,79,Synthetic demonstration data — not actual University of Sydney results
2026-04-01 00:00:00,20260401,2,3,2,289,Synthetic demonstration data — not actual University of Sydney results
2026-04-01 00:00:00,20260401,2,3,3,790,Synthetic demonstration data — not actual University of Sydney results
2026-04-01 00:00:00,20260401,2,3,4,158,Synthetic demonstration data — not actual University of Sydney results
2026-04-01 00:00:00,20260401,3,3,1,36,Synthetic demonstration data — not actual University of Sydney results
2026-04-01 00:00:00,20260401,3,3,2,135,Synthetic demonstration data — not actual University of Sydney results
2026-04-01 00:00:00,20260401,3,3,3,368,Synthetic demonstration data — not actual University of Sydney results
2026-04-01 00:00:00,20260401,3,3,4,73,Synthetic demonstration data — not actual University of Sydney results
2026-04-01 00:00:00,20260401,1,4,1,632,Synthetic demonstration data — not actual University of Sydney results
2026-04-01 00:00:00,20260401,1,4,2,2320,Synthetic demonstration data — not actual University of Sydney results
2026-04-01 00:00:00,20260401,1,4,3,6329,Synthetic demonstration data — not actual University of Sydney results
2026-04-01 00:00:00,20260401,1,4,4,1265,Synthetic demonstration data — not actual University of Sydney results
2026-04-01 00:00:00,20260401,2,4,1,119,Synthetic demonstration data — not actual University of Sydney results
2026-04-01 00:00:00,20260401,2,4,2,438,Synthetic demonstration data — not actual University of Sydney results
2026-04-01 00:00:00,20260401,2,4,3,1195,Synthetic demonstration data — not actual University of Sydney results
2026-04-01 00:00:00,20260401,2,4,4,239,Synthetic demonstration data — not actual University of Sydney results
2026-04-01 00:00:00,20260401,3,4,1,55,Synthetic demonstration data — not actual University of Sydney results
2026-04-01 00:00:00,20260401,3,4,2,203,Synthetic demonstration data — not actual University of Sydney results
2026-04-01 00:00:00,20260401,3,4,3,555,Synthetic demonstration data — not actual University of Sydney results
2026-04-01 00:00:00,20260401,3,4,4,111,Synthetic demonstration data — not actual University of Sydney results
2026-04-01 00:00:00,20260401,1,5,1,262,Synthetic demonstration data — not actual University of Sydney results
2026-04-01 00:00:00,20260401,1,5,2,962,Synthetic demonstration data — not actual University of Sydney results
2026-04-01 00:00:00,20260401,1,5,3,2624,Synthetic demonstration data — not actual University of Sydney results
2026-04-01 00:00:00,20260401,1,5,4,524,Synthetic demonstration data — not actual University of Sydney results
2026-04-01 00:00:00,20260401,2,5,1,49,Synthetic demonstration data — not actual University of Sydney results
2026-04-01 00:00:00,20260401,2,5,2,182,Synthetic demonstration data — not actual University of Sydney results
2026-04-01 00:00:00,20260401,2,5,3,498,Synthetic demonstration data — not actual University of Sydney results
2026-04-01 00:00:00,20260401,2,5,4,99,Synthetic demonstration data — not actual University of Sydney results
2026-04-01 00:00:00,20260401,3,5,1,23,Synthetic demonstration data — not actual University of Sydney results
2026-04-01 00:00:00,20260401,3,5,2,86,Synthetic demonstration data — not actual University of Sydney results
2026-04-01 00:00:00,20260401,3,5,3,235,Synthetic demonstration data — not actual University of Sydney results
2026-04-01 00:00:00,20260401,3,5,4,47,Synthetic demonstration data — not actual University of Sydney results
2026-04-01 00:00:00,20260401,1,6,5,3664,Synthetic demonstration data — not actual University of Sydney results
2026-04-01 00:00:00,20260401,2,6,5,710,Synthetic demonstration data — not actual University of Sydney results
2026-04-01 00:00:00,20260401,3,6,5,322,Synthetic demonstration data — not actual University of Sydney results
2026-04-01 00:00:00,20260401,1,7,5,6454,Synthetic demonstration data — not actual University of Sydney results
2026-04-01 00:00:00,20260401,2,7,5,1268,Synthetic demonstration data — not actual University of Sydney results
2026-04-01 00:00:00,20260401,3,7,5,582,Synthetic demonstration data — not actual University of Sydney results
2026-05-01 00:00:00,20260501,1,1,1,1292,Synthetic demonstration data — not actual University of Sydney results
2026-05-01 00:00:00,20260501,1,1,2,4738,Synthetic demonstration data — not actual University of Sydney results
2026-05-01 00:00:00,20260501,1,1,3,12924,Synthetic demonstration data — not actual University of Sydney results
2026-05-01 00:00:00,20260501,1,1,4,2584,Synthetic demonstration data — not actual University of Sydney results
2026-05-01 00:00:00,20260501,2,1,1,255,Synthetic demonstration data — not actual University of Sydney results
2026-05-01 00:00:00,20260501,2,1,2,936,Synthetic demonstration data — not actual University of Sydney results
2026-05-01 00:00:00,20260501,2,1,3,2553,Synthetic demonstration data — not actual University of Sydney results
2026-05-01 00:00:00,20260501,2,1,4,510,Synthetic demonstration data — not actual University of Sydney results
2026-05-01 00:00:00,20260501,3,1,1,117,Synthetic demonstration data — not actual University of Sydney results
2026-05-01 00:00:00,20260501,3,1,2,430,Synthetic demonstration data — not actual University of Sydney results
2026-05-01 00:00:00,20260501,3,1,3,1173,Synthetic demonstration data — not actual University of Sydney results
2026-05-01 00:00:00,20260501,3,1,4,234,Synthetic demonstration data — not actual University of Sydney results
2026-05-01 00:00:00,20260501,1,2,1,776,Synthetic demonstration data — not actual University of Sydney results
2026-05-01 00:00:00,20260501,1,2,2,2845,Synthetic demonstration data — not actual University of Sydney results
2026-05-01 00:00:00,20260501,1,2,3,7761,Synthetic demonstration data — not actual University of Sydney results
2026-05-01 00:00:00,20260501,1,2,4,1552,Synthetic demonstration data — not actual University of Sydney results
2026-05-01 00:00:00,20260501,2,2,1,153,Synthetic demonstration data — not actual University of Sydney results
2026-05-01 00:00:00,20260501,2,2,2,561,Synthetic demonstration data — not actual University of Sydney results
2026-05-01 00:00:00,20260501,2,2,3,1530,Synthetic demonstration data — not actual University of Sydney results
2026-05-01 00:00:00,20260501,2,2,4,306,Synthetic demonstration data — not actual University of Sydney results
2026-05-01 00:00:00,20260501,3,2,1,69,Synthetic demonstration data — not actual University of Sydney results
2026-05-01 00:00:00,20260501,3,2,2,256,Synthetic demonstration data — not actual University of Sydney results
2026-05-01 00:00:00,20260501,3,2,3,699,Synthetic demonstration data — not actual University of Sydney results
2026-05-01 00:00:00,20260501,3,2,4,139,Synthetic demonstration data — not actual University of Sydney results
2026-05-01 00:00:00,20260501,1,3,1,416,Synthetic demonstration data — not actual University of Sydney results
2026-05-01 00:00:00,20260501,1,3,2,1525,Synthetic demonstration data — not actual University of Sydney results
2026-05-01 00:00:00,20260501,1,3,3,4161,Synthetic demonstration data — not actual University of Sydney results
2026-05-01 00:00:00,20260501,1,3,4,832,Synthetic demonstration data — not actual University of Sydney results
2026-05-01 00:00:00,20260501,2,3,1,80,Synthetic demonstration data — not actual University of Sydney results
2026-05-01 00:00:00,20260501,2,3,2,295,Synthetic demonstration data — not actual University of Sydney results
2026-05-01 00:00:00,20260501,2,3,3,806,Synthetic demonstration data — not actual University of Sydney results
2026-05-01 00:00:00,20260501,2,3,4,161,Synthetic demonstration data — not actual University of Sydney results
2026-05-01 00:00:00,20260501,3,3,1,37,Synthetic demonstration data — not actual University of Sydney results
2026-05-01 00:00:00,20260501,3,3,2,135,Synthetic demonstration data — not actual University of Sydney results
2026-05-01 00:00:00,20260501,3,3,3,370,Synthetic demonstration data — not actual University of Sydney results
2026-05-01 00:00:00,20260501,3,3,4,74,Synthetic demonstration data — not actual University of Sydney results
2026-05-01 00:00:00,20260501,1,4,1,638,Synthetic demonstration data — not actual University of Sydney results
2026-05-01 00:00:00,20260501,1,4,2,2340,Synthetic demonstration data — not actual University of Sydney results
2026-05-01 00:00:00,20260501,1,4,3,6382,Synthetic demonstration data — not actual University of Sydney results
2026-05-01 00:00:00,20260501,1,4,4,1276,Synthetic demonstration data — not actual University of Sydney results
2026-05-01 00:00:00,20260501,2,4,1,121,Synthetic demonstration data — not actual University of Sydney results
2026-05-01 00:00:00,20260501,2,4,2,446,Synthetic demonstration data — not actual University of Sydney results
2026-05-01 00:00:00,20260501,2,4,3,1217,Synthetic demonstration data — not actual University of Sydney results
2026-05-01 00:00:00,20260501,2,4,4,243,Synthetic demonstration data — not actual University of Sydney results
2026-05-01 00:00:00,20260501,3,4,1,57,Synthetic demonstration data — not actual University of Sydney results
2026-05-01 00:00:00,20260501,3,4,2,209,Synthetic demonstration data — not actual University of Sydney results
2026-05-01 00:00:00,20260501,3,4,3,570,Synthetic demonstration data — not actual University of Sydney results
2026-05-01 00:00:00,20260501,3,4,4,114,Synthetic demonstration data — not actual University of Sydney results
2026-05-01 00:00:00,20260501,1,5,1,264,Synthetic demonstration data — not actual University of Sydney results
2026-05-01 00:00:00,20260501,1,5,2,968,Synthetic demonstration data — not actual University of Sydney results
2026-05-01 00:00:00,20260501,1,5,3,2640,Synthetic demonstration data — not actual University of Sydney results
2026-05-01 00:00:00,20260501,1,5,4,528,Synthetic demonstration data — not actual University of Sydney results
2026-05-01 00:00:00,20260501,2,5,1,50,Synthetic demonstration data — not actual University of Sydney results
2026-05-01 00:00:00,20260501,2,5,2,186,Synthetic demonstration data — not actual University of Sydney results
2026-05-01 00:00:00,20260501,2,5,3,507,Synthetic demonstration data — not actual University of Sydney results
2026-05-01 00:00:00,20260501,2,5,4,101,Synthetic demonstration data — not actual University of Sydney results
2026-05-01 00:00:00,20260501,3,5,1,23,Synthetic demonstration data — not actual University of Sydney results
2026-05-01 00:00:00,20260501,3,5,2,86,Synthetic demonstration data — not actual University of Sydney results
2026-05-01 00:00:00,20260501,3,5,3,235,Synthetic demonstration data — not actual University of Sydney results
2026-05-01 00:00:00,20260501,3,5,4,47,Synthetic demonstration data — not actual University of Sydney results
2026-05-01 00:00:00,20260501,1,6,5,3695,Synthetic demonstration data — not actual University of Sydney results
2026-05-01 00:00:00,20260501,2,6,5,698,Synthetic demonstration data — not actual University of Sydney results
2026-05-01 00:00:00,20260501,3,6,5,333,Synthetic demonstration data — not actual University of Sydney results
2026-05-01 00:00:00,20260501,1,7,5,6563,Synthetic demonstration data — not actual University of Sydney results
2026-05-01 00:00:00,20260501,2,7,5,1249,Synthetic demonstration data — not actual University of Sydney results
2026-05-01 00:00:00,20260501,3,7,5,593,Synthetic demonstration data — not actual University of Sydney results
2026-06-01 00:00:00,20260601,1,1,1,1305,Synthetic demonstration data — not actual University of Sydney results
2026-06-01 00:00:00,20260601,1,1,2,4786,Synthetic demonstration data — not actual University of Sydney results
2026-06-01 00:00:00,20260601,1,1,3,13053,Synthetic demonstration data — not actual University of Sydney results
2026-06-01 00:00:00,20260601,1,1,4,2610,Synthetic demonstration data — not actual University of Sydney results
2026-06-01 00:00:00,20260601,2,1,1,249,Synthetic demonstration data — not actual University of Sydney results
2026-06-01 00:00:00,20260601,2,1,2,915,Synthetic demonstration data — not actual University of Sydney results
2026-06-01 00:00:00,20260601,2,1,3,2496,Synthetic demonstration data — not actual University of Sydney results
2026-06-01 00:00:00,20260601,2,1,4,499,Synthetic demonstration data — not actual University of Sydney results
2026-06-01 00:00:00,20260601,3,1,1,117,Synthetic demonstration data — not actual University of Sydney results
2026-06-01 00:00:00,20260601,3,1,2,430,Synthetic demonstration data — not actual University of Sydney results
2026-06-01 00:00:00,20260601,3,1,3,1175,Synthetic demonstration data — not actual University of Sydney results
2026-06-01 00:00:00,20260601,3,1,4,235,Synthetic demonstration data — not actual University of Sydney results
2026-06-01 00:00:00,20260601,1,2,1,785,Synthetic demonstration data — not actual University of Sydney results
2026-06-01 00:00:00,20260601,1,2,2,2880,Synthetic demonstration data — not actual University of Sydney results
2026-06-01 00:00:00,20260601,1,2,3,7854,Synthetic demonstration data — not actual University of Sydney results
2026-06-01 00:00:00,20260601,1,2,4,1570,Synthetic demonstration data — not actual University of Sydney results
2026-06-01 00:00:00,20260601,2,2,1,150,Synthetic demonstration data — not actual University of Sydney results
2026-06-01 00:00:00,20260601,2,2,2,551,Synthetic demonstration data — not actual University of Sydney results
2026-06-01 00:00:00,20260601,2,2,3,1503,Synthetic demonstration data — not actual University of Sydney results
2026-06-01 00:00:00,20260601,2,2,4,300,Synthetic demonstration data — not actual University of Sydney results
2026-06-01 00:00:00,20260601,3,2,1,70,Synthetic demonstration data — not actual University of Sydney results
2026-06-01 00:00:00,20260601,3,2,2,259,Synthetic demonstration data — not actual University of Sydney results
2026-06-01 00:00:00,20260601,3,2,3,708,Synthetic demonstration data — not actual University of Sydney results
2026-06-01 00:00:00,20260601,3,2,4,141,Synthetic demonstration data — not actual University of Sydney results
2026-06-01 00:00:00,20260601,1,3,1,422,Synthetic demonstration data — not actual University of Sydney results
2026-06-01 00:00:00,20260601,1,3,2,1550,Synthetic demonstration data — not actual University of Sydney results
2026-06-01 00:00:00,20260601,1,3,3,4227,Synthetic demonstration data — not actual University of Sydney results
2026-06-01 00:00:00,20260601,1,3,4,845,Synthetic demonstration data — not actual University of Sydney results
2026-06-01 00:00:00,20260601,2,3,1,81,Synthetic demonstration data — not actual University of Sydney results
2026-06-01 00:00:00,20260601,2,3,2,298,Synthetic demonstration data — not actual University of Sydney results
2026-06-01 00:00:00,20260601,2,3,3,813,Synthetic demonstration data — not actual University of Sydney results
2026-06-01 00:00:00,20260601,2,3,4,162,Synthetic demonstration data — not actual University of Sydney results
2026-06-01 00:00:00,20260601,3,3,1,37,Synthetic demonstration data — not actual University of Sydney results
2026-06-01 00:00:00,20260601,3,3,2,138,Synthetic demonstration data — not actual University of Sydney results
2026-06-01 00:00:00,20260601,3,3,3,378,Synthetic demonstration data — not actual University of Sydney results
2026-06-01 00:00:00,20260601,3,3,4,75,Synthetic demonstration data — not actual University of Sydney results
2026-06-01 00:00:00,20260601,1,4,1,623,Synthetic demonstration data — not actual University of Sydney results
2026-06-01 00:00:00,20260601,1,4,2,2285,Synthetic demonstration data — not actual University of Sydney results
2026-06-01 00:00:00,20260601,1,4,3,6232,Synthetic demonstration data — not actual University of Sydney results
2026-06-01 00:00:00,20260601,1,4,4,1246,Synthetic demonstration data — not actual University of Sydney results
2026-06-01 00:00:00,20260601,2,4,1,123,Synthetic demonstration data — not actual University of Sydney results
2026-06-01 00:00:00,20260601,2,4,2,451,Synthetic demonstration data — not actual University of Sydney results
2026-06-01 00:00:00,20260601,2,4,3,1232,Synthetic demonstration data — not actual University of Sydney results
2026-06-01 00:00:00,20260601,2,4,4,246,Synthetic demonstration data — not actual University of Sydney results
2026-06-01 00:00:00,20260601,3,4,1,56,Synthetic demonstration data — not actual University of Sydney results
2026-06-01 00:00:00,20260601,3,4,2,207,Synthetic demonstration data — not actual University of Sydney results
2026-06-01 00:00:00,20260601,3,4,3,564,Synthetic demonstration data — not actual University of Sydney results
2026-06-01 00:00:00,20260601,3,4,4,112,Synthetic demonstration data — not actual University of Sydney results
2026-06-01 00:00:00,20260601,1,5,1,265,Synthetic demonstration data — not actual University of Sydney results
2026-06-01 00:00:00,20260601,1,5,2,972,Synthetic demonstration data — not actual University of Sydney results
2026-06-01 00:00:00,20260601,1,5,3,2653,Synthetic demonstration data — not actual University of Sydney results
2026-06-01 00:00:00,20260601,1,5,4,530,Synthetic demonstration data — not actual University of Sydney results
2026-06-01 00:00:00,20260601,2,5,1,51,Synthetic demonstration data — not actual University of Sydney results
2026-06-01 00:00:00,20260601,2,5,2,187,Synthetic demonstration data — not actual University of Sydney results
2026-06-01 00:00:00,20260601,2,5,3,510,Synthetic demonstration data — not actual University of Sydney results
2026-06-01 00:00:00,20260601,2,5,4,102,Synthetic demonstration data — not actual University of Sydney results
2026-06-01 00:00:00,20260601,3,5,1,23,Synthetic demonstration data — not actual University of Sydney results
2026-06-01 00:00:00,20260601,3,5,2,86,Synthetic demonstration data — not actual University of Sydney results
2026-06-01 00:00:00,20260601,3,5,3,235,Synthetic demonstration data — not actual University of Sydney results
2026-06-01 00:00:00,20260601,3,5,4,47,Synthetic demonstration data — not actual University of Sydney results
2026-06-01 00:00:00,20260601,1,6,5,3738,Synthetic demonstration data — not actual University of Sydney results
2026-06-01 00:00:00,20260601,2,6,5,707,Synthetic demonstration data — not actual University of Sydney results
2026-06-01 00:00:00,20260601,3,6,5,330,Synthetic demonstration data — not actual University of Sydney results
2026-06-01 00:00:00,20260601,1,7,5,6592,Synthetic demonstration data — not actual University of Sydney results
2026-06-01 00:00:00,20260601,2,7,5,1283,Synthetic demonstration data — not actual University of Sydney results
2026-06-01 00:00:00,20260601,3,7,5,589,Synthetic demonstration data — not actual University of Sydney results
2026-07-01 00:00:00,20260701,1,1,1,1317,Synthetic demonstration data — not actual University of Sydney results
2026-07-01 00:00:00,20260701,1,1,2,4829,Synthetic demonstration data — not actual University of Sydney results
2026-07-01 00:00:00,20260701,1,1,3,13171,Synthetic demonstration data — not actual University of Sydney results
2026-07-01 00:00:00,20260701,1,1,4,2634,Synthetic demonstration data — not actual University of Sydney results
2026-07-01 00:00:00,20260701,2,1,1,258,Synthetic demonstration data — not actual University of Sydney results
2026-07-01 00:00:00,20260701,2,1,2,947,Synthetic demonstration data — not actual University of Sydney results
2026-07-01 00:00:00,20260701,2,1,3,2584,Synthetic demonstration data — not actual University of Sydney results
2026-07-01 00:00:00,20260701,2,1,4,516,Synthetic demonstration data — not actual University of Sydney results
2026-07-01 00:00:00,20260701,3,1,1,118,Synthetic demonstration data — not actual University of Sydney results
2026-07-01 00:00:00,20260701,3,1,2,434,Synthetic demonstration data — not actual University of Sydney results
2026-07-01 00:00:00,20260701,3,1,3,1186,Synthetic demonstration data — not actual University of Sydney results
2026-07-01 00:00:00,20260701,3,1,4,237,Synthetic demonstration data — not actual University of Sydney results
2026-07-01 00:00:00,20260701,1,2,1,800,Synthetic demonstration data — not actual University of Sydney results
2026-07-01 00:00:00,20260701,1,2,2,2936,Synthetic demonstration data — not actual University of Sydney results
2026-07-01 00:00:00,20260701,1,2,3,8009,Synthetic demonstration data — not actual University of Sydney results
2026-07-01 00:00:00,20260701,1,2,4,1601,Synthetic demonstration data — not actual University of Sydney results
2026-07-01 00:00:00,20260701,2,2,1,151,Synthetic demonstration data — not actual University of Sydney results
2026-07-01 00:00:00,20260701,2,2,2,555,Synthetic demonstration data — not actual University of Sydney results
2026-07-01 00:00:00,20260701,2,2,3,1515,Synthetic demonstration data — not actual University of Sydney results
2026-07-01 00:00:00,20260701,2,2,4,303,Synthetic demonstration data — not actual University of Sydney results
2026-07-01 00:00:00,20260701,3,2,1,71,Synthetic demonstration data — not actual University of Sydney results
2026-07-01 00:00:00,20260701,3,2,2,262,Synthetic demonstration data — not actual University of Sydney results
2026-07-01 00:00:00,20260701,3,2,3,714,Synthetic demonstration data — not actual University of Sydney results
2026-07-01 00:00:00,20260701,3,2,4,142,Synthetic demonstration data — not actual University of Sydney results
2026-07-01 00:00:00,20260701,1,3,1,427,Synthetic demonstration data — not actual University of Sydney results
2026-07-01 00:00:00,20260701,1,3,2,1566,Synthetic demonstration data — not actual University of Sydney results
2026-07-01 00:00:00,20260701,1,3,3,4272,Synthetic demonstration data — not actual University of Sydney results
2026-07-01 00:00:00,20260701,1,3,4,854,Synthetic demonstration data — not actual University of Sydney results
2026-07-01 00:00:00,20260701,2,3,1,81,Synthetic demonstration data — not actual University of Sydney results
2026-07-01 00:00:00,20260701,2,3,2,298,Synthetic demonstration data — not actual University of Sydney results
2026-07-01 00:00:00,20260701,2,3,3,814,Synthetic demonstration data — not actual University of Sydney results
2026-07-01 00:00:00,20260701,2,3,4,162,Synthetic demonstration data — not actual University of Sydney results
2026-07-01 00:00:00,20260701,3,3,1,38,Synthetic demonstration data — not actual University of Sydney results
2026-07-01 00:00:00,20260701,3,3,2,141,Synthetic demonstration data — not actual University of Sydney results
2026-07-01 00:00:00,20260701,3,3,3,384,Synthetic demonstration data — not actual University of Sydney results
2026-07-01 00:00:00,20260701,3,3,4,76,Synthetic demonstration data — not actual University of Sydney results
2026-07-01 00:00:00,20260701,1,4,1,632,Synthetic demonstration data — not actual University of Sydney results
2026-07-01 00:00:00,20260701,1,4,2,2317,Synthetic demonstration data — not actual University of Sydney results
2026-07-01 00:00:00,20260701,1,4,3,6321,Synthetic demonstration data — not actual University of Sydney results
2026-07-01 00:00:00,20260701,1,4,4,1264,Synthetic demonstration data — not actual University of Sydney results
2026-07-01 00:00:00,20260701,2,4,1,120,Synthetic demonstration data — not actual University of Sydney results
2026-07-01 00:00:00,20260701,2,4,2,442,Synthetic demonstration data — not actual University of Sydney results
2026-07-01 00:00:00,20260701,2,4,3,1207,Synthetic demonstration data — not actual University of Sydney results
2026-07-01 00:00:00,20260701,2,4,4,241,Synthetic demonstration data — not actual University of Sydney results
2026-07-01 00:00:00,20260701,3,4,1,56,Synthetic demonstration data — not actual University of Sydney results
2026-07-01 00:00:00,20260701,3,4,2,206,Synthetic demonstration data — not actual University of Sydney results
2026-07-01 00:00:00,20260701,3,4,3,562,Synthetic demonstration data — not actual University of Sydney results
2026-07-01 00:00:00,20260701,3,4,4,112,Synthetic demonstration data — not actual University of Sydney results
2026-07-01 00:00:00,20260701,1,5,1,265,Synthetic demonstration data — not actual University of Sydney results
2026-07-01 00:00:00,20260701,1,5,2,973,Synthetic demonstration data — not actual University of Sydney results
2026-07-01 00:00:00,20260701,1,5,3,2655,Synthetic demonstration data — not actual University of Sydney results
2026-07-01 00:00:00,20260701,1,5,4,531,Synthetic demonstration data — not actual University of Sydney results
2026-07-01 00:00:00,20260701,2,5,1,50,Synthetic demonstration data — not actual University of Sydney results
2026-07-01 00:00:00,20260701,2,5,2,185,Synthetic demonstration data — not actual University of Sydney results
2026-07-01 00:00:00,20260701,2,5,3,505,Synthetic demonstration data — not actual University of Sydney results
2026-07-01 00:00:00,20260701,2,5,4,101,Synthetic demonstration data — not actual University of Sydney results
2026-07-01 00:00:00,20260701,3,5,1,23,Synthetic demonstration data — not actual University of Sydney results
2026-07-01 00:00:00,20260701,3,5,2,86,Synthetic demonstration data — not actual University of Sydney results
2026-07-01 00:00:00,20260701,3,5,3,236,Synthetic demonstration data — not actual University of Sydney results
2026-07-01 00:00:00,20260701,3,5,4,47,Synthetic demonstration data — not actual University of Sydney results
2026-07-01 00:00:00,20260701,1,6,5,3660,Synthetic demonstration data — not actual University of Sydney results
2026-07-01 00:00:00,20260701,2,6,5,723,Synthetic demonstration data — not actual University of Sydney results
2026-07-01 00:00:00,20260701,3,6,5,334,Synthetic demonstration data — not actual University of Sydney results
2026-07-01 00:00:00,20260701,1,7,5,6643,Synthetic demonstration data — not actual University of Sydney results
2026-07-01 00:00:00,20260701,2,7,5,1264,Synthetic demonstration data — not actual University of Sydney results
2026-07-01 00:00:00,20260701,3,7,5,597,Synthetic demonstration data — not actual University of Sydney results
2026-08-01 00:00:00,20260801,1,1,1,1358,Synthetic demonstration data — not actual University of Sydney results
2026-08-01 00:00:00,20260801,1,1,2,4980,Synthetic demonstration data — not actual University of Sydney results
2026-08-01 00:00:00,20260801,1,1,3,13582,Synthetic demonstration data — not actual University of Sydney results
2026-08-01 00:00:00,20260801,1,1,4,2716,Synthetic demonstration data — not actual University of Sydney results
2026-08-01 00:00:00,20260801,2,1,1,267,Synthetic demonstration data — not actual University of Sydney results
2026-08-01 00:00:00,20260801,2,1,2,980,Synthetic demonstration data — not actual University of Sydney results
2026-08-01 00:00:00,20260801,2,1,3,2674,Synthetic demonstration data — not actual University of Sydney results
2026-08-01 00:00:00,20260801,2,1,4,534,Synthetic demonstration data — not actual University of Sydney results
2026-08-01 00:00:00,20260801,3,1,1,121,Synthetic demonstration data — not actual University of Sydney results
2026-08-01 00:00:00,20260801,3,1,2,446,Synthetic demonstration data — not actual University of Sydney results
2026-08-01 00:00:00,20260801,3,1,3,1218,Synthetic demonstration data — not actual University of Sydney results
2026-08-01 00:00:00,20260801,3,1,4,243,Synthetic demonstration data — not actual University of Sydney results
2026-08-01 00:00:00,20260801,1,2,1,817,Synthetic demonstration data — not actual University of Sydney results
2026-08-01 00:00:00,20260801,1,2,2,2996,Synthetic demonstration data — not actual University of Sydney results
2026-08-01 00:00:00,20260801,1,2,3,8173,Synthetic demonstration data — not actual University of Sydney results
2026-08-01 00:00:00,20260801,1,2,4,1634,Synthetic demonstration data — not actual University of Sydney results
2026-08-01 00:00:00,20260801,2,2,1,159,Synthetic demonstration data — not actual University of Sydney results
2026-08-01 00:00:00,20260801,2,2,2,583,Synthetic demonstration data — not actual University of Sydney results
2026-08-01 00:00:00,20260801,2,2,3,1591,Synthetic demonstration data — not actual University of Sydney results
2026-08-01 00:00:00,20260801,2,2,4,318,Synthetic demonstration data — not actual University of Sydney results
2026-08-01 00:00:00,20260801,3,2,1,73,Synthetic demonstration data — not actual University of Sydney results
2026-08-01 00:00:00,20260801,3,2,2,269,Synthetic demonstration data — not actual University of Sydney results
2026-08-01 00:00:00,20260801,3,2,3,733,Synthetic demonstration data — not actual University of Sydney results
2026-08-01 00:00:00,20260801,3,2,4,146,Synthetic demonstration data — not actual University of Sydney results
2026-08-01 00:00:00,20260801,1,3,1,443,Synthetic demonstration data — not actual University of Sydney results
2026-08-01 00:00:00,20260801,1,3,2,1625,Synthetic demonstration data — not actual University of Sydney results
2026-08-01 00:00:00,20260801,1,3,3,4432,Synthetic demonstration data — not actual University of Sydney results
2026-08-01 00:00:00,20260801,1,3,4,886,Synthetic demonstration data — not actual University of Sydney results
2026-08-01 00:00:00,20260801,2,3,1,83,Synthetic demonstration data — not actual University of Sydney results
2026-08-01 00:00:00,20260801,2,3,2,306,Synthetic demonstration data — not actual University of Sydney results
2026-08-01 00:00:00,20260801,2,3,3,834,Synthetic demonstration data — not actual University of Sydney results
2026-08-01 00:00:00,20260801,2,3,4,166,Synthetic demonstration data — not actual University of Sydney results
2026-08-01 00:00:00,20260801,3,3,1,39,Synthetic demonstration data — not actual University of Sydney results
2026-08-01 00:00:00,20260801,3,3,2,145,Synthetic demonstration data — not actual University of Sydney results
2026-08-01 00:00:00,20260801,3,3,3,397,Synthetic demonstration data — not actual University of Sydney results
2026-08-01 00:00:00,20260801,3,3,4,79,Synthetic demonstration data — not actual University of Sydney results
2026-08-01 00:00:00,20260801,1,4,1,657,Synthetic demonstration data — not actual University of Sydney results
2026-08-01 00:00:00,20260801,1,4,2,2409,Synthetic demonstration data — not actual University of Sydney results
2026-08-01 00:00:00,20260801,1,4,3,6571,Synthetic demonstration data — not actual University of Sydney results
2026-08-01 00:00:00,20260801,1,4,4,1314,Synthetic demonstration data — not actual University of Sydney results
2026-08-01 00:00:00,20260801,2,4,1,126,Synthetic demonstration data — not actual University of Sydney results
2026-08-01 00:00:00,20260801,2,4,2,464,Synthetic demonstration data — not actual University of Sydney results
2026-08-01 00:00:00,20260801,2,4,3,1266,Synthetic demonstration data — not actual University of Sydney results
2026-08-01 00:00:00,20260801,2,4,4,253,Synthetic demonstration data — not actual University of Sydney results
2026-08-01 00:00:00,20260801,3,4,1,59,Synthetic demonstration data — not actual University of Sydney results
2026-08-01 00:00:00,20260801,3,4,2,218,Synthetic demonstration data — not actual University of Sydney results
2026-08-01 00:00:00,20260801,3,4,3,594,Synthetic demonstration data — not actual University of Sydney results
2026-08-01 00:00:00,20260801,3,4,4,118,Synthetic demonstration data — not actual University of Sydney results
2026-08-01 00:00:00,20260801,1,5,1,270,Synthetic demonstration data — not actual University of Sydney results
2026-08-01 00:00:00,20260801,1,5,2,992,Synthetic demonstration data — not actual University of Sydney results
2026-08-01 00:00:00,20260801,1,5,3,2706,Synthetic demonstration data — not actual University of Sydney results
2026-08-01 00:00:00,20260801,1,5,4,541,Synthetic demonstration data — not actual University of Sydney results
2026-08-01 00:00:00,20260801,2,5,1,53,Synthetic demonstration data — not actual University of Sydney results
2026-08-01 00:00:00,20260801,2,5,2,195,Synthetic demonstration data — not actual University of Sydney results
2026-08-01 00:00:00,20260801,2,5,3,532,Synthetic demonstration data — not actual University of Sydney results
2026-08-01 00:00:00,20260801,2,5,4,106,Synthetic demonstration data — not actual University of Sydney results
2026-08-01 00:00:00,20260801,3,5,1,24,Synthetic demonstration data — not actual University of Sydney results
2026-08-01 00:00:00,20260801,3,5,2,90,Synthetic demonstration data — not actual University of Sydney results
2026-08-01 00:00:00,20260801,3,5,3,246,Synthetic demonstration data — not actual University of Sydney results
2026-08-01 00:00:00,20260801,3,5,4,49,Synthetic demonstration data — not actual University of Sydney results
2026-08-01 00:00:00,20260801,1,6,5,3851,Synthetic demonstration data — not actual University of Sydney results
2026-08-01 00:00:00,20260801,2,6,5,731,Synthetic demonstration data — not actual University of Sydney results
2026-08-01 00:00:00,20260801,3,6,5,346,Synthetic demonstration data — not actual University of Sydney results
2026-08-01 00:00:00,20260801,1,7,5,6943,Synthetic demonstration data — not actual University of Sydney results
2026-08-01 00:00:00,20260801,2,7,5,1338,Synthetic demonstration data — not actual University of Sydney results
2026-08-01 00:00:00,20260801,3,7,5,615,Synthetic demonstration data — not actual University of Sydney results
