work_order_id,case_id,created_datetime,completed_datetime,campus_key,team_key,category,contractor_name,response_business_hours,completion_business_hours,on_time_flag,rework_flag,contractor_cost_aud,synthetic_label
WO-00001,CASE-010132,2025-12-31 16:32:00,2026-01-05 06:53:44,1,9,Study spaces,Learning Spaces Technical,14.32,73.57,1,0,100.49,Synthetic demonstration data — not actual University of Sydney results
WO-00002,CASE-013208,2024-11-26 16:28:00,2024-11-28 06:23:49,2,9,HVAC and temperature,Metro Building Care,4.42,25.29,1,0,395.96,Synthetic demonstration data — not actual University of Sydney results
WO-00003,CASE-017592,2025-04-11 12:37:00,2025-04-12 20:12:14,2,9,Study spaces,Metro Building Care,4.82,21.06,0,1,448.55,Synthetic demonstration data — not actual University of Sydney results
WO-00004,CASE-003356,2025-01-10 12:26:00,2025-01-11 06:24:04,2,9,HVAC and temperature,Learning Spaces Technical,3.62,11.98,1,0,282.87,Synthetic demonstration data — not actual University of Sydney results
WO-00005,CASE-009563,2026-08-04 16:52:00,2026-08-06 09:54:02,1,9,Cleanliness,Metro Building Care,11.31,27.36,1,0,131.6,Synthetic demonstration data — not actual University of Sydney results
WO-00006,CASE-017415,2025-07-02 16:14:00,2025-07-04 12:19:49,2,9,HVAC and temperature,Metro Building Care,4.48,29.4,1,0,584.04,Synthetic demonstration data — not actual University of Sydney results
WO-00007,CASE-006231,2026-07-03 11:07:00,2026-07-04 22:14:25,1,9,Cleanliness,CampusWorks Services,21.44,23.42,0,0,448.11,Synthetic demonstration data — not actual University of Sydney results
WO-00008,CASE-003734,2025-03-03 12:11:00,2025-03-05 16:09:55,1,9,Cleanliness,Learning Spaces Technical,5.05,34.65,1,0,191.04,Synthetic demonstration data — not actual University of Sydney results
WO-00009,CASE-017846,2025-08-27 12:48:00,2025-08-28 15:37:15,3,9,Cleanliness,Metro Building Care,3.73,17.88,1,0,275.65,Synthetic demonstration data — not actual University of Sydney results
WO-00010,CASE-002617,2026-06-13 12:22:00,2026-06-15 05:25:02,1,9,Study spaces,Learning Spaces Technical,3.8,27.37,1,0,396.1,Synthetic demonstration data — not actual University of Sydney results
WO-00011,CASE-005288,2024-09-19 11:03:00,2024-09-21 14:10:06,1,9,HVAC and temperature,CampusWorks Services,22.91,34.08,1,0,257.74,Synthetic demonstration data — not actual University of Sydney results
WO-00012,CASE-003192,2024-09-14 13:20:00,2024-09-17 04:45:22,1,8,Teaching room equipment,Metro Building Care,6.21,42.28,1,0,353.73,Synthetic demonstration data — not actual University of Sydney results
WO-00013,CASE-009213,2026-01-14 14:43:00,2026-01-15 06:12:38,1,9,Security and lighting,Learning Spaces Technical,2.29,10.33,1,1,134.44,Synthetic demonstration data — not actual University of Sydney results
WO-00014,CASE-008819,2025-09-23 14:24:00,2025-09-25 03:13:15,2,9,Cleanliness,Metro Building Care,3.9,24.55,1,0,525.26,Synthetic demonstration data — not actual University of Sydney results
WO-00015,CASE-014414,2025-11-28 14:26:00,2025-11-30 19:48:56,2,9,Study spaces,CampusWorks Services,3.47,35.59,0,1,400.3,Synthetic demonstration data — not actual University of Sydney results
WO-00016,CASE-000366,2025-02-28 08:27:00,2025-03-01 02:09:20,1,10,Accessibility,Learning Spaces Technical,8.09,11.8,1,0,120.18,Synthetic demonstration data — not actual University of Sydney results
WO-00017,CASE-011906,2026-03-23 11:46:00,2026-03-26 08:17:16,1,8,Teaching room equipment,Metro Building Care,6.66,45.68,1,0,242.18,Synthetic demonstration data — not actual University of Sydney results
WO-00018,CASE-000241,2025-09-09 09:18:00,2025-09-10 19:16:56,1,8,Teaching room equipment,Metro Building Care,1.74,22.65,1,0,180.17,Synthetic demonstration data — not actual University of Sydney results
WO-00019,CASE-006432,2025-09-24 18:31:00,2025-09-25 16:17:34,2,9,Study spaces,Metro Building Care,4.71,14.52,1,0,193.12,Synthetic demonstration data — not actual University of Sydney results
WO-00020,CASE-005590,2025-05-01 17:41:00,2025-05-03 22:24:15,1,9,Study spaces,Learning Spaces Technical,4.22,35.15,0,0,263.13,Synthetic demonstration data — not actual University of Sydney results
WO-00021,CASE-003725,2025-10-17 14:13:00,2025-10-18 16:03:47,1,9,Cleanliness,Metro Building Care,11.05,17.23,1,0,58.19,Synthetic demonstration data — not actual University of Sydney results
WO-00022,CASE-017751,2025-08-04 17:49:00,2025-08-07 05:31:53,1,9,Study spaces,Learning Spaces Technical,4.84,39.81,1,0,369.45,Synthetic demonstration data — not actual University of Sydney results
WO-00023,CASE-017059,2025-01-06 14:26:00,2025-01-10 01:12:04,2,9,Cleanliness,CampusWorks Services,3.99,55.18,1,0,295.81,Synthetic demonstration data — not actual University of Sydney results
WO-00024,CASE-003761,2025-03-11 13:02:00,2025-03-15 15:47:48,2,8,Teaching room equipment,Metro Building Care,7.85,65.84,1,0,236.44,Synthetic demonstration data — not actual University of Sydney results
WO-00025,CASE-017613,2024-11-22 19:18:00,2024-11-23 17:24:57,2,9,Cleanliness,Metro Building Care,4.49,14.74,1,0,429.97,Synthetic demonstration data — not actual University of Sydney results
WO-00026,CASE-000915,2025-01-19 12:35:00,2025-01-25 14:12:14,1,9,HVAC and temperature,Learning Spaces Technical,12.03,97.08,1,0,145.36,Synthetic demonstration data — not actual University of Sydney results
WO-00027,CASE-006770,2025-08-14 12:20:00,2025-08-16 08:48:12,1,10,Accessibility,Metro Building Care,4.26,29.65,0,0,288.61,Synthetic demonstration data — not actual University of Sydney results
WO-00028,CASE-012490,2025-02-13 18:40:00,2025-02-17 04:47:05,1,9,HVAC and temperature,Learning Spaces Technical,17.75,54.75,1,0,197.17,Synthetic demonstration data — not actual University of Sydney results
WO-00029,CASE-001805,2025-07-23 14:14:00,2025-07-26 08:37:34,1,9,HVAC and temperature,Metro Building Care,4.87,44.26,1,0,1556.94,Synthetic demonstration data — not actual University of Sydney results
WO-00030,CASE-004090,2024-10-01 17:19:00,2024-10-03 11:10:23,1,9,Study spaces,Metro Building Care,7.92,27.9,1,1,187.43,Synthetic demonstration data — not actual University of Sydney results
WO-00031,CASE-007041,2026-05-19 14:05:00,2026-05-20 20:48:57,1,10,Accessibility,CampusWorks Services,4.62,20.49,1,1,139.55,Synthetic demonstration data — not actual University of Sydney results
WO-00032,CASE-001601,2025-04-12 18:34:00,2025-04-17 20:26:53,1,9,Cleanliness,Learning Spaces Technical,6.71,81.25,1,0,214.04,Synthetic demonstration data — not actual University of Sydney results
WO-00033,CASE-012921,2025-08-22 12:36:00,2025-08-25 03:51:26,1,9,Cleanliness,CampusWorks Services,3.71,42.17,1,0,530.58,Synthetic demonstration data — not actual University of Sydney results
WO-00034,CASE-011129,2025-05-15 15:09:00,2025-05-16 05:32:32,1,9,Cleanliness,Learning Spaces Technical,1.83,9.59,0,0,357.86,Synthetic demonstration data — not actual University of Sydney results
WO-00035,CASE-012112,2025-08-29 08:21:00,2025-08-30 06:32:57,3,9,Study spaces,Learning Spaces Technical,2.49,14.8,1,0,404.42,Synthetic demonstration data — not actual University of Sydney results
WO-00036,CASE-007794,2025-09-30 13:38:00,2025-10-03 11:22:44,1,9,HVAC and temperature,CampusWorks Services,25.57,46.5,1,0,973.99,Synthetic demonstration data — not actual University of Sydney results
WO-00037,CASE-017119,2026-06-14 13:52:00,2026-06-15 09:48:29,1,9,Security and lighting,Learning Spaces Technical,4.13,13.29,1,1,302.76,Synthetic demonstration data — not actual University of Sydney results
WO-00038,CASE-014276,2025-05-28 11:55:00,2025-06-01 19:18:59,2,9,HVAC and temperature,Learning Spaces Technical,2.0,68.93,1,0,332.57,Synthetic demonstration data — not actual University of Sydney results
WO-00039,CASE-001984,2026-07-18 18:41:00,2026-07-20 15:15:57,1,9,Security and lighting,CampusWorks Services,5.77,29.72,0,0,253.69,Synthetic demonstration data — not actual University of Sydney results
WO-00040,CASE-007091,2025-01-15 20:53:00,2025-01-16 20:24:46,2,10,Accessibility,Metro Building Care,4.4,15.69,0,0,420.75,Synthetic demonstration data — not actual University of Sydney results
WO-00041,CASE-000726,2025-09-22 12:28:00,2025-09-23 09:42:58,3,10,Accessibility,Metro Building Care,7.59,14.17,1,0,557.0,Synthetic demonstration data — not actual University of Sydney results
WO-00042,CASE-017298,2025-09-13 13:41:00,2025-09-14 03:31:57,2,9,Cleanliness,Learning Spaces Technical,5.67,9.23,0,0,199.71,Synthetic demonstration data — not actual University of Sydney results
WO-00043,CASE-013484,2025-12-22 11:11:00,2025-12-24 18:19:31,1,9,HVAC and temperature,Learning Spaces Technical,6.14,36.76,1,0,215.77,Synthetic demonstration data — not actual University of Sydney results
WO-00044,CASE-002684,2026-01-11 15:45:00,2026-01-12 04:05:14,3,9,HVAC and temperature,Learning Spaces Technical,4.18,8.22,1,0,935.23,Synthetic demonstration data — not actual University of Sydney results
WO-00045,CASE-008480,2025-08-01 20:02:00,2025-08-03 23:26:11,2,9,Study spaces,Metro Building Care,3.6,34.27,0,0,306.91,Synthetic demonstration data — not actual University of Sydney results
WO-00046,CASE-004599,2025-12-16 12:21:00,2025-12-19 23:00:05,1,9,HVAC and temperature,CampusWorks Services,7.36,55.1,1,0,186.51,Synthetic demonstration data — not actual University of Sydney results
WO-00047,CASE-003556,2026-07-15 11:18:00,2026-07-18 04:20:20,1,9,HVAC and temperature,Learning Spaces Technical,23.13,43.36,0,0,384.84,Synthetic demonstration data — not actual University of Sydney results
WO-00048,CASE-006741,2024-11-14 10:10:00,2024-11-18 05:21:41,2,9,HVAC and temperature,CampusWorks Services,3.28,60.8,1,0,251.4,Synthetic demonstration data — not actual University of Sydney results
WO-00049,CASE-000839,2026-05-26 14:07:00,2026-05-27 05:37:05,2,9,Study spaces,CampusWorks Services,2.6,10.33,0,0,894.3,Synthetic demonstration data — not actual University of Sydney results
WO-00050,CASE-017227,2025-02-06 14:32:00,2025-02-07 00:15:49,1,9,Security and lighting,Learning Spaces Technical,2.67,6.49,1,0,246.08,Synthetic demonstration data — not actual University of Sydney results
WO-00051,CASE-006474,2026-05-10 14:05:00,2026-05-11 22:54:49,1,9,HVAC and temperature,CampusWorks Services,10.99,21.89,1,0,931.78,Synthetic demonstration data — not actual University of Sydney results
WO-00052,CASE-003637,2025-03-28 17:43:00,2025-03-29 14:36:51,1,9,Security and lighting,CampusWorks Services,5.43,13.93,1,0,273.6,Synthetic demonstration data — not actual University of Sydney results
WO-00053,CASE-010704,2025-10-13 13:00:00,2025-10-14 18:07:38,2,10,Accessibility,CampusWorks Services,1.69,19.42,1,0,146.52,Synthetic demonstration data — not actual University of Sydney results
WO-00054,CASE-011825,2025-07-12 08:15:00,2025-07-15 00:06:21,1,8,Teaching room equipment,Learning Spaces Technical,2.28,42.57,1,0,380.05,Synthetic demonstration data — not actual University of Sydney results
WO-00055,CASE-017921,2024-10-19 18:14:00,2024-10-20 01:39:41,3,10,Accessibility,Learning Spaces Technical,3.95,4.95,1,0,168.47,Synthetic demonstration data — not actual University of Sydney results
WO-00056,CASE-013826,2026-03-17 15:30:00,2026-03-19 01:01:50,2,10,Accessibility,Metro Building Care,3.67,22.35,1,0,358.88,Synthetic demonstration data — not actual University of Sydney results
WO-00057,CASE-015711,2025-08-12 10:04:00,2025-08-13 10:56:24,1,10,Accessibility,CampusWorks Services,4.64,16.58,1,0,639.54,Synthetic demonstration data — not actual University of Sydney results
WO-00058,CASE-002097,2025-04-26 17:10:00,2025-04-27 23:41:12,1,9,Study spaces,Learning Spaces Technical,19.35,20.35,1,0,276.8,Synthetic demonstration data — not actual University of Sydney results
WO-00059,CASE-007475,2024-09-27 18:43:00,2024-09-28 12:00:11,1,9,Cleanliness,CampusWorks Services,10.52,11.52,1,0,1044.55,Synthetic demonstration data — not actual University of Sydney results
WO-00060,CASE-006713,2026-03-19 14:33:00,2026-03-21 01:55:38,2,9,Security and lighting,Learning Spaces Technical,2.19,23.58,1,0,239.02,Synthetic demonstration data — not actual University of Sydney results
WO-00061,CASE-010207,2025-09-03 18:37:00,2025-09-04 20:01:50,1,8,Teaching room equipment,Metro Building Care,2.06,16.94,1,0,87.7,Synthetic demonstration data — not actual University of Sydney results
WO-00062,CASE-015185,2025-05-21 18:08:00,2025-05-22 13:18:02,1,10,Accessibility,CampusWorks Services,5.7,12.78,1,0,184.51,Synthetic demonstration data — not actual University of Sydney results
WO-00063,CASE-009814,2026-02-18 13:27:00,2026-02-19 22:19:42,1,9,Security and lighting,CampusWorks Services,3.99,21.92,1,0,136.37,Synthetic demonstration data — not actual University of Sydney results
WO-00064,CASE-015020,2025-06-16 08:38:00,2025-06-17 02:52:04,3,9,Study spaces,Metro Building Care,11.16,12.16,1,0,306.08,Synthetic demonstration data — not actual University of Sydney results
WO-00065,CASE-015397,2025-12-01 10:06:00,2025-12-02 07:34:34,2,9,Cleanliness,CampusWorks Services,5.32,14.32,0,1,249.4,Synthetic demonstration data — not actual University of Sydney results
WO-00066,CASE-012270,2025-03-21 12:32:00,2025-03-22 07:20:02,1,9,HVAC and temperature,CampusWorks Services,10.32,12.53,1,0,488.96,Synthetic demonstration data — not actual University of Sydney results
WO-00067,CASE-007229,2025-02-11 11:07:00,2025-02-14 17:09:10,1,9,HVAC and temperature,CampusWorks Services,10.28,52.02,0,0,126.21,Synthetic demonstration data — not actual University of Sydney results
WO-00068,CASE-005506,2026-08-06 13:08:00,2026-08-08 19:14:23,1,9,Cleanliness,Metro Building Care,3.23,36.07,1,0,449.53,Synthetic demonstration data — not actual University of Sydney results
WO-00069,CASE-000848,2025-02-13 13:30:00,2025-02-15 18:49:59,2,9,Security and lighting,Learning Spaces Technical,3.35,35.56,0,1,681.58,Synthetic demonstration data — not actual University of Sydney results
WO-00070,CASE-008200,2026-02-04 12:21:00,2026-02-09 06:09:13,1,9,HVAC and temperature,Learning Spaces Technical,18.77,75.87,0,0,100.69,Synthetic demonstration data — not actual University of Sydney results
WO-00071,CASE-000836,2025-11-20 08:21:00,2025-11-21 16:43:10,1,9,Cleanliness,Learning Spaces Technical,4.46,21.58,1,0,223.96,Synthetic demonstration data — not actual University of Sydney results
WO-00072,CASE-011486,2025-04-10 12:29:00,2025-04-11 04:47:10,2,8,Teaching room equipment,Metro Building Care,9.87,10.87,1,0,330.21,Synthetic demonstration data — not actual University of Sydney results
WO-00073,CASE-016123,2025-02-25 20:11:00,2025-02-28 17:54:06,2,9,HVAC and temperature,CampusWorks Services,2.73,46.48,1,0,261.55,Synthetic demonstration data — not actual University of Sydney results
WO-00074,CASE-017684,2024-11-28 16:06:00,2024-12-03 09:38:00,1,9,HVAC and temperature,Metro Building Care,5.19,75.69,0,0,107.69,Synthetic demonstration data — not actual University of Sydney results
WO-00075,CASE-009967,2026-03-03 14:00:00,2026-03-06 08:49:27,1,9,Security and lighting,Learning Spaces Technical,4.33,44.55,1,0,167.08,Synthetic demonstration data — not actual University of Sydney results
WO-00076,CASE-009355,2026-02-13 16:55:00,2026-02-14 20:40:10,1,9,HVAC and temperature,Metro Building Care,5.82,18.5,1,0,630.66,Synthetic demonstration data — not actual University of Sydney results
WO-00077,CASE-017631,2025-02-25 11:52:00,2025-02-27 23:03:02,1,9,HVAC and temperature,CampusWorks Services,4.04,39.46,1,0,184.23,Synthetic demonstration data — not actual University of Sydney results
WO-00078,CASE-006022,2025-07-29 12:36:00,2025-07-31 02:04:11,2,9,Security and lighting,CampusWorks Services,13.63,24.98,1,0,73.34,Synthetic demonstration data — not actual University of Sydney results
WO-00079,CASE-006052,2026-08-13 13:29:00,2026-08-15 04:51:21,1,9,HVAC and temperature,Learning Spaces Technical,11.42,26.25,1,0,941.42,Synthetic demonstration data — not actual University of Sydney results
WO-00080,CASE-016561,2026-05-13 14:14:00,2026-05-15 23:57:44,1,9,Study spaces,CampusWorks Services,17.07,38.49,1,0,954.94,Synthetic demonstration data — not actual University of Sydney results
WO-00081,CASE-014057,2026-01-30 13:53:00,2026-02-01 16:35:37,1,9,HVAC and temperature,Learning Spaces Technical,6.79,33.81,0,0,255.77,Synthetic demonstration data — not actual University of Sydney results
WO-00082,CASE-013714,2025-09-15 20:31:00,2025-09-24 19:59:49,1,9,HVAC and temperature,Learning Spaces Technical,11.73,143.65,1,0,288.13,Synthetic demonstration data — not actual University of Sydney results
WO-00083,CASE-015746,2026-07-06 10:49:00,2026-07-07 19:59:40,2,9,Cleanliness,CampusWorks Services,4.31,22.12,1,0,400.45,Synthetic demonstration data — not actual University of Sydney results
WO-00084,CASE-015699,2024-09-08 12:49:00,2024-09-09 17:24:59,1,9,Security and lighting,Metro Building Care,7.37,19.07,1,0,367.58,Synthetic demonstration data — not actual University of Sydney results
WO-00085,CASE-014340,2026-01-20 14:01:00,2026-01-21 23:07:59,1,9,HVAC and temperature,Metro Building Care,14.52,22.08,1,0,299.51,Synthetic demonstration data — not actual University of Sydney results
WO-00086,CASE-009375,2025-10-16 13:06:00,2025-10-17 13:33:45,1,9,Cleanliness,Learning Spaces Technical,1.7,16.31,1,1,320.01,Synthetic demonstration data — not actual University of Sydney results
WO-00087,CASE-013403,2026-03-24 19:10:00,2026-03-25 06:34:25,1,10,Accessibility,CampusWorks Services,2.45,7.6,1,0,634.76,Synthetic demonstration data — not actual University of Sydney results
WO-00088,CASE-010997,2025-08-01 19:59:00,2025-08-02 23:02:38,1,9,HVAC and temperature,Learning Spaces Technical,5.27,18.04,0,1,185.5,Synthetic demonstration data — not actual University of Sydney results
WO-00089,CASE-004175,2025-03-03 08:24:00,2025-03-05 12:17:08,1,9,HVAC and temperature,Learning Spaces Technical,33.59,34.59,1,0,236.48,Synthetic demonstration data — not actual University of Sydney results
WO-00090,CASE-017953,2025-05-22 20:52:00,2025-05-23 12:47:09,1,9,Cleanliness,Metro Building Care,4.67,10.61,1,0,624.12,Synthetic demonstration data — not actual University of Sydney results
WO-00091,CASE-005357,2026-04-20 19:00:00,2026-04-21 10:58:07,1,9,Cleanliness,CampusWorks Services,9.65,10.65,0,0,577.93,Synthetic demonstration data — not actual University of Sydney results
WO-00092,CASE-002796,2026-02-27 10:07:00,2026-03-01 15:29:49,3,9,Study spaces,Learning Spaces Technical,1.41,35.59,0,0,282.15,Synthetic demonstration data — not actual University of Sydney results
WO-00093,CASE-005247,2026-03-22 08:34:00,2026-03-27 19:42:14,1,9,HVAC and temperature,CampusWorks Services,13.79,87.42,1,0,244.24,Synthetic demonstration data — not actual University of Sydney results
WO-00094,CASE-000731,2026-02-27 14:33:00,2026-02-28 00:40:00,2,8,Teaching room equipment,Learning Spaces Technical,2.34,6.74,1,0,165.73,Synthetic demonstration data — not actual University of Sydney results
WO-00095,CASE-008978,2025-02-18 14:53:00,2025-02-19 19:57:01,1,9,Security and lighting,Metro Building Care,3.42,19.38,1,0,691.1,Synthetic demonstration data — not actual University of Sydney results
WO-00096,CASE-015117,2025-06-13 16:30:00,2025-06-14 14:26:31,1,9,Security and lighting,Learning Spaces Technical,10.76,14.63,0,0,111.43,Synthetic demonstration data — not actual University of Sydney results
WO-00097,CASE-009250,2026-03-06 11:48:00,2026-03-08 16:24:01,1,10,Accessibility,Learning Spaces Technical,2.97,35.07,1,0,471.22,Synthetic demonstration data — not actual University of Sydney results
WO-00098,CASE-017135,2026-03-09 09:16:00,2026-03-10 14:16:06,1,9,Security and lighting,CampusWorks Services,6.24,19.33,1,0,235.39,Synthetic demonstration data — not actual University of Sydney results
WO-00099,CASE-017025,2025-02-19 19:45:00,2025-02-21 11:46:07,1,9,Security and lighting,Learning Spaces Technical,3.76,26.68,1,0,37.71,Synthetic demonstration data — not actual University of Sydney results
WO-00100,CASE-013171,2026-02-19 14:14:00,2026-02-22 00:06:36,1,8,Teaching room equipment,Learning Spaces Technical,12.61,38.58,0,0,295.28,Synthetic demonstration data — not actual University of Sydney results
WO-00101,CASE-009148,2026-03-02 14:10:00,2026-03-03 20:34:31,1,8,Teaching room equipment,Metro Building Care,4.53,20.27,1,0,544.09,Synthetic demonstration data — not actual University of Sydney results
WO-00102,CASE-004293,2025-11-25 15:55:00,2025-11-28 00:07:12,1,9,Study spaces,CampusWorks Services,4.73,37.47,1,0,597.43,Synthetic demonstration data — not actual University of Sydney results
WO-00103,CASE-001789,2025-05-23 12:55:00,2025-05-31 04:42:28,1,9,Study spaces,Metro Building Care,12.03,122.53,1,0,1307.43,Synthetic demonstration data — not actual University of Sydney results
WO-00104,CASE-005788,2026-04-03 20:08:00,2026-04-06 00:33:12,1,9,HVAC and temperature,CampusWorks Services,10.7,34.95,1,0,732.37,Synthetic demonstration data — not actual University of Sydney results
WO-00105,CASE-007651,2026-02-12 17:11:00,2026-02-14 04:59:24,1,10,Accessibility,Learning Spaces Technical,6.21,23.87,1,0,323.18,Synthetic demonstration data — not actual University of Sydney results
WO-00106,CASE-000787,2024-12-20 12:56:00,2024-12-21 22:18:31,1,9,HVAC and temperature,Learning Spaces Technical,11.12,22.25,1,0,380.28,Synthetic demonstration data — not actual University of Sydney results
WO-00107,CASE-016132,2025-08-11 18:17:00,2025-08-12 10:59:28,1,9,Security and lighting,Learning Spaces Technical,2.65,11.14,1,0,450.91,Synthetic demonstration data — not actual University of Sydney results
WO-00108,CASE-015629,2026-02-24 13:31:00,2026-02-25 17:44:00,1,9,HVAC and temperature,CampusWorks Services,6.6,18.81,1,0,299.38,Synthetic demonstration data — not actual University of Sydney results
WO-00109,CASE-001385,2024-09-08 08:12:00,2024-09-08 23:30:58,1,8,Teaching room equipment,CampusWorks Services,8.43,10.21,1,0,645.43,Synthetic demonstration data — not actual University of Sydney results
WO-00110,CASE-005423,2025-10-23 17:00:00,2025-10-24 11:15:00,3,9,Study spaces,CampusWorks Services,5.41,12.17,1,0,363.7,Synthetic demonstration data — not actual University of Sydney results
WO-00111,CASE-006004,2026-02-04 17:15:00,2026-02-06 09:20:33,2,8,Teaching room equipment,Metro Building Care,8.17,26.73,0,0,92.68,Synthetic demonstration data — not actual University of Sydney results
WO-00112,CASE-001936,2026-02-11 18:47:00,2026-02-12 19:33:01,1,9,Security and lighting,Metro Building Care,5.61,16.51,0,0,439.44,Synthetic demonstration data — not actual University of Sydney results
WO-00113,CASE-008116,2026-02-06 10:37:00,2026-02-07 21:25:47,3,10,Accessibility,Learning Spaces Technical,3.51,23.21,1,0,550.9,Synthetic demonstration data — not actual University of Sydney results
WO-00114,CASE-001446,2026-05-06 13:46:00,2026-05-09 06:42:02,1,9,Cleanliness,CampusWorks Services,4.25,43.29,0,0,157.54,Synthetic demonstration data — not actual University of Sydney results
WO-00115,CASE-011535,2025-11-25 14:19:00,2025-11-26 13:45:57,2,10,Accessibility,Learning Spaces Technical,8.96,15.63,1,0,2464.77,Synthetic demonstration data — not actual University of Sydney results
WO-00116,CASE-015946,2025-07-11 11:50:00,2025-07-13 00:22:07,1,9,Cleanliness,Metro Building Care,0.87,24.36,1,0,72.65,Synthetic demonstration data — not actual University of Sydney results
WO-00117,CASE-002033,2025-06-24 13:02:00,2025-06-25 23:57:42,1,10,Accessibility,Learning Spaces Technical,6.22,23.29,1,0,388.82,Synthetic demonstration data — not actual University of Sydney results
WO-00118,CASE-011439,2026-06-29 19:23:00,2026-06-30 14:03:31,3,10,Accessibility,Metro Building Care,7.17,12.45,1,0,449.97,Synthetic demonstration data — not actual University of Sydney results
WO-00119,CASE-015425,2025-05-27 16:03:00,2025-05-31 05:20:13,1,9,HVAC and temperature,Metro Building Care,3.86,56.86,1,1,309.36,Synthetic demonstration data — not actual University of Sydney results
WO-00120,CASE-000739,2024-10-28 16:24:00,2024-10-30 09:25:52,3,9,Cleanliness,Learning Spaces Technical,2.09,27.35,1,0,839.88,Synthetic demonstration data — not actual University of Sydney results
WO-00121,CASE-003380,2025-10-28 15:52:00,2025-10-30 00:00:09,1,9,Security and lighting,Metro Building Care,8.25,21.42,0,1,712.9,Synthetic demonstration data — not actual University of Sydney results
WO-00122,CASE-017358,2026-02-16 13:07:00,2026-02-16 21:28:07,2,8,Teaching room equipment,CampusWorks Services,4.57,5.57,1,0,226.02,Synthetic demonstration data — not actual University of Sydney results
WO-00123,CASE-011304,2025-12-09 13:18:00,2025-12-11 17:32:29,3,9,Study spaces,CampusWorks Services,10.49,34.83,1,0,183.07,Synthetic demonstration data — not actual University of Sydney results
WO-00124,CASE-003323,2026-06-04 17:29:00,2026-06-06 15:41:59,1,8,Teaching room equipment,Learning Spaces Technical,3.65,30.81,1,0,398.53,Synthetic demonstration data — not actual University of Sydney results
WO-00125,CASE-000244,2025-07-01 16:19:00,2025-07-03 21:28:15,1,9,HVAC and temperature,CampusWorks Services,8.49,35.44,0,0,516.07,Synthetic demonstration data — not actual University of Sydney results
WO-00126,CASE-006815,2026-06-23 10:43:00,2026-06-24 18:00:36,1,9,Security and lighting,CampusWorks Services,6.87,20.86,0,0,318.22,Synthetic demonstration data — not actual University of Sydney results
WO-00127,CASE-003537,2026-03-25 15:24:00,2026-03-27 11:10:52,1,9,Study spaces,Learning Spaces Technical,5.39,29.19,1,0,385.72,Synthetic demonstration data — not actual University of Sydney results
WO-00128,CASE-013626,2026-05-13 14:39:00,2026-05-15 04:09:16,1,9,Security and lighting,Metro Building Care,10.34,25.0,1,0,185.95,Synthetic demonstration data — not actual University of Sydney results
WO-00129,CASE-015612,2026-01-02 15:15:00,2026-01-03 13:02:11,3,9,HVAC and temperature,CampusWorks Services,8.51,14.52,1,0,194.44,Synthetic demonstration data — not actual University of Sydney results
WO-00130,CASE-005915,2025-08-06 16:41:00,2025-08-07 11:25:01,3,9,Cleanliness,Metro Building Care,8.4,12.49,1,1,1374.63,Synthetic demonstration data — not actual University of Sydney results
WO-00131,CASE-009033,2025-01-15 15:20:00,2025-01-16 02:45:20,1,9,Cleanliness,Metro Building Care,6.61,7.61,1,0,143.2,Synthetic demonstration data — not actual University of Sydney results
WO-00132,CASE-010915,2025-12-31 19:50:00,2026-01-03 13:54:18,1,9,Study spaces,Learning Spaces Technical,4.85,44.05,0,0,215.32,Synthetic demonstration data — not actual University of Sydney results
WO-00133,CASE-009868,2026-08-07 10:06:00,2026-08-07 22:59:06,1,10,Accessibility,Learning Spaces Technical,1.45,8.59,1,0,631.36,Synthetic demonstration data — not actual University of Sydney results
WO-00134,CASE-005741,2026-07-09 17:05:00,2026-07-11 12:14:19,1,9,Cleanliness,CampusWorks Services,6.23,28.77,1,0,360.26,Synthetic demonstration data — not actual University of Sydney results
WO-00135,CASE-013823,2024-12-09 17:42:00,2024-12-10 09:44:24,1,9,Cleanliness,Metro Building Care,4.19,10.69,1,0,915.88,Synthetic demonstration data — not actual University of Sydney results
WO-00136,CASE-007781,2025-08-22 12:35:00,2025-08-23 16:51:49,1,9,Security and lighting,Metro Building Care,4.49,18.85,1,0,633.05,Synthetic demonstration data — not actual University of Sydney results
WO-00137,CASE-012612,2025-10-08 19:41:00,2025-10-10 22:14:41,1,9,Study spaces,Learning Spaces Technical,8.3,33.71,1,1,238.25,Synthetic demonstration data — not actual University of Sydney results
WO-00138,CASE-011632,2026-05-11 18:13:00,2026-05-12 23:13:58,1,10,Accessibility,Learning Spaces Technical,6.11,19.34,1,0,314.87,Synthetic demonstration data — not actual University of Sydney results
WO-00139,CASE-016235,2026-06-10 15:48:00,2026-06-12 07:33:10,1,9,HVAC and temperature,Metro Building Care,7.1,26.5,1,0,143.53,Synthetic demonstration data — not actual University of Sydney results
WO-00140,CASE-010125,2026-02-12 10:03:00,2026-02-14 07:52:32,1,8,Teaching room equipment,Learning Spaces Technical,6.42,30.55,1,0,559.82,Synthetic demonstration data — not actual University of Sydney results
WO-00141,CASE-008823,2026-03-04 08:23:00,2026-03-10 22:11:27,1,9,HVAC and temperature,Metro Building Care,6.59,105.21,1,1,447.07,Synthetic demonstration data — not actual University of Sydney results
WO-00142,CASE-017205,2024-09-10 18:14:00,2024-09-17 17:30:18,1,9,HVAC and temperature,Metro Building Care,2.65,111.51,1,1,194.45,Synthetic demonstration data — not actual University of Sydney results
WO-00143,CASE-010593,2025-02-16 10:31:00,2025-02-17 10:33:50,2,9,HVAC and temperature,CampusWorks Services,6.37,16.03,1,0,202.87,Synthetic demonstration data — not actual University of Sydney results
WO-00144,CASE-001777,2026-06-01 08:01:00,2026-06-02 06:21:30,1,9,Security and lighting,Metro Building Care,6.58,14.89,1,1,371.12,Synthetic demonstration data — not actual University of Sydney results
WO-00145,CASE-011773,2025-05-13 09:39:00,2025-05-14 06:39:52,1,9,Security and lighting,CampusWorks Services,6.89,14.01,1,0,175.72,Synthetic demonstration data — not actual University of Sydney results
WO-00146,CASE-016343,2024-12-30 16:14:00,2024-12-31 12:08:31,1,9,Study spaces,Metro Building Care,10.66,13.27,0,0,680.66,Synthetic demonstration data — not actual University of Sydney results
WO-00147,CASE-014759,2025-01-18 11:55:00,2025-01-19 18:05:41,1,9,Study spaces,Metro Building Care,10.29,20.12,0,1,337.68,Synthetic demonstration data — not actual University of Sydney results
WO-00148,CASE-007552,2025-12-04 19:25:00,2025-12-06 15:37:19,1,9,Cleanliness,Metro Building Care,5.9,29.47,0,0,238.8,Synthetic demonstration data — not actual University of Sydney results
WO-00149,CASE-017208,2026-02-04 14:04:00,2026-02-05 21:37:21,1,9,HVAC and temperature,Metro Building Care,6.88,21.04,1,1,403.43,Synthetic demonstration data — not actual University of Sydney results
WO-00150,CASE-007408,2024-11-25 16:53:00,2024-11-26 05:08:02,2,9,HVAC and temperature,CampusWorks Services,5.16,8.17,1,0,363.7,Synthetic demonstration data — not actual University of Sydney results
WO-00151,CASE-006835,2024-09-16 15:55:00,2024-09-22 04:04:27,1,9,HVAC and temperature,CampusWorks Services,16.67,88.11,1,0,124.57,Synthetic demonstration data — not actual University of Sydney results
WO-00152,CASE-012790,2026-05-26 13:02:00,2026-05-29 03:20:47,1,9,HVAC and temperature,Metro Building Care,15.37,41.54,1,0,183.04,Synthetic demonstration data — not actual University of Sydney results
WO-00153,CASE-017737,2026-01-12 14:39:00,2026-01-14 10:12:29,1,9,Cleanliness,Learning Spaces Technical,2.36,29.04,1,0,135.26,Synthetic demonstration data — not actual University of Sydney results
WO-00154,CASE-016395,2025-07-02 14:54:00,2025-07-03 18:06:30,1,9,Security and lighting,Learning Spaces Technical,8.89,18.14,1,0,265.08,Synthetic demonstration data — not actual University of Sydney results
WO-00155,CASE-012362,2026-07-30 13:29:00,2026-07-31 07:21:47,2,9,HVAC and temperature,CampusWorks Services,10.92,11.92,1,0,100.32,Synthetic demonstration data — not actual University of Sydney results
WO-00156,CASE-009038,2024-12-30 18:27:00,2024-12-31 08:58:46,1,8,Teaching room equipment,Metro Building Care,8.69,9.69,1,0,339.04,Synthetic demonstration data — not actual University of Sydney results
WO-00157,CASE-009639,2024-10-28 16:56:00,2024-10-29 05:50:34,1,10,Accessibility,Metro Building Care,2.57,8.61,1,0,245.76,Synthetic demonstration data — not actual University of Sydney results
WO-00158,CASE-016246,2024-09-16 17:21:00,2024-09-19 04:13:20,2,10,Accessibility,Learning Spaces Technical,1.91,39.25,1,0,567.96,Synthetic demonstration data — not actual University of Sydney results
WO-00159,CASE-005692,2025-11-07 10:58:00,2025-11-08 02:38:19,2,9,HVAC and temperature,Learning Spaces Technical,7.83,10.45,1,0,283.47,Synthetic demonstration data — not actual University of Sydney results
WO-00160,CASE-002025,2026-07-27 13:46:00,2026-07-28 07:36:11,2,9,HVAC and temperature,Metro Building Care,2.15,11.89,1,0,250.97,Synthetic demonstration data — not actual University of Sydney results
WO-00161,CASE-011837,2025-06-12 11:18:00,2025-06-14 05:34:51,1,8,Teaching room equipment,Metro Building Care,10.28,28.19,1,0,73.43,Synthetic demonstration data — not actual University of Sydney results
WO-00162,CASE-005093,2024-11-05 09:39:00,2024-11-06 12:06:34,1,9,HVAC and temperature,Metro Building Care,12.32,17.64,1,0,106.39,Synthetic demonstration data — not actual University of Sydney results
WO-00163,CASE-001005,2025-08-14 12:42:00,2025-08-15 11:13:47,2,9,Cleanliness,CampusWorks Services,2.55,15.02,1,0,560.77,Synthetic demonstration data — not actual University of Sydney results
WO-00164,CASE-012884,2025-10-16 14:57:00,2025-10-17 13:51:18,1,9,Study spaces,CampusWorks Services,8.25,15.27,1,0,628.32,Synthetic demonstration data — not actual University of Sydney results
WO-00165,CASE-003212,2026-03-13 14:38:00,2026-03-14 17:41:35,3,9,Cleanliness,Learning Spaces Technical,4.98,18.04,1,0,407.25,Synthetic demonstration data — not actual University of Sydney results
WO-00166,CASE-012871,2024-09-10 14:33:00,2024-09-11 08:18:12,1,9,Study spaces,Metro Building Care,10.39,11.84,0,0,158.79,Synthetic demonstration data — not actual University of Sydney results
WO-00167,CASE-002257,2025-06-13 13:27:00,2025-06-16 01:38:57,1,9,Study spaces,Learning Spaces Technical,5.99,40.13,1,0,346.64,Synthetic demonstration data — not actual University of Sydney results
WO-00168,CASE-009799,2025-10-09 13:16:00,2025-10-10 02:31:33,2,10,Accessibility,Metro Building Care,7.84,8.84,1,0,203.09,Synthetic demonstration data — not actual University of Sydney results
WO-00169,CASE-002812,2026-03-25 19:31:00,2026-03-26 20:42:33,3,8,Teaching room equipment,CampusWorks Services,5.35,16.8,1,1,320.7,Synthetic demonstration data — not actual University of Sydney results
WO-00170,CASE-013230,2025-12-02 16:16:00,2025-12-03 18:35:59,1,9,Security and lighting,Metro Building Care,16.56,17.56,1,0,515.84,Synthetic demonstration data — not actual University of Sydney results
WO-00171,CASE-005743,2025-03-15 13:04:00,2025-03-15 22:56:32,2,9,Study spaces,Learning Spaces Technical,5.58,6.58,1,1,156.53,Synthetic demonstration data — not actual University of Sydney results
WO-00172,CASE-010479,2024-12-24 12:10:00,2024-12-25 07:42:19,1,9,Security and lighting,CampusWorks Services,3.0,13.03,1,0,410.74,Synthetic demonstration data — not actual University of Sydney results
WO-00173,CASE-012979,2024-12-30 13:03:00,2025-01-03 22:50:49,1,9,HVAC and temperature,CampusWorks Services,10.11,70.53,1,0,670.09,Synthetic demonstration data — not actual University of Sydney results
WO-00174,CASE-007250,2025-05-29 17:32:00,2025-05-30 20:58:37,2,9,HVAC and temperature,Metro Building Care,11.04,18.3,1,0,162.86,Synthetic demonstration data — not actual University of Sydney results
WO-00175,CASE-016290,2026-07-23 13:51:00,2026-07-24 20:21:33,1,9,Security and lighting,CampusWorks Services,3.28,20.34,1,0,867.31,Synthetic demonstration data — not actual University of Sydney results
WO-00176,CASE-017786,2026-04-28 14:52:00,2026-04-30 14:42:25,1,9,HVAC and temperature,CampusWorks Services,6.13,31.89,1,0,173.41,Synthetic demonstration data — not actual University of Sydney results
WO-00177,CASE-017465,2026-04-02 12:50:00,2026-04-03 05:26:41,1,9,Cleanliness,Metro Building Care,6.8,11.07,1,0,179.11,Synthetic demonstration data — not actual University of Sydney results
WO-00178,CASE-012969,2025-04-05 18:42:00,2025-04-07 18:50:17,1,9,Security and lighting,Metro Building Care,4.08,32.09,1,0,74.59,Synthetic demonstration data — not actual University of Sydney results
WO-00179,CASE-000434,2026-05-25 12:14:00,2026-05-26 12:16:14,1,9,Cleanliness,CampusWorks Services,4.88,16.02,1,1,700.42,Synthetic demonstration data — not actual University of Sydney results
WO-00180,CASE-001891,2025-08-02 16:17:00,2025-08-07 22:04:45,1,9,Study spaces,CampusWorks Services,10.22,83.86,0,0,420.29,Synthetic demonstration data — not actual University of Sydney results
WO-00181,CASE-016375,2026-02-16 10:36:00,2026-02-17 04:25:21,1,9,Security and lighting,CampusWorks Services,3.21,11.88,0,0,449.17,Synthetic demonstration data — not actual University of Sydney results
WO-00182,CASE-007980,2026-05-15 17:49:00,2026-05-17 09:16:48,1,9,Study spaces,Metro Building Care,2.73,26.31,1,0,352.05,Synthetic demonstration data — not actual University of Sydney results
WO-00183,CASE-012279,2025-06-12 10:43:00,2025-06-13 06:25:51,2,8,Teaching room equipment,CampusWorks Services,2.66,13.14,1,0,125.74,Synthetic demonstration data — not actual University of Sydney results
WO-00184,CASE-007999,2026-02-19 15:11:00,2026-02-20 21:37:31,1,9,Study spaces,Learning Spaces Technical,4.82,20.29,0,0,511.37,Synthetic demonstration data — not actual University of Sydney results
WO-00185,CASE-014041,2025-12-19 09:49:00,2025-12-20 03:29:22,1,9,Cleanliness,CampusWorks Services,4.57,11.78,1,0,158.03,Synthetic demonstration data — not actual University of Sydney results
WO-00186,CASE-007158,2026-07-15 19:47:00,2026-07-18 12:57:45,1,9,Study spaces,Metro Building Care,8.31,43.45,1,0,306.32,Synthetic demonstration data — not actual University of Sydney results
WO-00187,CASE-005733,2025-11-06 17:24:00,2025-11-07 08:10:12,1,10,Accessibility,Metro Building Care,8.85,9.85,1,0,704.41,Synthetic demonstration data — not actual University of Sydney results
WO-00188,CASE-007388,2025-03-18 10:36:00,2025-03-19 04:55:12,2,9,Study spaces,CampusWorks Services,11.21,12.21,1,0,230.77,Synthetic demonstration data — not actual University of Sydney results
WO-00189,CASE-004053,2026-05-19 14:07:00,2026-05-20 01:41:48,2,9,Cleanliness,CampusWorks Services,4.61,7.72,1,0,388.92,Synthetic demonstration data — not actual University of Sydney results
WO-00190,CASE-014996,2026-05-22 13:04:00,2026-05-23 06:21:04,1,10,Accessibility,Metro Building Care,3.3,11.52,1,0,158.68,Synthetic demonstration data — not actual University of Sydney results
WO-00191,CASE-006266,2026-08-01 16:47:00,2026-08-03 17:23:44,1,9,HVAC and temperature,CampusWorks Services,13.22,32.41,1,0,361.43,Synthetic demonstration data — not actual University of Sydney results
WO-00192,CASE-010265,2025-04-16 15:36:00,2025-04-18 04:00:43,1,9,HVAC and temperature,Metro Building Care,10.16,24.27,1,0,278.83,Synthetic demonstration data — not actual University of Sydney results
WO-00193,CASE-002893,2025-03-11 12:14:00,2025-03-13 10:12:14,1,9,Study spaces,Metro Building Care,13.11,30.65,1,0,682.65,Synthetic demonstration data — not actual University of Sydney results
WO-00194,CASE-009162,2026-07-23 14:02:00,2026-07-24 05:50:15,1,9,HVAC and temperature,CampusWorks Services,4.36,10.54,1,0,523.96,Synthetic demonstration data — not actual University of Sydney results
WO-00195,CASE-014771,2026-06-15 15:18:00,2026-06-20 18:31:46,2,10,Accessibility,Metro Building Care,4.44,82.15,1,0,654.21,Synthetic demonstration data — not actual University of Sydney results
WO-00196,CASE-008413,2024-11-01 14:30:00,2024-11-02 13:52:27,1,9,Security and lighting,Metro Building Care,6.3,15.58,1,0,139.1,Synthetic demonstration data — not actual University of Sydney results
WO-00197,CASE-001061,2025-04-15 14:32:00,2025-04-16 06:58:22,1,8,Teaching room equipment,Metro Building Care,3.63,10.96,1,0,188.09,Synthetic demonstration data — not actual University of Sydney results
WO-00198,CASE-000167,2025-03-20 13:14:00,2025-03-21 23:54:04,1,10,Accessibility,Metro Building Care,2.7,23.11,1,0,218.75,Synthetic demonstration data — not actual University of Sydney results
WO-00199,CASE-002072,2025-11-27 15:53:00,2025-11-28 09:06:33,1,9,Cleanliness,CampusWorks Services,5.02,11.48,1,0,165.39,Synthetic demonstration data — not actual University of Sydney results
WO-00200,CASE-001595,2025-07-21 10:31:00,2025-07-22 19:24:43,1,9,Study spaces,Metro Building Care,6.95,21.93,1,0,266.27,Synthetic demonstration data — not actual University of Sydney results
WO-00201,CASE-010124,2026-04-22 14:46:00,2026-04-24 00:59:53,2,8,Teaching room equipment,CampusWorks Services,5.14,22.82,1,0,371.23,Synthetic demonstration data — not actual University of Sydney results
WO-00202,CASE-002734,2025-03-15 15:20:00,2025-03-18 16:06:21,1,9,Study spaces,CampusWorks Services,8.18,48.52,1,0,715.3,Synthetic demonstration data — not actual University of Sydney results
WO-00203,CASE-015013,2026-03-31 13:59:00,2026-04-02 23:13:30,1,9,Study spaces,Metro Building Care,14.64,38.16,1,0,282.39,Synthetic demonstration data — not actual University of Sydney results
WO-00204,CASE-001554,2024-12-16 13:18:00,2024-12-18 05:38:46,1,9,HVAC and temperature,Metro Building Care,7.26,26.9,1,0,198.19,Synthetic demonstration data — not actual University of Sydney results
WO-00205,CASE-004068,2026-01-27 18:56:00,2026-01-28 15:54:48,1,9,Security and lighting,Metro Building Care,2.02,13.99,1,0,651.35,Synthetic demonstration data — not actual University of Sydney results
WO-00206,CASE-001444,2025-07-15 19:17:00,2025-07-16 20:09:40,2,9,HVAC and temperature,Metro Building Care,7.4,16.59,1,0,114.33,Synthetic demonstration data — not actual University of Sydney results
WO-00207,CASE-005518,2025-09-08 08:42:00,2025-09-08 20:01:26,1,10,Accessibility,Metro Building Care,4.72,7.55,1,0,622.46,Synthetic demonstration data — not actual University of Sydney results
WO-00208,CASE-003509,2025-04-21 10:46:00,2025-04-24 15:50:03,1,8,Teaching room equipment,Learning Spaces Technical,5.18,51.38,1,0,552.38,Synthetic demonstration data — not actual University of Sydney results
WO-00209,CASE-012320,2025-05-16 09:45:00,2025-05-21 07:48:18,1,10,Accessibility,Metro Building Care,2.66,78.7,1,1,115.37,Synthetic demonstration data — not actual University of Sydney results
WO-00210,CASE-002679,2026-04-27 16:47:00,2026-04-29 18:35:29,1,9,Study spaces,Metro Building Care,5.24,33.21,1,0,83.4,Synthetic demonstration data — not actual University of Sydney results
WO-00211,CASE-003070,2025-07-28 15:54:00,2025-07-31 20:30:10,1,9,Cleanliness,Metro Building Care,7.79,51.07,1,1,559.32,Synthetic demonstration data — not actual University of Sydney results
WO-00212,CASE-015033,2025-09-26 17:44:00,2025-09-27 13:03:37,1,9,HVAC and temperature,Metro Building Care,7.84,12.88,1,0,261.29,Synthetic demonstration data — not actual University of Sydney results
WO-00213,CASE-009345,2025-04-29 12:43:00,2025-05-01 05:17:47,1,9,HVAC and temperature,CampusWorks Services,7.88,27.05,1,1,438.83,Synthetic demonstration data — not actual University of Sydney results
WO-00214,CASE-005749,2025-09-08 20:12:00,2025-09-11 07:31:30,1,9,Security and lighting,CampusWorks Services,3.85,39.55,1,0,320.58,Synthetic demonstration data — not actual University of Sydney results
WO-00215,CASE-012136,2025-08-27 11:40:00,2025-08-31 04:36:51,1,9,Cleanliness,Learning Spaces Technical,2.2,59.3,1,0,166.09,Synthetic demonstration data — not actual University of Sydney results
WO-00216,CASE-009995,2026-03-06 12:23:00,2026-03-08 08:59:47,2,9,Study spaces,CampusWorks Services,4.41,29.74,1,0,166.71,Synthetic demonstration data — not actual University of Sydney results
WO-00217,CASE-009739,2026-04-08 10:39:00,2026-04-10 09:34:50,1,9,HVAC and temperature,Metro Building Care,2.82,31.29,1,0,353.82,Synthetic demonstration data — not actual University of Sydney results
WO-00218,CASE-007847,2025-03-24 15:01:00,2025-03-26 15:47:42,1,8,Teaching room equipment,Learning Spaces Technical,2.15,32.52,1,0,343.44,Synthetic demonstration data — not actual University of Sydney results
WO-00219,CASE-010854,2024-10-19 10:33:00,2024-10-20 10:02:32,1,8,Teaching room equipment,Metro Building Care,7.4,15.66,1,0,345.19,Synthetic demonstration data — not actual University of Sydney results
WO-00220,CASE-006753,2024-09-25 14:11:00,2024-09-26 19:56:06,1,9,Study spaces,CampusWorks Services,5.21,19.83,1,0,127.17,Synthetic demonstration data — not actual University of Sydney results
WO-00221,CASE-014238,2026-03-17 17:48:00,2026-03-22 15:48:10,1,9,Study spaces,Metro Building Care,13.47,78.67,1,0,335.5,Synthetic demonstration data — not actual University of Sydney results
WO-00222,CASE-004605,2024-10-22 20:18:00,2024-10-24 22:12:01,2,9,Study spaces,Learning Spaces Technical,4.64,33.27,1,0,359.83,Synthetic demonstration data — not actual University of Sydney results
WO-00223,CASE-011547,2026-03-27 10:57:00,2026-04-01 06:41:57,3,9,Cleanliness,Learning Spaces Technical,4.48,77.17,1,0,218.44,Synthetic demonstration data — not actual University of Sydney results
WO-00224,CASE-008598,2026-01-04 19:31:00,2026-01-06 11:29:41,1,10,Accessibility,Learning Spaces Technical,3.6,26.65,1,1,303.41,Synthetic demonstration data — not actual University of Sydney results
WO-00225,CASE-003338,2026-01-05 14:06:00,2026-01-07 09:44:17,1,9,Study spaces,CampusWorks Services,8.18,29.09,1,0,1363.65,Synthetic demonstration data — not actual University of Sydney results
WO-00226,CASE-006668,2026-01-21 10:17:00,2026-01-23 15:00:39,1,9,HVAC and temperature,Metro Building Care,7.52,35.15,0,0,303.13,Synthetic demonstration data — not actual University of Sydney results
WO-00227,CASE-010419,2025-06-09 10:41:00,2025-06-15 04:21:09,1,9,Study spaces,Metro Building Care,14.67,91.78,0,0,110.43,Synthetic demonstration data — not actual University of Sydney results
WO-00228,CASE-016646,2025-06-03 14:34:00,2025-06-06 04:19:08,1,9,Study spaces,Metro Building Care,4.22,41.17,1,0,409.64,Synthetic demonstration data — not actual University of Sydney results
WO-00229,CASE-013524,2026-08-11 13:58:00,2026-08-12 03:44:14,1,9,Security and lighting,CampusWorks Services,5.49,9.18,1,0,737.42,Synthetic demonstration data — not actual University of Sydney results
WO-00230,CASE-013567,2025-04-14 13:41:00,2025-04-19 19:22:27,1,9,Study spaces,Learning Spaces Technical,6.78,83.79,1,1,246.44,Synthetic demonstration data — not actual University of Sydney results
WO-00231,CASE-014052,2025-12-22 12:33:00,2025-12-24 01:46:13,1,8,Teaching room equipment,CampusWorks Services,3.7,24.81,1,0,583.52,Synthetic demonstration data — not actual University of Sydney results
WO-00232,CASE-017981,2025-07-12 19:37:00,2025-07-14 08:51:00,1,9,Study spaces,Learning Spaces Technical,8.16,24.82,1,0,332.62,Synthetic demonstration data — not actual University of Sydney results
WO-00233,CASE-005824,2025-05-11 18:24:00,2025-05-13 16:54:48,1,9,HVAC and temperature,Metro Building Care,8.24,31.01,1,0,397.2,Synthetic demonstration data — not actual University of Sydney results
WO-00234,CASE-012816,2024-09-16 19:54:00,2024-09-18 03:45:38,3,9,HVAC and temperature,Metro Building Care,5.25,21.24,1,1,240.16,Synthetic demonstration data — not actual University of Sydney results
WO-00235,CASE-008533,2025-09-28 16:35:00,2025-09-30 14:40:03,1,9,HVAC and temperature,CampusWorks Services,23.19,30.72,0,0,162.89,Synthetic demonstration data — not actual University of Sydney results
WO-00236,CASE-005827,2024-09-20 14:31:00,2024-09-22 03:54:13,1,9,HVAC and temperature,Learning Spaces Technical,5.3,24.92,1,0,322.83,Synthetic demonstration data — not actual University of Sydney results
WO-00237,CASE-010429,2025-12-12 18:17:00,2025-12-18 16:07:19,1,9,Study spaces,Learning Spaces Technical,7.5,94.56,1,0,314.21,Synthetic demonstration data — not actual University of Sydney results
WO-00238,CASE-004568,2025-06-23 10:55:00,2025-06-24 00:17:09,1,9,Security and lighting,Learning Spaces Technical,5.77,8.91,1,0,387.82,Synthetic demonstration data — not actual University of Sydney results
WO-00239,CASE-007198,2025-07-03 15:26:00,2025-07-06 01:41:59,1,10,Accessibility,Metro Building Care,6.98,38.84,1,0,318.72,Synthetic demonstration data — not actual University of Sydney results
WO-00240,CASE-015501,2026-07-20 16:43:00,2026-07-23 07:16:56,1,8,Teaching room equipment,Metro Building Care,4.1,41.71,1,0,242.15,Synthetic demonstration data — not actual University of Sydney results
WO-00241,CASE-017610,2024-09-13 17:14:00,2024-09-14 09:36:23,2,10,Accessibility,CampusWorks Services,2.29,10.92,1,0,236.48,Synthetic demonstration data — not actual University of Sydney results
WO-00242,CASE-006778,2025-08-08 17:48:00,2025-08-10 13:24:53,2,8,Teaching room equipment,CampusWorks Services,4.03,29.08,1,0,301.06,Synthetic demonstration data — not actual University of Sydney results
WO-00243,CASE-009423,2026-06-17 13:02:00,2026-06-18 11:39:46,1,9,Study spaces,CampusWorks Services,6.81,15.09,1,0,549.11,Synthetic demonstration data — not actual University of Sydney results
WO-00244,CASE-006097,2026-03-06 11:36:00,2026-03-07 17:46:57,1,10,Accessibility,CampusWorks Services,4.39,20.12,1,0,650.21,Synthetic demonstration data — not actual University of Sydney results
WO-00245,CASE-016027,2025-02-15 11:18:00,2025-02-18 23:06:22,1,9,Security and lighting,CampusWorks Services,3.47,55.87,1,0,231.11,Synthetic demonstration data — not actual University of Sydney results
WO-00246,CASE-008220,2024-11-19 13:31:00,2024-11-25 11:36:13,1,9,HVAC and temperature,Metro Building Care,6.67,94.72,1,0,964.12,Synthetic demonstration data — not actual University of Sydney results
WO-00247,CASE-004397,2026-02-24 15:02:00,2026-02-27 16:31:14,1,9,HVAC and temperature,Metro Building Care,3.78,48.99,1,1,197.98,Synthetic demonstration data — not actual University of Sydney results
WO-00248,CASE-000549,2025-03-07 18:22:00,2025-03-08 12:40:41,2,9,HVAC and temperature,CampusWorks Services,2.65,12.21,1,0,525.87,Synthetic demonstration data — not actual University of Sydney results
WO-00249,CASE-003821,2024-12-27 14:23:00,2024-12-28 00:25:19,1,9,Study spaces,CampusWorks Services,5.49,6.69,1,1,505.06,Synthetic demonstration data — not actual University of Sydney results
WO-00250,CASE-014750,2025-09-22 18:17:00,2025-09-23 04:34:55,2,9,Cleanliness,Metro Building Care,4.38,6.87,1,0,107.52,Synthetic demonstration data — not actual University of Sydney results
WO-00251,CASE-010894,2025-02-27 13:43:00,2025-02-28 09:55:17,1,8,Teaching room equipment,Learning Spaces Technical,3.42,13.47,0,0,239.87,Synthetic demonstration data — not actual University of Sydney results
WO-00252,CASE-017370,2026-07-03 13:30:00,2026-07-04 10:57:40,2,9,Study spaces,CampusWorks Services,13.31,14.31,1,0,273.92,Synthetic demonstration data — not actual University of Sydney results
WO-00253,CASE-001994,2025-04-21 16:35:00,2025-04-22 11:59:12,1,9,Security and lighting,Learning Spaces Technical,1.95,12.94,1,0,101.04,Synthetic demonstration data — not actual University of Sydney results
WO-00254,CASE-008690,2025-01-24 20:54:00,2025-01-25 11:51:58,1,9,Cleanliness,CampusWorks Services,5.29,9.98,1,0,233.13,Synthetic demonstration data — not actual University of Sydney results
WO-00255,CASE-002645,2024-12-17 16:08:00,2024-12-19 08:23:40,1,10,Accessibility,CampusWorks Services,2.72,26.84,1,0,695.93,Synthetic demonstration data — not actual University of Sydney results
WO-00256,CASE-005604,2025-03-05 09:44:00,2025-03-07 14:43:07,2,9,Study spaces,Learning Spaces Technical,3.68,35.32,1,0,245.58,Synthetic demonstration data — not actual University of Sydney results
WO-00257,CASE-014742,2026-05-14 19:49:00,2026-05-15 17:50:36,1,8,Teaching room equipment,Metro Building Care,2.66,14.68,1,0,407.05,Synthetic demonstration data — not actual University of Sydney results
WO-00258,CASE-008838,2025-11-20 10:13:00,2025-11-21 00:13:15,1,9,Security and lighting,CampusWorks Services,8.34,9.34,1,0,318.39,Synthetic demonstration data — not actual University of Sydney results
WO-00259,CASE-016919,2025-02-22 09:37:00,2025-02-23 21:37:40,1,9,Cleanliness,CampusWorks Services,6.8,24.01,0,0,442.71,Synthetic demonstration data — not actual University of Sydney results
WO-00260,CASE-014937,2025-12-14 16:14:00,2025-12-17 14:52:38,1,9,HVAC and temperature,CampusWorks Services,7.11,47.1,1,0,589.33,Synthetic demonstration data — not actual University of Sydney results
WO-00261,CASE-007207,2026-05-12 09:30:00,2026-05-14 05:56:13,1,9,HVAC and temperature,CampusWorks Services,28.62,29.62,1,0,310.47,Synthetic demonstration data — not actual University of Sydney results
WO-00262,CASE-012089,2025-12-31 12:55:00,2026-01-01 03:08:58,1,9,Cleanliness,CampusWorks Services,8.49,9.49,1,0,156.69,Synthetic demonstration data — not actual University of Sydney results
WO-00263,CASE-017321,2026-03-27 10:30:00,2026-03-30 04:12:21,2,8,Teaching room equipment,Metro Building Care,2.66,43.8,0,0,201.08,Synthetic demonstration data — not actual University of Sydney results
WO-00264,CASE-015930,2026-02-05 09:41:00,2026-02-06 01:36:22,1,9,Security and lighting,Metro Building Care,3.25,10.62,1,0,357.71,Synthetic demonstration data — not actual University of Sydney results
WO-00265,CASE-012382,2025-01-08 15:05:00,2025-01-10 04:27:48,3,8,Teaching room equipment,Metro Building Care,3.66,24.92,1,0,361.17,Synthetic demonstration data — not actual University of Sydney results
WO-00266,CASE-004151,2026-02-08 15:12:00,2026-02-09 23:49:08,1,9,Security and lighting,Learning Spaces Technical,2.9,21.75,0,1,539.41,Synthetic demonstration data — not actual University of Sydney results
WO-00267,CASE-009824,2025-10-04 16:12:00,2025-10-06 03:46:51,1,9,HVAC and temperature,Metro Building Care,7.01,23.72,1,0,719.19,Synthetic demonstration data — not actual University of Sydney results
WO-00268,CASE-014139,2026-01-13 17:33:00,2026-01-14 17:36:49,1,9,HVAC and temperature,Metro Building Care,15.04,16.04,0,0,125.84,Synthetic demonstration data — not actual University of Sydney results
WO-00269,CASE-015564,2025-03-14 13:44:00,2025-03-16 11:51:43,1,9,Cleanliness,Metro Building Care,4.8,30.75,1,0,238.88,Synthetic demonstration data — not actual University of Sydney results
WO-00270,CASE-012295,2026-02-01 13:42:00,2026-02-03 21:23:51,1,8,Teaching room equipment,Learning Spaces Technical,8.47,37.13,0,0,151.13,Synthetic demonstration data — not actual University of Sydney results
WO-00271,CASE-005747,2025-10-03 17:02:00,2025-10-05 13:42:12,1,10,Accessibility,Metro Building Care,5.33,29.78,0,0,1659.61,Synthetic demonstration data — not actual University of Sydney results
WO-00272,CASE-013705,2025-03-01 11:31:00,2025-03-02 02:54:55,1,10,Accessibility,Metro Building Care,2.11,10.27,1,0,643.27,Synthetic demonstration data — not actual University of Sydney results
WO-00273,CASE-000643,2026-02-25 17:11:00,2026-02-26 04:18:21,2,9,HVAC and temperature,CampusWorks Services,3.69,7.42,1,0,514.91,Synthetic demonstration data — not actual University of Sydney results
WO-00274,CASE-001856,2025-05-01 08:58:00,2025-05-07 07:46:48,1,9,Study spaces,Learning Spaces Technical,3.65,95.21,1,0,271.18,Synthetic demonstration data — not actual University of Sydney results
WO-00275,CASE-013153,2026-04-21 13:25:00,2026-04-23 08:34:06,1,9,HVAC and temperature,Learning Spaces Technical,10.19,28.77,1,0,287.42,Synthetic demonstration data — not actual University of Sydney results
WO-00276,CASE-010217,2025-09-22 16:43:00,2025-09-26 05:55:32,1,10,Accessibility,Learning Spaces Technical,5.41,56.81,1,0,133.31,Synthetic demonstration data — not actual University of Sydney results
WO-00277,CASE-005229,2026-07-23 17:12:00,2026-07-25 11:44:34,1,9,Security and lighting,Learning Spaces Technical,7.64,28.36,1,0,325.04,Synthetic demonstration data — not actual University of Sydney results
WO-00278,CASE-006243,2024-10-25 13:37:00,2024-10-26 03:10:51,1,9,Security and lighting,CampusWorks Services,3.97,9.04,1,0,518.04,Synthetic demonstration data — not actual University of Sydney results
WO-00279,CASE-007884,2026-04-23 08:22:00,2026-04-23 21:15:41,1,8,Teaching room equipment,CampusWorks Services,5.73,8.6,1,0,670.57,Synthetic demonstration data — not actual University of Sydney results
WO-00280,CASE-004366,2024-09-03 11:33:00,2024-09-04 10:02:45,1,8,Teaching room equipment,Metro Building Care,1.93,15.0,1,0,253.67,Synthetic demonstration data — not actual University of Sydney results
WO-00281,CASE-008406,2026-03-13 10:17:00,2026-03-16 20:26:58,1,9,HVAC and temperature,CampusWorks Services,6.38,54.78,1,1,752.25,Synthetic demonstration data — not actual University of Sydney results
WO-00282,CASE-015160,2025-01-08 15:20:00,2025-01-10 16:06:42,1,9,HVAC and temperature,Learning Spaces Technical,15.37,32.52,1,0,316.93,Synthetic demonstration data — not actual University of Sydney results
WO-00283,CASE-004765,2024-12-12 17:04:00,2024-12-13 01:30:53,1,9,Security and lighting,Metro Building Care,2.56,5.63,0,0,395.28,Synthetic demonstration data — not actual University of Sydney results
WO-00284,CASE-000103,2024-12-17 18:44:00,2024-12-18 17:09:52,1,10,Accessibility,Metro Building Care,5.62,14.95,1,0,191.4,Synthetic demonstration data — not actual University of Sydney results
WO-00285,CASE-014308,2024-09-05 17:17:00,2024-09-07 03:51:05,1,9,Cleanliness,Metro Building Care,12.89,23.05,1,0,213.81,Synthetic demonstration data — not actual University of Sydney results
WO-00286,CASE-002505,2026-03-27 16:39:00,2026-03-31 14:18:25,1,9,HVAC and temperature,Learning Spaces Technical,17.27,62.44,1,0,278.06,Synthetic demonstration data — not actual University of Sydney results
WO-00287,CASE-007543,2024-12-17 11:18:00,2024-12-19 15:58:06,1,10,Accessibility,Learning Spaces Technical,3.15,35.11,1,0,204.1,Synthetic demonstration data — not actual University of Sydney results
WO-00288,CASE-010284,2026-04-09 11:52:00,2026-04-09 23:47:50,1,9,Security and lighting,Learning Spaces Technical,6.95,7.95,1,0,121.4,Synthetic demonstration data — not actual University of Sydney results
WO-00289,CASE-010873,2025-01-06 17:59:00,2025-01-07 22:17:08,1,9,Cleanliness,Learning Spaces Technical,6.52,18.87,1,0,340.02,Synthetic demonstration data — not actual University of Sydney results
WO-00290,CASE-013577,2024-09-27 17:05:00,2024-09-28 09:45:02,3,9,Cleanliness,Metro Building Care,1.6,11.11,0,0,420.08,Synthetic demonstration data — not actual University of Sydney results
WO-00291,CASE-012563,2026-01-19 12:19:00,2026-01-22 00:22:08,1,8,Teaching room equipment,CampusWorks Services,3.31,40.03,1,1,354.51,Synthetic demonstration data — not actual University of Sydney results
WO-00292,CASE-008066,2025-02-12 09:36:00,2025-02-14 01:02:44,1,10,Accessibility,Learning Spaces Technical,3.47,26.3,1,0,240.97,Synthetic demonstration data — not actual University of Sydney results
WO-00293,CASE-012711,2025-01-01 12:21:00,2025-01-02 13:21:32,1,10,Accessibility,Metro Building Care,4.34,16.67,1,0,355.8,Synthetic demonstration data — not actual University of Sydney results
WO-00294,CASE-016779,2025-05-14 20:48:00,2025-05-16 10:16:05,1,9,Study spaces,Learning Spaces Technical,15.12,24.98,1,0,146.04,Synthetic demonstration data — not actual University of Sydney results
WO-00295,CASE-004170,2026-04-07 14:58:00,2026-04-15 12:08:04,1,9,Study spaces,CampusWorks Services,7.7,126.11,1,0,350.12,Synthetic demonstration data — not actual University of Sydney results
WO-00296,CASE-005968,2025-01-09 16:05:00,2025-01-11 18:43:44,1,8,Teaching room equipment,CampusWorks Services,2.02,33.76,1,0,777.14,Synthetic demonstration data — not actual University of Sydney results
WO-00297,CASE-001057,2025-07-04 15:21:00,2025-07-08 07:56:14,2,9,HVAC and temperature,Metro Building Care,6.91,59.06,1,0,156.72,Synthetic demonstration data — not actual University of Sydney results
WO-00298,CASE-014234,2025-06-24 15:24:00,2025-06-25 16:17:38,1,9,Security and lighting,Metro Building Care,6.46,16.6,1,0,820.25,Synthetic demonstration data — not actual University of Sydney results
WO-00299,CASE-002892,2025-07-20 19:28:00,2025-07-24 00:55:29,1,10,Accessibility,Metro Building Care,5.23,51.64,1,0,314.72,Synthetic demonstration data — not actual University of Sydney results
WO-00300,CASE-011656,2025-07-20 15:06:00,2025-07-21 08:24:48,1,9,Study spaces,CampusWorks Services,5.15,11.54,1,0,272.8,Synthetic demonstration data — not actual University of Sydney results
WO-00301,CASE-016722,2025-07-08 14:12:00,2025-07-09 23:40:12,2,10,Accessibility,Metro Building Care,21.31,22.31,1,0,177.07,Synthetic demonstration data — not actual University of Sydney results
WO-00302,CASE-008769,2026-07-21 19:05:00,2026-07-24 07:55:02,1,9,Security and lighting,Learning Spaces Technical,6.9,40.56,1,0,352.42,Synthetic demonstration data — not actual University of Sydney results
WO-00303,CASE-002058,2026-07-21 14:40:00,2026-07-23 12:29:26,3,9,HVAC and temperature,CampusWorks Services,5.39,30.55,1,0,478.12,Synthetic demonstration data — not actual University of Sydney results
WO-00304,CASE-001295,2026-01-20 15:28:00,2026-01-22 13:44:54,2,8,Teaching room equipment,Metro Building Care,3.5,30.85,1,0,454.49,Synthetic demonstration data — not actual University of Sydney results
WO-00305,CASE-008626,2025-09-26 17:57:00,2025-09-27 08:16:17,3,10,Accessibility,Learning Spaces Technical,1.84,9.55,1,0,210.88,Synthetic demonstration data — not actual University of Sydney results
WO-00306,CASE-000602,2025-07-10 19:57:00,2025-07-12 05:59:20,1,8,Teaching room equipment,Learning Spaces Technical,2.2,22.69,1,0,173.03,Synthetic demonstration data — not actual University of Sydney results
WO-00307,CASE-006775,2024-10-28 15:46:00,2024-10-29 22:33:53,1,10,Accessibility,Learning Spaces Technical,4.77,20.53,1,0,353.5,Synthetic demonstration data — not actual University of Sydney results
WO-00308,CASE-007453,2025-11-02 13:47:00,2025-11-04 07:59:05,1,9,HVAC and temperature,CampusWorks Services,16.91,28.13,1,0,208.14,Synthetic demonstration data — not actual University of Sydney results
WO-00309,CASE-014081,2024-09-21 10:01:00,2024-09-22 01:56:21,1,9,Security and lighting,Learning Spaces Technical,4.98,10.62,0,0,339.14,Synthetic demonstration data — not actual University of Sydney results
WO-00310,CASE-011420,2025-05-15 08:30:00,2025-05-16 02:49:37,1,9,Security and lighting,CampusWorks Services,4.52,12.22,1,0,114.11,Synthetic demonstration data — not actual University of Sydney results
WO-00311,CASE-011102,2025-05-07 18:03:00,2025-05-10 11:21:29,1,9,Study spaces,Metro Building Care,8.54,43.54,1,0,482.73,Synthetic demonstration data — not actual University of Sydney results
WO-00312,CASE-002413,2026-03-17 10:11:00,2026-03-23 07:53:35,1,9,Study spaces,Metro Building Care,6.85,94.47,1,0,384.07,Synthetic demonstration data — not actual University of Sydney results
WO-00313,CASE-005761,2024-12-16 10:46:00,2024-12-18 21:07:27,1,9,Cleanliness,Metro Building Care,2.93,38.91,1,0,138.73,Synthetic demonstration data — not actual University of Sydney results
WO-00314,CASE-016273,2025-06-01 11:47:00,2025-06-02 02:44:17,2,9,HVAC and temperature,Learning Spaces Technical,2.36,9.97,1,0,106.86,Synthetic demonstration data — not actual University of Sydney results
WO-00315,CASE-005790,2025-07-24 12:10:00,2025-07-26 21:57:53,1,9,Study spaces,Metro Building Care,5.4,38.53,1,0,328.93,Synthetic demonstration data — not actual University of Sydney results
WO-00316,CASE-013170,2024-12-06 14:50:00,2024-12-09 09:09:51,3,10,Accessibility,Metro Building Care,5.36,44.22,1,1,708.14,Synthetic demonstration data — not actual University of Sydney results
WO-00317,CASE-015734,2025-04-15 10:43:00,2025-04-17 00:54:43,2,8,Teaching room equipment,Metro Building Care,8.18,25.46,0,1,348.35,Synthetic demonstration data — not actual University of Sydney results
WO-00318,CASE-005867,2026-03-31 11:46:00,2026-04-02 23:11:01,1,9,Cleanliness,Metro Building Care,4.88,39.61,1,0,372.89,Synthetic demonstration data — not actual University of Sydney results
WO-00319,CASE-004752,2025-04-21 15:19:00,2025-04-27 02:15:00,1,9,HVAC and temperature,Metro Building Care,10.41,87.29,1,0,186.1,Synthetic demonstration data — not actual University of Sydney results
WO-00320,CASE-009984,2026-07-15 12:16:00,2026-07-16 12:16:19,3,8,Teaching room equipment,Learning Spaces Technical,3.53,16.0,1,0,383.65,Synthetic demonstration data — not actual University of Sydney results
WO-00321,CASE-005910,2024-09-24 17:30:00,2024-09-25 09:18:08,1,9,HVAC and temperature,CampusWorks Services,7.97,10.53,1,1,361.83,Synthetic demonstration data — not actual University of Sydney results
WO-00322,CASE-001631,2026-03-28 17:25:00,2026-03-30 23:45:53,1,9,HVAC and temperature,Metro Building Care,4.61,36.23,0,0,156.64,Synthetic demonstration data — not actual University of Sydney results
WO-00323,CASE-008855,2026-01-12 11:08:00,2026-01-14 10:40:40,1,10,Accessibility,CampusWorks Services,3.72,31.7,1,0,267.54,Synthetic demonstration data — not actual University of Sydney results
WO-00324,CASE-005544,2024-12-04 11:41:00,2024-12-05 21:28:04,3,10,Accessibility,Learning Spaces Technical,4.44,22.52,1,1,204.44,Synthetic demonstration data — not actual University of Sydney results
WO-00325,CASE-003997,2024-11-26 16:36:00,2024-11-27 09:15:59,1,8,Teaching room equipment,Metro Building Care,7.62,11.11,1,0,403.4,Synthetic demonstration data — not actual University of Sydney results
WO-00326,CASE-004795,2026-05-04 10:48:00,2026-05-05 10:41:52,3,8,Teaching room equipment,Metro Building Care,3.43,15.93,1,0,334.67,Synthetic demonstration data — not actual University of Sydney results
WO-00327,CASE-017373,2025-06-29 19:47:00,2025-07-02 12:56:36,1,8,Teaching room equipment,CampusWorks Services,6.92,43.44,1,0,351.55,Synthetic demonstration data — not actual University of Sydney results
WO-00328,CASE-010143,2024-10-23 15:13:00,2024-10-25 20:05:32,1,9,Cleanliness,CampusWorks Services,7.45,35.25,1,0,629.78,Synthetic demonstration data — not actual University of Sydney results
WO-00329,CASE-015286,2026-04-04 13:22:00,2026-04-06 15:41:25,2,9,Cleanliness,CampusWorks Services,1.61,33.55,1,0,186.41,Synthetic demonstration data — not actual University of Sydney results
WO-00330,CASE-012679,2025-09-19 14:05:00,2025-09-19 22:19:35,1,10,Accessibility,Learning Spaces Technical,2.74,5.5,1,0,987.79,Synthetic demonstration data — not actual University of Sydney results
WO-00331,CASE-000690,2025-11-09 16:17:00,2025-11-10 19:37:50,2,9,Study spaces,Metro Building Care,6.9,18.23,1,0,852.31,Synthetic demonstration data — not actual University of Sydney results
WO-00332,CASE-012223,2026-08-08 16:26:00,2026-08-09 03:42:36,1,9,Security and lighting,Learning Spaces Technical,2.6,7.52,1,0,98.12,Synthetic demonstration data — not actual University of Sydney results
WO-00333,CASE-007024,2025-05-07 16:31:00,2025-05-08 11:12:21,3,9,Cleanliness,Metro Building Care,3.53,12.46,1,0,79.28,Synthetic demonstration data — not actual University of Sydney results
WO-00334,CASE-015653,2025-03-01 16:24:00,2025-03-03 04:25:08,1,9,Security and lighting,CampusWorks Services,3.72,24.01,1,0,288.66,Synthetic demonstration data — not actual University of Sydney results
WO-00335,CASE-012977,2026-07-21 12:50:00,2026-07-22 06:39:02,1,9,Cleanliness,Metro Building Care,3.82,11.88,1,0,444.22,Synthetic demonstration data — not actual University of Sydney results
WO-00336,CASE-005123,2026-02-18 11:24:00,2026-02-21 20:30:07,1,10,Accessibility,CampusWorks Services,2.08,54.07,1,1,522.5,Synthetic demonstration data — not actual University of Sydney results
WO-00337,CASE-017190,2026-03-31 10:32:00,2026-04-02 05:12:29,2,10,Accessibility,Learning Spaces Technical,7.11,28.45,1,0,180.05,Synthetic demonstration data — not actual University of Sydney results
WO-00338,CASE-009460,2024-09-07 18:54:00,2024-09-09 21:25:41,1,9,Study spaces,CampusWorks Services,9.65,33.69,0,1,384.43,Synthetic demonstration data — not actual University of Sydney results
WO-00339,CASE-012755,2024-09-25 13:27:00,2024-09-26 11:02:53,1,10,Accessibility,Learning Spaces Technical,6.14,14.4,1,0,638.68,Synthetic demonstration data — not actual University of Sydney results
WO-00340,CASE-012632,2026-08-13 17:41:00,2026-08-14 20:35:47,1,9,Security and lighting,Learning Spaces Technical,5.59,17.94,1,0,512.46,Synthetic demonstration data — not actual University of Sydney results
WO-00341,CASE-013992,2024-11-10 11:01:00,2024-11-11 18:39:55,1,8,Teaching room equipment,CampusWorks Services,1.68,21.1,1,0,268.56,Synthetic demonstration data — not actual University of Sydney results
WO-00342,CASE-009615,2024-11-24 11:15:00,2024-11-26 05:25:01,1,9,Study spaces,Metro Building Care,9.67,28.11,0,0,370.13,Synthetic demonstration data — not actual University of Sydney results
WO-00343,CASE-001436,2024-11-17 12:44:00,2024-11-19 05:27:37,1,9,HVAC and temperature,Learning Spaces Technical,5.17,27.15,1,0,277.5,Synthetic demonstration data — not actual University of Sydney results
WO-00344,CASE-015469,2025-02-22 09:52:00,2025-02-22 20:43:51,3,9,HVAC and temperature,Metro Building Care,5.14,7.24,0,0,118.16,Synthetic demonstration data — not actual University of Sydney results
WO-00345,CASE-005840,2025-05-17 16:45:00,2025-05-19 06:39:54,2,9,Security and lighting,CampusWorks Services,2.68,25.28,1,0,172.41,Synthetic demonstration data — not actual University of Sydney results
WO-00346,CASE-015625,2026-03-02 10:00:00,2026-03-05 02:04:17,1,9,Security and lighting,CampusWorks Services,5.19,42.71,1,0,246.3,Synthetic demonstration data — not actual University of Sydney results
WO-00347,CASE-013290,2026-02-14 15:19:00,2026-02-17 17:01:12,1,9,HVAC and temperature,CampusWorks Services,8.79,49.14,1,0,440.3,Synthetic demonstration data — not actual University of Sydney results
WO-00348,CASE-004395,2025-09-19 13:58:00,2025-09-20 01:39:18,2,9,Cleanliness,Metro Building Care,5.73,7.79,1,0,279.09,Synthetic demonstration data — not actual University of Sydney results
WO-00349,CASE-014194,2026-06-24 16:12:00,2026-06-26 04:58:07,1,9,HVAC and temperature,Learning Spaces Technical,12.73,24.51,1,0,1026.12,Synthetic demonstration data — not actual University of Sydney results
WO-00350,CASE-001275,2025-07-10 15:05:00,2025-07-12 07:19:27,1,9,HVAC and temperature,Learning Spaces Technical,5.74,26.83,1,0,149.74,Synthetic demonstration data — not actual University of Sydney results
WO-00351,CASE-006643,2025-02-03 13:36:00,2025-02-04 23:28:08,2,9,HVAC and temperature,Learning Spaces Technical,3.74,22.58,1,0,152.09,Synthetic demonstration data — not actual University of Sydney results
WO-00352,CASE-007082,2026-04-24 14:15:00,2026-04-25 16:13:11,1,9,Study spaces,Learning Spaces Technical,4.75,17.31,1,0,246.41,Synthetic demonstration data — not actual University of Sydney results
WO-00353,CASE-003980,2025-07-24 17:29:00,2025-07-26 14:29:39,2,9,HVAC and temperature,CampusWorks Services,10.84,30.01,1,0,158.26,Synthetic demonstration data — not actual University of Sydney results
WO-00354,CASE-002181,2025-04-21 15:33:00,2025-04-22 09:03:49,2,9,HVAC and temperature,Metro Building Care,4.86,11.68,0,0,280.45,Synthetic demonstration data — not actual University of Sydney results
WO-00355,CASE-008623,2025-03-14 08:33:00,2025-03-16 22:36:59,1,10,Accessibility,Metro Building Care,8.21,41.38,0,0,348.55,Synthetic demonstration data — not actual University of Sydney results
WO-00356,CASE-010028,2026-08-15 11:51:00,2026-08-16 09:23:21,1,9,Cleanliness,Learning Spaces Technical,3.45,14.36,1,0,337.09,Synthetic demonstration data — not actual University of Sydney results
WO-00357,CASE-008426,2026-03-27 14:10:00,2026-03-28 21:31:44,3,9,Cleanliness,Metro Building Care,8.9,20.91,1,0,123.2,Synthetic demonstration data — not actual University of Sydney results
WO-00358,CASE-017856,2025-08-06 10:21:00,2025-08-08 21:56:43,1,9,HVAC and temperature,Learning Spaces Technical,3.48,39.73,1,0,1190.75,Synthetic demonstration data — not actual University of Sydney results
WO-00359,CASE-017303,2025-11-20 12:27:00,2025-11-21 19:11:36,2,9,Study spaces,CampusWorks Services,1.68,20.5,1,0,342.53,Synthetic demonstration data — not actual University of Sydney results
WO-00360,CASE-013968,2024-11-21 08:03:00,2024-11-23 20:07:41,1,10,Accessibility,CampusWorks Services,2.63,40.05,1,0,300.28,Synthetic demonstration data — not actual University of Sydney results
WO-00361,CASE-010956,2025-10-28 14:20:00,2025-10-30 18:36:44,1,9,Security and lighting,Learning Spaces Technical,6.76,34.85,0,0,129.41,Synthetic demonstration data — not actual University of Sydney results
WO-00362,CASE-013198,2025-04-08 09:53:00,2025-04-08 18:09:21,1,9,Cleanliness,CampusWorks Services,4.52,5.52,1,0,521.01,Synthetic demonstration data — not actual University of Sydney results
WO-00363,CASE-006157,2026-01-22 14:27:00,2026-01-24 05:56:51,1,10,Accessibility,Metro Building Care,4.79,26.33,1,0,432.91,Synthetic demonstration data — not actual University of Sydney results
WO-00364,CASE-017734,2024-10-18 15:39:00,2024-10-20 06:41:34,3,9,HVAC and temperature,Metro Building Care,1.05,26.03,1,0,594.35,Synthetic demonstration data — not actual University of Sydney results
WO-00365,CASE-013541,2025-02-13 18:52:00,2025-02-14 09:22:38,1,8,Teaching room equipment,CampusWorks Services,4.03,9.67,1,0,223.17,Synthetic demonstration data — not actual University of Sydney results
WO-00366,CASE-015369,2026-08-07 18:46:00,2026-08-09 18:19:30,1,9,Study spaces,Learning Spaces Technical,12.41,31.71,1,0,1165.37,Synthetic demonstration data — not actual University of Sydney results
WO-00367,CASE-013479,2026-01-14 13:09:00,2026-01-16 18:42:17,2,9,HVAC and temperature,CampusWorks Services,4.23,35.7,1,0,459.02,Synthetic demonstration data — not actual University of Sydney results
WO-00368,CASE-010052,2025-02-26 15:20:00,2025-02-28 06:49:26,2,9,Study spaces,Learning Spaces Technical,4.04,26.33,1,0,411.64,Synthetic demonstration data — not actual University of Sydney results
WO-00369,CASE-010812,2025-10-30 16:49:00,2025-10-31 20:35:48,1,10,Accessibility,CampusWorks Services,9.76,18.52,0,1,1129.03,Synthetic demonstration data — not actual University of Sydney results
WO-00370,CASE-009466,2024-10-19 14:40:00,2024-10-21 03:11:23,1,8,Teaching room equipment,CampusWorks Services,7.62,24.35,1,0,221.83,Synthetic demonstration data — not actual University of Sydney results
WO-00371,CASE-000286,2026-03-28 18:34:00,2026-03-30 02:55:13,2,9,HVAC and temperature,CampusWorks Services,3.35,21.57,1,1,651.41,Synthetic demonstration data — not actual University of Sydney results
WO-00372,CASE-006580,2025-08-28 18:58:00,2025-08-29 12:05:13,1,9,Cleanliness,Metro Building Care,4.62,11.41,1,1,805.2,Synthetic demonstration data — not actual University of Sydney results
WO-00373,CASE-003069,2025-11-02 17:22:00,2025-11-05 21:55:35,1,8,Teaching room equipment,Metro Building Care,4.95,51.04,0,0,355.38,Synthetic demonstration data — not actual University of Sydney results
WO-00374,CASE-013575,2025-04-11 13:29:00,2025-04-12 05:08:27,2,10,Accessibility,Metro Building Care,1.5,10.44,1,0,160.75,Synthetic demonstration data — not actual University of Sydney results
WO-00375,CASE-012078,2024-11-11 08:06:00,2024-11-12 18:33:44,1,9,Security and lighting,Metro Building Care,4.41,22.97,1,0,781.26,Synthetic demonstration data — not actual University of Sydney results
WO-00376,CASE-012453,2025-07-24 11:54:00,2025-07-25 13:34:52,1,9,Security and lighting,CampusWorks Services,11.67,17.12,1,0,219.96,Synthetic demonstration data — not actual University of Sydney results
WO-00377,CASE-011056,2025-06-26 13:56:00,2025-06-26 23:47:49,2,9,Cleanliness,CampusWorks Services,2.98,6.58,1,0,604.95,Synthetic demonstration data — not actual University of Sydney results
WO-00378,CASE-007088,2025-12-01 15:47:00,2025-12-04 07:22:26,1,9,Study spaces,Metro Building Care,9.94,42.39,1,1,159.17,Synthetic demonstration data — not actual University of Sydney results
WO-00379,CASE-017012,2025-07-10 08:38:00,2025-07-13 01:36:20,1,9,Security and lighting,CampusWorks Services,22.03,43.31,1,0,903.24,Synthetic demonstration data — not actual University of Sydney results
WO-00380,CASE-008122,2024-12-16 15:10:00,2024-12-18 16:03:23,1,10,Accessibility,Learning Spaces Technical,1.45,32.59,1,0,343.02,Synthetic demonstration data — not actual University of Sydney results
WO-00381,CASE-011278,2025-05-15 13:47:00,2025-05-17 23:37:22,2,9,Study spaces,Metro Building Care,2.2,38.56,1,0,262.15,Synthetic demonstration data — not actual University of Sydney results
WO-00382,CASE-004287,2026-01-26 15:34:00,2026-01-27 17:09:29,1,9,Study spaces,Metro Building Care,4.94,17.06,0,0,414.44,Synthetic demonstration data — not actual University of Sydney results
WO-00383,CASE-008641,2026-03-06 17:28:00,2026-03-07 12:50:54,2,10,Accessibility,Metro Building Care,3.08,12.92,1,0,580.49,Synthetic demonstration data — not actual University of Sydney results
WO-00384,CASE-006379,2025-06-10 18:07:00,2025-06-16 05:26:59,1,9,Study spaces,CampusWorks Services,8.54,87.56,1,0,404.17,Synthetic demonstration data — not actual University of Sydney results
WO-00385,CASE-002044,2025-07-30 15:49:00,2025-08-02 01:39:16,1,9,HVAC and temperature,Learning Spaces Technical,20.79,38.56,1,0,203.59,Synthetic demonstration data — not actual University of Sydney results
WO-00386,CASE-008152,2026-04-14 10:01:00,2026-04-18 01:48:54,1,9,Security and lighting,CampusWorks Services,3.84,58.53,1,0,490.5,Synthetic demonstration data — not actual University of Sydney results
WO-00387,CASE-016988,2025-08-31 12:19:00,2025-09-01 13:26:45,1,9,HVAC and temperature,Learning Spaces Technical,15.75,16.75,1,0,446.29,Synthetic demonstration data — not actual University of Sydney results
WO-00388,CASE-007109,2026-02-09 11:46:00,2026-02-12 01:07:42,1,9,Study spaces,Metro Building Care,10.99,40.91,1,0,708.71,Synthetic demonstration data — not actual University of Sydney results
WO-00389,CASE-014864,2026-03-16 08:15:00,2026-03-16 23:38:52,3,10,Accessibility,Metro Building Care,4.03,10.27,1,0,177.84,Synthetic demonstration data — not actual University of Sydney results
WO-00390,CASE-016173,2026-01-21 17:22:00,2026-01-24 22:42:34,1,9,HVAC and temperature,CampusWorks Services,10.93,51.56,1,0,170.27,Synthetic demonstration data — not actual University of Sydney results
WO-00391,CASE-001694,2025-10-23 17:35:00,2025-10-25 04:26:52,1,9,Study spaces,CampusWorks Services,11.08,23.24,1,1,408.82,Synthetic demonstration data — not actual University of Sydney results
WO-00392,CASE-000214,2025-07-28 11:33:00,2025-07-29 10:15:40,3,8,Teaching room equipment,CampusWorks Services,2.74,15.14,1,0,286.87,Synthetic demonstration data — not actual University of Sydney results
WO-00393,CASE-011528,2025-03-14 15:08:00,2025-03-15 17:27:49,1,9,Security and lighting,CampusWorks Services,7.53,17.55,1,0,120.0,Synthetic demonstration data — not actual University of Sydney results
WO-00394,CASE-000974,2025-07-04 15:59:00,2025-07-05 20:20:40,1,9,HVAC and temperature,CampusWorks Services,5.17,18.91,1,1,442.99,Synthetic demonstration data — not actual University of Sydney results
WO-00395,CASE-012416,2025-12-16 16:51:00,2025-12-17 04:45:14,1,10,Accessibility,CampusWorks Services,6.23,7.94,1,0,226.34,Synthetic demonstration data — not actual University of Sydney results
WO-00396,CASE-004324,2026-03-10 13:25:00,2026-03-14 08:47:20,1,9,HVAC and temperature,CampusWorks Services,8.4,60.91,1,1,301.84,Synthetic demonstration data — not actual University of Sydney results
WO-00397,CASE-002740,2024-11-21 16:21:00,2024-11-22 20:16:52,2,9,Study spaces,Learning Spaces Technical,3.53,18.62,1,0,301.38,Synthetic demonstration data — not actual University of Sydney results
WO-00398,CASE-008113,2025-08-02 12:32:00,2025-08-03 10:49:20,1,9,Cleanliness,CampusWorks Services,3.82,14.86,1,1,95.36,Synthetic demonstration data — not actual University of Sydney results
WO-00399,CASE-009361,2025-11-28 18:57:00,2025-11-29 21:16:06,1,9,Study spaces,CampusWorks Services,12.54,17.55,1,0,299.01,Synthetic demonstration data — not actual University of Sydney results
WO-00400,CASE-000060,2025-07-09 19:13:00,2025-07-11 04:37:26,1,8,Teaching room equipment,Learning Spaces Technical,4.56,22.27,1,0,69.9,Synthetic demonstration data — not actual University of Sydney results
WO-00401,CASE-007166,2026-05-01 15:32:00,2026-05-05 22:13:02,1,9,Study spaces,CampusWorks Services,4.38,68.46,1,1,456.27,Synthetic demonstration data — not actual University of Sydney results
WO-00402,CASE-008179,2025-04-03 14:18:00,2025-04-04 03:09:14,1,10,Accessibility,Learning Spaces Technical,2.33,8.57,1,0,399.52,Synthetic demonstration data — not actual University of Sydney results
WO-00403,CASE-016232,2025-01-28 08:30:00,2025-01-30 20:13:34,1,9,Study spaces,Metro Building Care,4.96,39.82,1,0,383.8,Synthetic demonstration data — not actual University of Sydney results
WO-00404,CASE-003080,2026-01-15 17:53:00,2026-01-17 03:28:09,1,9,HVAC and temperature,Metro Building Care,8.62,22.39,0,0,55.9,Synthetic demonstration data — not actual University of Sydney results
WO-00405,CASE-009277,2025-06-18 15:39:00,2025-06-23 06:58:05,1,9,HVAC and temperature,Metro Building Care,1.87,74.21,1,0,199.89,Synthetic demonstration data — not actual University of Sydney results
WO-00406,CASE-015167,2025-01-16 11:59:00,2025-01-18 08:18:36,1,9,Security and lighting,CampusWorks Services,5.79,29.55,1,0,143.99,Synthetic demonstration data — not actual University of Sydney results
WO-00407,CASE-017122,2026-08-13 14:53:00,2026-08-15 00:33:14,1,9,Study spaces,Learning Spaces Technical,8.04,22.45,1,0,102.05,Synthetic demonstration data — not actual University of Sydney results
WO-00408,CASE-017210,2025-07-16 12:18:00,2025-07-17 01:17:29,1,9,HVAC and temperature,Learning Spaces Technical,5.18,8.66,1,0,314.89,Synthetic demonstration data — not actual University of Sydney results
WO-00409,CASE-012859,2025-01-08 09:03:00,2025-01-10 01:01:06,2,9,HVAC and temperature,CampusWorks Services,6.28,26.65,1,0,901.0,Synthetic demonstration data — not actual University of Sydney results
WO-00410,CASE-007052,2024-10-28 10:43:00,2024-10-29 11:40:29,1,9,Cleanliness,Metro Building Care,3.01,16.64,1,0,337.96,Synthetic demonstration data — not actual University of Sydney results
WO-00411,CASE-009661,2024-10-28 18:54:00,2024-10-31 14:45:05,1,9,Study spaces,Metro Building Care,6.18,45.23,1,1,589.75,Synthetic demonstration data — not actual University of Sydney results
WO-00412,CASE-002075,2025-07-18 10:23:00,2025-07-19 22:55:12,1,9,Cleanliness,CampusWorks Services,7.22,24.36,1,0,193.61,Synthetic demonstration data — not actual University of Sydney results
WO-00413,CASE-016507,2025-03-27 15:36:00,2025-03-30 18:42:52,1,9,Study spaces,Learning Spaces Technical,7.86,50.08,1,0,285.77,Synthetic demonstration data — not actual University of Sydney results
WO-00414,CASE-000906,2025-12-24 08:39:00,2025-12-25 08:41:20,1,8,Teaching room equipment,Metro Building Care,3.02,16.03,1,1,198.55,Synthetic demonstration data — not actual University of Sydney results
WO-00415,CASE-012917,2026-04-13 16:45:00,2026-04-17 00:38:23,2,9,Study spaces,Metro Building Care,8.11,53.26,1,0,287.33,Synthetic demonstration data — not actual University of Sydney results
WO-00416,CASE-002738,2025-08-05 13:44:00,2025-08-09 13:22:59,2,9,Study spaces,Learning Spaces Technical,3.29,63.77,1,0,119.75,Synthetic demonstration data — not actual University of Sydney results
WO-00417,CASE-002216,2025-02-04 14:18:00,2025-02-05 15:46:20,1,10,Accessibility,Learning Spaces Technical,5.24,16.98,0,0,342.09,Synthetic demonstration data — not actual University of Sydney results
WO-00418,CASE-006747,2026-02-17 14:59:00,2026-02-20 18:18:18,1,10,Accessibility,Learning Spaces Technical,3.23,50.21,0,0,574.59,Synthetic demonstration data — not actual University of Sydney results
WO-00419,CASE-003313,2024-09-06 17:24:00,2024-09-07 07:14:41,1,10,Accessibility,CampusWorks Services,5.95,9.23,1,0,186.19,Synthetic demonstration data — not actual University of Sydney results
WO-00420,CASE-013466,2025-10-30 18:01:00,2025-11-01 16:54:16,1,9,Study spaces,CampusWorks Services,12.7,31.26,1,0,537.87,Synthetic demonstration data — not actual University of Sydney results
WO-00421,CASE-005166,2026-02-19 10:55:00,2026-02-21 04:31:20,2,10,Accessibility,CampusWorks Services,3.71,27.74,1,0,700.72,Synthetic demonstration data — not actual University of Sydney results
WO-00422,CASE-011009,2026-06-28 18:55:00,2026-07-01 07:01:34,1,9,Study spaces,Metro Building Care,3.46,40.07,1,0,263.11,Synthetic demonstration data — not actual University of Sydney results
WO-00423,CASE-010748,2026-03-23 12:57:00,2026-03-25 08:11:16,1,9,HVAC and temperature,CampusWorks Services,13.26,28.83,0,0,301.4,Synthetic demonstration data — not actual University of Sydney results
WO-00424,CASE-017987,2025-08-24 16:59:00,2025-08-26 15:12:30,1,9,HVAC and temperature,Learning Spaces Technical,3.37,30.82,1,0,467.01,Synthetic demonstration data — not actual University of Sydney results
WO-00425,CASE-008685,2025-03-22 17:37:00,2025-03-24 18:36:10,1,9,HVAC and temperature,CampusWorks Services,17.36,32.66,0,0,2353.14,Synthetic demonstration data — not actual University of Sydney results
WO-00426,CASE-016268,2025-12-12 10:02:00,2025-12-13 01:26:11,3,9,HVAC and temperature,CampusWorks Services,5.9,10.27,1,0,229.09,Synthetic demonstration data — not actual University of Sydney results
WO-00427,CASE-011325,2025-11-12 14:14:00,2025-11-13 04:40:31,1,8,Teaching room equipment,CampusWorks Services,8.63,9.63,1,0,433.8,Synthetic demonstration data — not actual University of Sydney results
WO-00428,CASE-015454,2024-11-15 09:47:00,2024-11-16 16:19:26,1,9,Security and lighting,Learning Spaces Technical,2.32,20.36,1,1,838.84,Synthetic demonstration data — not actual University of Sydney results
WO-00429,CASE-003071,2026-06-30 10:38:00,2026-07-03 12:05:52,1,8,Teaching room equipment,CampusWorks Services,4.32,48.98,1,0,389.38,Synthetic demonstration data — not actual University of Sydney results
WO-00430,CASE-016067,2024-11-25 10:52:00,2024-11-26 15:50:27,1,9,Security and lighting,Metro Building Care,4.42,19.32,1,0,78.67,Synthetic demonstration data — not actual University of Sydney results
WO-00431,CASE-005468,2026-05-21 09:57:00,2026-05-25 01:34:24,2,10,Accessibility,Metro Building Care,6.01,58.42,0,0,1249.3,Synthetic demonstration data — not actual University of Sydney results
WO-00432,CASE-011132,2026-03-16 18:17:00,2026-03-18 07:42:29,3,10,Accessibility,Learning Spaces Technical,2.85,24.95,1,0,106.92,Synthetic demonstration data — not actual University of Sydney results
WO-00433,CASE-014970,2024-12-24 09:43:00,2024-12-26 11:25:03,1,10,Accessibility,Learning Spaces Technical,9.66,33.13,1,0,327.56,Synthetic demonstration data — not actual University of Sydney results
WO-00434,CASE-013628,2025-03-13 14:53:00,2025-03-14 18:57:53,2,10,Accessibility,CampusWorks Services,7.46,18.72,1,0,1138.97,Synthetic demonstration data — not actual University of Sydney results
WO-00435,CASE-005895,2024-09-19 17:57:00,2024-09-24 14:58:02,1,9,HVAC and temperature,Metro Building Care,5.33,78.01,1,0,189.68,Synthetic demonstration data — not actual University of Sydney results
WO-00436,CASE-002662,2025-07-23 15:54:00,2025-07-25 11:18:17,1,9,Study spaces,Metro Building Care,6.06,28.94,0,0,277.31,Synthetic demonstration data — not actual University of Sydney results
WO-00437,CASE-000671,2026-02-09 10:41:00,2026-02-12 04:51:41,1,10,Accessibility,Learning Spaces Technical,2.4,44.12,1,0,429.32,Synthetic demonstration data — not actual University of Sydney results
WO-00438,CASE-005490,2025-03-27 16:38:00,2025-03-28 16:13:48,1,9,Study spaces,Metro Building Care,3.87,15.73,1,0,604.65,Synthetic demonstration data — not actual University of Sydney results
WO-00439,CASE-009576,2025-09-18 13:19:00,2025-09-18 23:58:24,1,9,Security and lighting,Learning Spaces Technical,2.34,7.1,1,0,151.66,Synthetic demonstration data — not actual University of Sydney results
WO-00440,CASE-010097,2025-10-31 10:51:00,2025-11-02 18:15:21,2,9,Security and lighting,Metro Building Care,6.27,36.94,1,0,173.81,Synthetic demonstration data — not actual University of Sydney results
WO-00441,CASE-003908,2025-09-25 13:49:00,2025-09-26 02:14:52,3,9,HVAC and temperature,Metro Building Care,7.29,8.29,1,0,272.58,Synthetic demonstration data — not actual University of Sydney results
WO-00442,CASE-015799,2026-01-28 09:58:00,2026-01-29 04:22:26,2,9,HVAC and temperature,CampusWorks Services,5.22,12.27,1,0,778.85,Synthetic demonstration data — not actual University of Sydney results
WO-00443,CASE-004273,2025-07-30 15:48:00,2025-08-01 02:34:33,2,8,Teaching room equipment,Metro Building Care,6.1,23.18,1,0,550.46,Synthetic demonstration data — not actual University of Sydney results
WO-00444,CASE-005328,2025-06-19 08:37:00,2025-06-20 11:09:24,1,9,Study spaces,CampusWorks Services,6.95,17.69,0,0,618.2,Synthetic demonstration data — not actual University of Sydney results
WO-00445,CASE-004587,2026-02-12 18:47:00,2026-02-13 10:58:13,3,9,Cleanliness,CampusWorks Services,2.82,10.79,1,0,204.52,Synthetic demonstration data — not actual University of Sydney results
WO-00446,CASE-007056,2026-06-05 12:14:00,2026-06-06 13:57:14,1,9,Cleanliness,Learning Spaces Technical,4.28,17.15,1,0,156.41,Synthetic demonstration data — not actual University of Sydney results
WO-00447,CASE-002310,2026-06-25 13:18:00,2026-06-26 13:13:22,1,8,Teaching room equipment,Metro Building Care,3.91,15.95,1,0,315.88,Synthetic demonstration data — not actual University of Sydney results
WO-00448,CASE-015323,2025-07-08 14:39:00,2025-07-09 05:48:01,3,9,HVAC and temperature,Learning Spaces Technical,9.1,10.1,1,0,722.94,Synthetic demonstration data — not actual University of Sydney results
WO-00449,CASE-000362,2025-09-15 17:29:00,2025-09-17 01:39:42,1,8,Teaching room equipment,Metro Building Care,3.59,21.45,0,0,74.68,Synthetic demonstration data — not actual University of Sydney results
WO-00450,CASE-011896,2026-03-29 12:27:00,2026-03-31 11:07:54,1,9,Study spaces,Learning Spaces Technical,12.44,31.12,1,0,384.31,Synthetic demonstration data — not actual University of Sydney results
WO-00451,CASE-005277,2025-08-16 14:18:00,2025-08-20 07:57:17,1,9,HVAC and temperature,CampusWorks Services,7.06,59.77,1,0,216.98,Synthetic demonstration data — not actual University of Sydney results
WO-00452,CASE-009188,2024-09-18 14:42:00,2024-09-19 21:36:12,1,9,Study spaces,Learning Spaces Technical,3.44,20.6,0,1,452.95,Synthetic demonstration data — not actual University of Sydney results
WO-00453,CASE-013293,2026-03-03 12:29:00,2026-03-04 11:52:50,3,9,Security and lighting,Metro Building Care,5.11,15.6,1,0,342.42,Synthetic demonstration data — not actual University of Sydney results
WO-00454,CASE-002335,2025-11-25 09:14:00,2025-11-26 20:34:36,1,8,Teaching room equipment,Learning Spaces Technical,5.11,23.56,1,0,312.17,Synthetic demonstration data — not actual University of Sydney results
WO-00455,CASE-012487,2024-09-14 16:53:00,2024-09-17 12:38:52,1,9,Study spaces,Learning Spaces Technical,6.16,45.18,1,0,162.45,Synthetic demonstration data — not actual University of Sydney results
WO-00456,CASE-007581,2024-11-26 15:02:00,2024-11-29 19:30:56,1,9,Study spaces,CampusWorks Services,5.96,50.99,1,0,48.88,Synthetic demonstration data — not actual University of Sydney results
WO-00457,CASE-013519,2025-05-23 12:15:00,2025-05-24 17:22:32,1,9,HVAC and temperature,Metro Building Care,4.01,19.42,1,0,717.03,Synthetic demonstration data — not actual University of Sydney results
WO-00458,CASE-011942,2024-12-31 16:10:00,2025-01-02 22:22:53,1,9,Study spaces,CampusWorks Services,6.77,36.14,1,1,94.54,Synthetic demonstration data — not actual University of Sydney results
WO-00459,CASE-017968,2026-04-25 19:17:00,2026-04-27 12:25:56,1,9,HVAC and temperature,Learning Spaces Technical,15.81,27.43,1,0,538.7,Synthetic demonstration data — not actual University of Sydney results
WO-00460,CASE-010691,2025-07-22 19:13:00,2025-07-23 14:35:17,2,9,Study spaces,CampusWorks Services,8.67,12.91,1,0,123.94,Synthetic demonstration data — not actual University of Sydney results
WO-00461,CASE-006820,2026-02-11 20:32:00,2026-02-15 07:45:07,1,9,HVAC and temperature,Learning Spaces Technical,7.41,55.48,1,0,328.43,Synthetic demonstration data — not actual University of Sydney results
WO-00462,CASE-004117,2024-12-03 10:04:00,2024-12-04 15:22:38,1,9,Security and lighting,CampusWorks Services,5.26,19.54,1,0,64.39,Synthetic demonstration data — not actual University of Sydney results
WO-00463,CASE-012293,2025-03-10 19:11:00,2025-03-12 10:21:11,1,9,Cleanliness,Metro Building Care,4.67,26.11,1,0,466.96,Synthetic demonstration data — not actual University of Sydney results
WO-00464,CASE-010218,2026-07-13 15:39:00,2026-07-14 07:20:09,2,9,Security and lighting,Metro Building Care,3.32,10.46,1,0,251.77,Synthetic demonstration data — not actual University of Sydney results
WO-00465,CASE-014425,2025-05-28 12:50:00,2025-06-04 09:46:51,1,9,Study spaces,Metro Building Care,8.01,109.97,1,0,347.94,Synthetic demonstration data — not actual University of Sydney results
WO-00466,CASE-008881,2025-10-06 09:14:00,2025-10-09 15:49:05,1,9,HVAC and temperature,Learning Spaces Technical,4.81,52.39,1,0,352.1,Synthetic demonstration data — not actual University of Sydney results
WO-00467,CASE-015786,2026-07-21 15:24:00,2026-07-26 03:59:46,1,9,Study spaces,Metro Building Care,7.99,72.4,0,0,722.27,Synthetic demonstration data — not actual University of Sydney results
WO-00468,CASE-000788,2024-09-05 12:19:00,2024-09-07 10:44:17,1,8,Teaching room equipment,Metro Building Care,2.22,30.95,1,0,144.48,Synthetic demonstration data — not actual University of Sydney results
WO-00469,CASE-001091,2024-09-02 09:15:00,2024-09-03 03:44:47,1,8,Teaching room equipment,Metro Building Care,7.32,12.33,1,0,183.6,Synthetic demonstration data — not actual University of Sydney results
WO-00470,CASE-015168,2025-06-23 09:01:00,2025-06-24 21:20:16,1,9,Security and lighting,CampusWorks Services,3.96,24.21,1,0,595.74,Synthetic demonstration data — not actual University of Sydney results
WO-00471,CASE-013448,2025-08-24 13:55:00,2025-08-27 02:07:27,1,9,Security and lighting,Metro Building Care,3.91,40.14,1,0,417.14,Synthetic demonstration data — not actual University of Sydney results
WO-00472,CASE-009878,2025-12-31 16:03:00,2026-01-07 10:17:26,1,9,Study spaces,Learning Spaces Technical,17.51,108.16,1,1,476.79,Synthetic demonstration data — not actual University of Sydney results
WO-00473,CASE-010272,2026-03-04 14:51:00,2026-03-06 10:45:26,1,9,Security and lighting,Learning Spaces Technical,6.35,29.27,1,1,133.04,Synthetic demonstration data — not actual University of Sydney results
WO-00474,CASE-005016,2025-10-25 18:57:00,2025-10-26 15:40:54,3,9,Security and lighting,Learning Spaces Technical,4.82,13.82,1,0,1263.47,Synthetic demonstration data — not actual University of Sydney results
WO-00475,CASE-004551,2024-12-31 10:34:00,2025-01-01 09:55:37,1,10,Accessibility,Learning Spaces Technical,4.61,15.57,1,0,569.65,Synthetic demonstration data — not actual University of Sydney results
WO-00476,CASE-016388,2026-08-13 11:28:00,2026-08-15 04:40:46,2,9,Security and lighting,CampusWorks Services,26.48,27.48,1,0,625.42,Synthetic demonstration data — not actual University of Sydney results
WO-00477,CASE-014330,2025-02-20 13:11:00,2025-02-21 16:10:35,1,9,Cleanliness,Learning Spaces Technical,11.25,18.0,1,0,516.64,Synthetic demonstration data — not actual University of Sydney results
WO-00478,CASE-012291,2025-06-07 19:09:00,2025-06-10 01:17:43,1,9,Cleanliness,Metro Building Care,4.49,36.1,1,0,279.54,Synthetic demonstration data — not actual University of Sydney results
WO-00479,CASE-002406,2026-07-02 10:46:00,2026-07-03 07:58:18,1,10,Accessibility,Metro Building Care,6.73,14.14,0,0,571.33,Synthetic demonstration data — not actual University of Sydney results
WO-00480,CASE-006996,2026-03-19 17:09:00,2026-03-21 22:16:31,1,8,Teaching room equipment,Learning Spaces Technical,9.67,35.42,1,0,111.88,Synthetic demonstration data — not actual University of Sydney results
WO-00481,CASE-005421,2026-07-28 14:23:00,2026-07-29 23:47:56,1,8,Teaching room equipment,Metro Building Care,3.16,22.28,1,0,292.48,Synthetic demonstration data — not actual University of Sydney results
WO-00482,CASE-004662,2025-10-01 13:48:00,2025-10-04 08:39:22,3,9,Security and lighting,Learning Spaces Technical,8.44,44.57,1,0,1047.95,Synthetic demonstration data — not actual University of Sydney results
WO-00483,CASE-012733,2025-11-29 09:24:00,2025-11-30 03:51:31,1,9,HVAC and temperature,Learning Spaces Technical,7.27,12.31,1,0,217.52,Synthetic demonstration data — not actual University of Sydney results
WO-00484,CASE-001900,2025-03-05 11:02:00,2025-03-05 22:56:07,2,8,Teaching room equipment,CampusWorks Services,4.66,7.93,1,0,229.62,Synthetic demonstration data — not actual University of Sydney results
WO-00485,CASE-004138,2024-10-14 10:48:00,2024-10-15 09:40:09,2,9,HVAC and temperature,CampusWorks Services,9.97,15.25,1,0,153.51,Synthetic demonstration data — not actual University of Sydney results
WO-00486,CASE-000076,2025-04-07 19:25:00,2025-04-12 02:55:07,1,9,HVAC and temperature,Metro Building Care,2.14,69.0,0,0,81.38,Synthetic demonstration data — not actual University of Sydney results
WO-00487,CASE-013341,2025-07-04 14:33:00,2025-07-05 15:46:18,1,9,Security and lighting,Learning Spaces Technical,7.66,16.81,1,0,550.79,Synthetic demonstration data — not actual University of Sydney results
WO-00488,CASE-005031,2025-02-26 13:35:00,2025-02-27 08:53:54,2,9,Study spaces,Learning Spaces Technical,9.74,12.88,1,0,267.79,Synthetic demonstration data — not actual University of Sydney results
WO-00489,CASE-005015,2026-06-08 13:03:00,2026-06-10 04:15:12,1,9,HVAC and temperature,CampusWorks Services,8.3,26.14,0,1,170.0,Synthetic demonstration data — not actual University of Sydney results
WO-00490,CASE-000113,2026-04-23 13:48:00,2026-04-27 14:14:30,2,8,Teaching room equipment,Metro Building Care,2.91,64.29,1,1,219.03,Synthetic demonstration data — not actual University of Sydney results
WO-00491,CASE-009029,2024-11-17 18:52:00,2024-11-19 09:09:40,1,10,Accessibility,Learning Spaces Technical,3.79,25.53,1,0,427.36,Synthetic demonstration data — not actual University of Sydney results
WO-00492,CASE-017172,2024-09-26 10:54:00,2024-09-27 22:24:52,1,9,Study spaces,Learning Spaces Technical,16.67,23.68,1,0,482.8,Synthetic demonstration data — not actual University of Sydney results
WO-00493,CASE-008846,2024-11-08 15:03:00,2024-11-09 13:27:27,1,9,Cleanliness,CampusWorks Services,13.94,14.94,1,0,170.82,Synthetic demonstration data — not actual University of Sydney results
WO-00494,CASE-017584,2025-10-01 18:46:00,2025-10-04 04:06:06,1,9,Study spaces,Metro Building Care,6.39,38.22,1,0,222.5,Synthetic demonstration data — not actual University of Sydney results
WO-00495,CASE-004539,2026-07-29 11:18:00,2026-08-04 11:17:28,1,9,Study spaces,CampusWorks Services,11.01,95.99,1,0,84.2,Synthetic demonstration data — not actual University of Sydney results
WO-00496,CASE-009373,2025-08-13 10:06:00,2025-08-14 00:14:01,1,9,Cleanliness,CampusWorks Services,3.55,9.42,1,0,603.84,Synthetic demonstration data — not actual University of Sydney results
WO-00497,CASE-008787,2026-06-13 15:56:00,2026-06-15 12:21:33,2,9,HVAC and temperature,Metro Building Care,7.64,29.62,1,1,270.97,Synthetic demonstration data — not actual University of Sydney results
WO-00498,CASE-005686,2026-03-20 10:25:00,2026-03-22 18:27:51,3,9,Cleanliness,Learning Spaces Technical,3.09,37.37,1,0,396.4,Synthetic demonstration data — not actual University of Sydney results
WO-00499,CASE-014577,2025-06-02 10:59:00,2025-06-03 20:36:12,2,9,HVAC and temperature,CampusWorks Services,4.98,22.41,1,0,1976.54,Synthetic demonstration data — not actual University of Sydney results
WO-00500,CASE-013099,2025-09-26 18:20:00,2025-09-29 03:41:39,2,9,Security and lighting,CampusWorks Services,8.33,38.24,1,0,268.78,Synthetic demonstration data — not actual University of Sydney results
WO-00501,CASE-016563,2025-09-15 15:19:00,2025-09-18 00:05:02,1,9,HVAC and temperature,Metro Building Care,13.28,37.84,1,0,513.85,Synthetic demonstration data — not actual University of Sydney results
WO-00502,CASE-015311,2025-02-14 19:20:00,2025-02-16 18:56:12,1,9,HVAC and temperature,CampusWorks Services,3.22,31.74,1,0,304.2,Synthetic demonstration data — not actual University of Sydney results
WO-00503,CASE-008211,2026-06-04 16:33:00,2026-06-07 09:16:45,1,9,HVAC and temperature,Learning Spaces Technical,9.78,43.15,1,0,561.2,Synthetic demonstration data — not actual University of Sydney results
WO-00504,CASE-009608,2025-04-10 13:49:00,2025-04-13 17:46:09,3,9,Cleanliness,Learning Spaces Technical,3.51,50.64,1,0,231.85,Synthetic demonstration data — not actual University of Sydney results
WO-00505,CASE-000850,2026-03-03 19:17:00,2026-03-12 00:09:42,1,9,Security and lighting,Learning Spaces Technical,4.14,131.25,1,0,953.83,Synthetic demonstration data — not actual University of Sydney results
WO-00506,CASE-016733,2025-06-01 18:19:00,2025-06-04 07:44:55,3,9,Cleanliness,CampusWorks Services,3.56,40.95,0,0,67.87,Synthetic demonstration data — not actual University of Sydney results
WO-00507,CASE-002116,2026-07-15 09:05:00,2026-07-19 07:57:24,1,9,Cleanliness,CampusWorks Services,10.42,63.25,1,0,459.76,Synthetic demonstration data — not actual University of Sydney results
WO-00508,CASE-009010,2024-10-31 15:54:00,2024-11-02 09:13:26,2,8,Teaching room equipment,Metro Building Care,5.99,27.55,1,0,150.78,Synthetic demonstration data — not actual University of Sydney results
WO-00509,CASE-014941,2025-09-25 13:48:00,2025-09-26 01:43:09,2,9,HVAC and temperature,Metro Building Care,6.78,7.95,1,0,458.99,Synthetic demonstration data — not actual University of Sydney results
WO-00510,CASE-000644,2026-07-08 15:42:00,2026-07-10 08:48:36,2,9,HVAC and temperature,Learning Spaces Technical,2.91,27.41,1,0,368.88,Synthetic demonstration data — not actual University of Sydney results
WO-00511,CASE-000474,2025-03-28 13:20:00,2025-03-29 17:59:08,2,9,HVAC and temperature,Metro Building Care,6.13,19.1,1,0,375.18,Synthetic demonstration data — not actual University of Sydney results
WO-00512,CASE-006349,2025-01-05 16:37:00,2025-01-06 14:44:47,1,9,Cleanliness,Learning Spaces Technical,6.71,14.75,1,0,119.85,Synthetic demonstration data — not actual University of Sydney results
WO-00513,CASE-011672,2025-02-17 11:04:00,2025-02-19 16:55:08,1,9,Study spaces,Learning Spaces Technical,12.82,35.9,1,0,227.79,Synthetic demonstration data — not actual University of Sydney results
WO-00514,CASE-015686,2025-07-21 17:54:00,2025-07-23 01:30:06,1,8,Teaching room equipment,CampusWorks Services,4.25,21.07,1,0,707.18,Synthetic demonstration data — not actual University of Sydney results
WO-00515,CASE-017149,2024-11-29 16:03:00,2024-12-01 07:12:10,1,9,Study spaces,Learning Spaces Technical,12.37,26.1,1,0,319.2,Synthetic demonstration data — not actual University of Sydney results
WO-00516,CASE-013806,2025-10-04 19:06:00,2025-10-05 19:51:35,2,9,Security and lighting,Learning Spaces Technical,9.91,16.51,1,0,1831.41,Synthetic demonstration data — not actual University of Sydney results
WO-00517,CASE-000135,2024-12-20 16:31:00,2024-12-22 12:50:01,1,10,Accessibility,Learning Spaces Technical,24.48,29.54,1,0,252.75,Synthetic demonstration data — not actual University of Sydney results
WO-00518,CASE-015983,2025-10-08 11:20:00,2025-10-12 01:14:58,1,9,HVAC and temperature,CampusWorks Services,6.07,57.28,1,0,185.85,Synthetic demonstration data — not actual University of Sydney results
WO-00519,CASE-004185,2024-10-02 11:09:00,2024-10-03 10:06:50,1,9,Study spaces,Metro Building Care,6.99,15.31,1,0,351.6,Synthetic demonstration data — not actual University of Sydney results
WO-00520,CASE-005781,2026-02-12 11:29:00,2026-02-15 02:03:18,1,9,Study spaces,Metro Building Care,15.45,41.71,1,0,111.68,Synthetic demonstration data — not actual University of Sydney results
WO-00521,CASE-001995,2026-02-11 14:34:00,2026-02-14 13:31:40,1,9,Cleanliness,Learning Spaces Technical,2.48,47.31,1,0,512.46,Synthetic demonstration data — not actual University of Sydney results
WO-00522,CASE-006795,2025-07-09 14:26:00,2025-07-12 05:08:52,1,9,Study spaces,Learning Spaces Technical,2.59,41.81,1,0,1213.36,Synthetic demonstration data — not actual University of Sydney results
WO-00523,CASE-006888,2026-06-01 16:24:00,2026-06-03 09:58:14,1,9,Cleanliness,CampusWorks Services,8.55,27.71,0,0,271.72,Synthetic demonstration data — not actual University of Sydney results
WO-00524,CASE-015223,2025-08-21 14:19:00,2025-08-22 17:06:20,3,9,Study spaces,CampusWorks Services,4.12,17.86,1,0,595.31,Synthetic demonstration data — not actual University of Sydney results
WO-00525,CASE-004242,2026-02-26 19:05:00,2026-03-02 20:42:42,1,9,Study spaces,Metro Building Care,13.46,65.09,1,0,28.34,Synthetic demonstration data — not actual University of Sydney results
WO-00526,CASE-014159,2024-11-18 10:12:00,2024-11-21 08:20:57,1,9,Security and lighting,Learning Spaces Technical,2.47,46.77,1,0,1491.45,Synthetic demonstration data — not actual University of Sydney results
WO-00527,CASE-012159,2025-01-05 17:29:00,2025-01-07 13:45:58,1,9,Study spaces,Metro Building Care,10.7,29.52,0,0,173.57,Synthetic demonstration data — not actual University of Sydney results
WO-00528,CASE-008996,2025-07-22 11:50:00,2025-07-25 02:40:22,1,9,HVAC and temperature,Metro Building Care,4.36,41.89,1,0,357.6,Synthetic demonstration data — not actual University of Sydney results
WO-00529,CASE-012219,2026-02-07 17:20:00,2026-02-08 23:40:09,3,9,Study spaces,CampusWorks Services,14.08,20.22,1,0,418.57,Synthetic demonstration data — not actual University of Sydney results
WO-00530,CASE-002607,2025-08-19 17:06:00,2025-08-21 17:08:42,1,9,Study spaces,Learning Spaces Technical,7.36,32.03,1,1,415.1,Synthetic demonstration data — not actual University of Sydney results
WO-00531,CASE-000773,2025-11-02 14:16:00,2025-11-04 12:58:36,1,9,HVAC and temperature,CampusWorks Services,3.38,31.14,1,0,271.64,Synthetic demonstration data — not actual University of Sydney results
WO-00532,CASE-000079,2026-04-14 10:53:00,2026-04-17 21:37:48,1,9,HVAC and temperature,Learning Spaces Technical,8.08,55.16,1,1,174.05,Synthetic demonstration data — not actual University of Sydney results
WO-00533,CASE-001724,2025-02-02 13:41:00,2025-02-03 16:49:44,1,9,Study spaces,Metro Building Care,17.1,18.1,1,0,422.38,Synthetic demonstration data — not actual University of Sydney results
WO-00534,CASE-005877,2024-11-26 15:45:00,2024-11-28 01:41:12,3,9,Security and lighting,CampusWorks Services,4.72,22.62,1,0,1084.98,Synthetic demonstration data — not actual University of Sydney results
WO-00535,CASE-011784,2026-01-30 14:14:00,2026-02-01 02:42:58,3,9,Security and lighting,Learning Spaces Technical,5.37,24.32,1,0,378.85,Synthetic demonstration data — not actual University of Sydney results
WO-00536,CASE-014461,2026-01-22 08:47:00,2026-01-24 18:18:25,2,9,HVAC and temperature,CampusWorks Services,2.39,38.35,1,0,63.53,Synthetic demonstration data — not actual University of Sydney results
WO-00537,CASE-002452,2024-12-16 16:01:00,2024-12-17 09:41:57,1,10,Accessibility,CampusWorks Services,4.96,11.79,0,0,234.35,Synthetic demonstration data — not actual University of Sydney results
WO-00538,CASE-009193,2026-03-27 13:00:00,2026-03-28 00:36:18,1,9,Cleanliness,Learning Spaces Technical,6.31,7.74,1,0,742.55,Synthetic demonstration data — not actual University of Sydney results
WO-00539,CASE-011815,2025-05-13 16:50:00,2025-05-16 04:36:42,1,9,Security and lighting,Learning Spaces Technical,6.38,39.85,1,0,503.43,Synthetic demonstration data — not actual University of Sydney results
WO-00540,CASE-012380,2025-09-01 12:44:00,2025-09-03 01:21:43,1,9,HVAC and temperature,Metro Building Care,6.89,24.42,1,1,469.28,Synthetic demonstration data — not actual University of Sydney results
WO-00541,CASE-011765,2025-02-19 11:23:00,2025-02-19 23:13:28,1,9,Cleanliness,Metro Building Care,3.69,7.89,1,0,374.32,Synthetic demonstration data — not actual University of Sydney results
WO-00542,CASE-004955,2024-12-09 12:28:00,2024-12-10 15:01:21,1,9,HVAC and temperature,CampusWorks Services,10.23,17.7,1,0,373.94,Synthetic demonstration data — not actual University of Sydney results
WO-00543,CASE-010986,2025-03-05 17:22:00,2025-03-07 20:18:29,1,9,Cleanliness,Metro Building Care,3.71,33.96,1,0,320.71,Synthetic demonstration data — not actual University of Sydney results
WO-00544,CASE-006234,2025-02-28 15:07:00,2025-03-02 06:49:26,1,9,Security and lighting,Metro Building Care,3.58,26.47,1,0,407.17,Synthetic demonstration data — not actual University of Sydney results
WO-00545,CASE-003239,2025-12-02 15:46:00,2025-12-03 02:58:18,1,9,Cleanliness,CampusWorks Services,1.5,7.47,1,0,296.41,Synthetic demonstration data — not actual University of Sydney results
WO-00546,CASE-002917,2025-05-16 20:47:00,2025-05-19 06:59:36,2,9,Study spaces,Metro Building Care,12.16,38.81,1,0,598.7,Synthetic demonstration data — not actual University of Sydney results
WO-00547,CASE-016577,2026-07-14 11:57:00,2026-07-15 16:10:30,2,9,Study spaces,Metro Building Care,0.77,18.82,1,0,275.64,Synthetic demonstration data — not actual University of Sydney results
WO-00548,CASE-009009,2026-03-22 12:35:00,2026-03-23 20:26:06,1,9,Security and lighting,Metro Building Care,4.92,21.23,1,0,141.96,Synthetic demonstration data — not actual University of Sydney results
WO-00549,CASE-005972,2026-06-26 18:05:00,2026-06-28 16:08:57,1,9,HVAC and temperature,Metro Building Care,12.69,30.71,1,0,372.4,Synthetic demonstration data — not actual University of Sydney results
WO-00550,CASE-016610,2026-06-18 10:26:00,2026-06-20 09:28:36,1,9,Cleanliness,Metro Building Care,4.69,31.36,1,1,624.65,Synthetic demonstration data — not actual University of Sydney results
WO-00551,CASE-017755,2024-12-07 13:01:00,2024-12-07 23:42:54,1,8,Teaching room equipment,CampusWorks Services,5.65,7.13,1,0,74.95,Synthetic demonstration data — not actual University of Sydney results
WO-00552,CASE-016086,2026-07-30 15:07:00,2026-08-01 11:14:20,1,9,Security and lighting,CampusWorks Services,4.74,29.41,1,0,369.01,Synthetic demonstration data — not actual University of Sydney results
WO-00553,CASE-011052,2025-02-12 14:35:00,2025-02-13 03:22:27,1,9,Cleanliness,CampusWorks Services,3.3,8.53,1,0,531.9,Synthetic demonstration data — not actual University of Sydney results
WO-00554,CASE-002237,2024-10-27 19:16:00,2024-10-31 20:18:47,1,9,Study spaces,Learning Spaces Technical,2.85,64.7,1,0,114.62,Synthetic demonstration data — not actual University of Sydney results
WO-00555,CASE-008325,2025-07-02 14:19:00,2025-07-04 06:19:57,2,9,Study spaces,Metro Building Care,4.11,26.68,1,0,1078.3,Synthetic demonstration data — not actual University of Sydney results
WO-00556,CASE-009513,2025-02-05 09:46:00,2025-02-07 05:30:58,1,9,Security and lighting,Learning Spaces Technical,4.49,29.17,1,0,255.64,Synthetic demonstration data — not actual University of Sydney results
WO-00557,CASE-002946,2026-01-20 13:22:00,2026-01-22 06:10:14,3,9,HVAC and temperature,Learning Spaces Technical,10.95,27.2,1,0,165.3,Synthetic demonstration data — not actual University of Sydney results
WO-00558,CASE-012794,2024-11-17 17:49:00,2024-11-20 13:36:55,2,9,Study spaces,CampusWorks Services,5.24,45.2,1,1,166.36,Synthetic demonstration data — not actual University of Sydney results
WO-00559,CASE-002140,2025-01-10 11:00:00,2025-01-14 07:38:13,1,9,Study spaces,CampusWorks Services,5.69,61.76,1,0,162.74,Synthetic demonstration data — not actual University of Sydney results
WO-00560,CASE-017503,2025-01-15 11:41:00,2025-01-16 05:20:02,2,10,Accessibility,CampusWorks Services,4.89,11.77,1,0,241.27,Synthetic demonstration data — not actual University of Sydney results
WO-00561,CASE-004545,2026-07-02 15:15:00,2026-07-03 07:49:48,1,8,Teaching room equipment,Learning Spaces Technical,2.82,11.05,0,0,158.84,Synthetic demonstration data — not actual University of Sydney results
WO-00562,CASE-002801,2026-03-05 14:45:00,2026-03-09 07:42:32,1,9,HVAC and temperature,CampusWorks Services,2.78,59.31,1,0,651.37,Synthetic demonstration data — not actual University of Sydney results
WO-00563,CASE-008890,2025-01-25 15:17:00,2025-01-27 03:13:14,1,9,Study spaces,CampusWorks Services,13.28,23.96,0,0,793.41,Synthetic demonstration data — not actual University of Sydney results
WO-00564,CASE-000035,2025-11-03 12:49:00,2025-11-04 13:43:58,1,9,HVAC and temperature,CampusWorks Services,15.61,16.61,1,0,238.93,Synthetic demonstration data — not actual University of Sydney results
WO-00565,CASE-009846,2026-07-11 19:29:00,2026-07-14 02:40:38,2,9,Study spaces,CampusWorks Services,2.1,36.8,1,0,206.72,Synthetic demonstration data — not actual University of Sydney results
WO-00566,CASE-003887,2024-11-12 16:13:00,2024-11-13 15:48:37,1,9,Study spaces,CampusWorks Services,8.29,15.73,1,0,201.95,Synthetic demonstration data — not actual University of Sydney results
WO-00567,CASE-012141,2026-06-26 12:51:00,2026-06-27 17:00:47,3,9,Study spaces,Learning Spaces Technical,3.73,18.78,1,0,273.04,Synthetic demonstration data — not actual University of Sydney results
WO-00568,CASE-006229,2026-05-23 20:23:00,2026-05-24 15:22:35,1,9,Security and lighting,CampusWorks Services,4.48,12.66,1,0,108.73,Synthetic demonstration data — not actual University of Sydney results
WO-00569,CASE-017766,2024-10-02 09:41:00,2024-10-05 02:20:20,1,9,HVAC and temperature,Metro Building Care,7.87,43.1,1,0,404.02,Synthetic demonstration data — not actual University of Sydney results
WO-00570,CASE-012475,2026-03-12 16:25:00,2026-03-13 09:22:43,2,9,Study spaces,CampusWorks Services,3.18,11.31,1,0,236.29,Synthetic demonstration data — not actual University of Sydney results
WO-00571,CASE-012882,2025-12-02 10:32:00,2025-12-04 05:21:52,1,9,HVAC and temperature,Metro Building Care,8.0,28.55,0,0,1722.56,Synthetic demonstration data — not actual University of Sydney results
WO-00572,CASE-016120,2025-07-21 13:45:00,2025-07-21 22:15:50,2,9,Cleanliness,Learning Spaces Technical,3.67,5.68,1,0,224.35,Synthetic demonstration data — not actual University of Sydney results
WO-00573,CASE-017886,2025-01-28 11:46:00,2025-02-01 03:00:45,1,9,Study spaces,Metro Building Care,6.19,58.16,1,0,217.43,Synthetic demonstration data — not actual University of Sydney results
WO-00574,CASE-002797,2025-05-26 11:27:00,2025-05-29 02:01:25,1,9,Study spaces,Learning Spaces Technical,20.55,41.72,0,0,657.72,Synthetic demonstration data — not actual University of Sydney results
WO-00575,CASE-003846,2024-11-22 14:52:00,2024-11-23 10:55:45,3,9,HVAC and temperature,CampusWorks Services,1.62,13.38,1,0,236.6,Synthetic demonstration data — not actual University of Sydney results
WO-00576,CASE-006766,2026-04-13 16:18:00,2026-04-14 19:09:24,2,8,Teaching room equipment,CampusWorks Services,2.01,17.9,1,0,196.77,Synthetic demonstration data — not actual University of Sydney results
WO-00577,CASE-005407,2025-08-09 14:33:00,2025-08-10 12:46:38,1,9,Security and lighting,Metro Building Care,2.38,14.82,1,0,313.53,Synthetic demonstration data — not actual University of Sydney results
WO-00578,CASE-013005,2025-07-22 08:05:00,2025-07-23 00:23:19,1,8,Teaching room equipment,CampusWorks Services,3.06,10.87,1,0,230.89,Synthetic demonstration data — not actual University of Sydney results
WO-00579,CASE-001578,2025-12-24 11:35:00,2025-12-25 18:35:39,1,9,Security and lighting,Metro Building Care,4.47,20.67,1,0,183.76,Synthetic demonstration data — not actual University of Sydney results
WO-00580,CASE-007622,2025-12-18 17:19:00,2025-12-20 19:15:11,1,10,Accessibility,Metro Building Care,4.02,33.29,1,1,367.84,Synthetic demonstration data — not actual University of Sydney results
WO-00581,CASE-015273,2026-06-19 10:50:00,2026-06-20 08:27:10,2,9,Cleanliness,CampusWorks Services,4.26,14.41,1,0,263.81,Synthetic demonstration data — not actual University of Sydney results
WO-00582,CASE-002563,2025-05-07 13:02:00,2025-05-09 02:58:19,1,9,Study spaces,CampusWorks Services,14.37,25.29,1,0,645.29,Synthetic demonstration data — not actual University of Sydney results
WO-00583,CASE-009177,2024-10-28 12:00:00,2024-10-30 17:58:19,1,8,Teaching room equipment,CampusWorks Services,11.76,35.98,1,0,296.15,Synthetic demonstration data — not actual University of Sydney results
WO-00584,CASE-009077,2025-02-11 19:01:00,2025-02-12 01:28:54,2,9,Study spaces,CampusWorks Services,0.94,4.31,1,0,213.58,Synthetic demonstration data — not actual University of Sydney results
WO-00585,CASE-008933,2025-04-02 09:40:00,2025-04-05 19:10:05,2,9,Cleanliness,Metro Building Care,3.64,54.33,1,0,353.75,Synthetic demonstration data — not actual University of Sydney results
WO-00586,CASE-017223,2025-05-02 19:45:00,2025-05-04 11:36:21,1,9,Study spaces,Learning Spaces Technical,13.82,26.57,0,0,229.72,Synthetic demonstration data — not actual University of Sydney results
WO-00587,CASE-009728,2026-01-09 09:17:00,2026-01-10 20:03:20,1,9,Security and lighting,Learning Spaces Technical,1.72,23.18,1,0,119.6,Synthetic demonstration data — not actual University of Sydney results
WO-00588,CASE-002289,2026-02-13 16:23:00,2026-02-14 08:43:06,1,9,Cleanliness,Metro Building Care,6.17,10.89,0,0,513.4,Synthetic demonstration data — not actual University of Sydney results
WO-00589,CASE-004814,2026-03-11 09:42:00,2026-03-12 13:46:29,2,9,Study spaces,CampusWorks Services,6.77,18.72,1,0,626.06,Synthetic demonstration data — not actual University of Sydney results
WO-00590,CASE-012936,2025-07-26 17:17:00,2025-07-28 07:37:39,1,9,Cleanliness,Learning Spaces Technical,3.32,25.56,1,0,359.71,Synthetic demonstration data — not actual University of Sydney results
WO-00591,CASE-000356,2025-12-29 09:19:00,2025-12-31 10:00:28,1,9,Security and lighting,Learning Spaces Technical,4.99,32.46,1,0,369.4,Synthetic demonstration data — not actual University of Sydney results
WO-00592,CASE-001495,2026-04-16 09:50:00,2026-04-17 23:11:45,1,8,Teaching room equipment,Metro Building Care,5.63,24.91,0,0,361.6,Synthetic demonstration data — not actual University of Sydney results
WO-00593,CASE-008828,2026-03-12 14:45:00,2026-03-13 19:34:46,1,10,Accessibility,Learning Spaces Technical,6.94,19.22,1,0,270.63,Synthetic demonstration data — not actual University of Sydney results
WO-00594,CASE-014627,2025-11-10 13:18:00,2025-11-11 07:17:10,1,9,Study spaces,Metro Building Care,5.13,11.99,1,0,429.13,Synthetic demonstration data — not actual University of Sydney results
WO-00595,CASE-008464,2026-02-09 09:08:00,2026-02-10 04:23:26,3,9,Study spaces,Learning Spaces Technical,2.75,12.84,1,0,470.06,Synthetic demonstration data — not actual University of Sydney results
WO-00596,CASE-007335,2024-09-03 17:37:00,2024-09-04 09:48:07,1,8,Teaching room equipment,Metro Building Care,3.82,10.79,1,0,136.05,Synthetic demonstration data — not actual University of Sydney results
WO-00597,CASE-011959,2025-01-03 13:42:00,2025-01-07 00:51:24,3,9,Study spaces,CampusWorks Services,3.83,55.44,1,1,476.74,Synthetic demonstration data — not actual University of Sydney results
WO-00598,CASE-005326,2025-09-04 12:08:00,2025-09-05 20:34:16,1,9,Study spaces,CampusWorks Services,18.18,21.63,1,0,398.0,Synthetic demonstration data — not actual University of Sydney results
WO-00599,CASE-014963,2025-03-27 10:14:00,2025-03-28 13:04:08,2,10,Accessibility,Metro Building Care,1.73,17.89,1,0,348.38,Synthetic demonstration data — not actual University of Sydney results
WO-00600,CASE-008427,2026-02-15 10:39:00,2026-02-16 16:36:08,1,9,HVAC and temperature,CampusWorks Services,4.68,19.97,1,1,226.45,Synthetic demonstration data — not actual University of Sydney results
WO-00601,CASE-009284,2026-06-03 15:02:00,2026-06-04 20:52:46,1,10,Accessibility,Metro Building Care,4.5,19.9,1,0,240.68,Synthetic demonstration data — not actual University of Sydney results
WO-00602,CASE-007172,2025-12-08 18:32:00,2025-12-09 09:28:59,1,8,Teaching room equipment,Learning Spaces Technical,2.52,9.97,1,0,193.38,Synthetic demonstration data — not actual University of Sydney results
WO-00603,CASE-007479,2025-10-02 10:07:00,2025-10-02 19:00:24,2,9,HVAC and temperature,Learning Spaces Technical,4.93,5.93,1,0,101.82,Synthetic demonstration data — not actual University of Sydney results
WO-00604,CASE-011842,2026-08-12 11:13:00,2026-08-13 17:23:33,1,9,Security and lighting,Learning Spaces Technical,1.62,20.12,1,0,308.25,Synthetic demonstration data — not actual University of Sydney results
WO-00605,CASE-015664,2025-04-22 15:55:00,2025-04-23 13:07:32,1,9,Security and lighting,Learning Spaces Technical,5.46,14.14,1,0,552.04,Synthetic demonstration data — not actual University of Sydney results
WO-00606,CASE-010480,2026-03-04 09:30:00,2026-03-05 05:36:41,1,8,Teaching room equipment,Metro Building Care,10.04,13.41,1,0,940.05,Synthetic demonstration data — not actual University of Sydney results
WO-00607,CASE-004298,2026-07-28 17:22:00,2026-07-31 10:41:23,1,8,Teaching room equipment,CampusWorks Services,4.8,43.55,1,0,114.87,Synthetic demonstration data — not actual University of Sydney results
WO-00608,CASE-017574,2026-03-24 14:56:00,2026-03-26 12:44:16,1,9,HVAC and temperature,CampusWorks Services,8.48,30.54,0,0,151.63,Synthetic demonstration data — not actual University of Sydney results
WO-00609,CASE-002533,2026-02-24 13:12:00,2026-02-26 04:06:15,1,9,Security and lighting,Learning Spaces Technical,1.68,25.94,1,0,103.53,Synthetic demonstration data — not actual University of Sydney results
WO-00610,CASE-009190,2026-08-12 13:20:00,2026-08-13 12:47:05,1,9,Study spaces,Metro Building Care,6.57,15.63,0,0,1184.1,Synthetic demonstration data — not actual University of Sydney results
WO-00611,CASE-014469,2024-11-19 18:34:00,2024-11-20 17:30:34,1,10,Accessibility,Metro Building Care,8.0,15.3,1,0,392.73,Synthetic demonstration data — not actual University of Sydney results
WO-00612,CASE-015749,2025-06-17 08:18:00,2025-06-18 04:01:41,1,10,Accessibility,Metro Building Care,8.17,13.15,1,1,553.41,Synthetic demonstration data — not actual University of Sydney results
WO-00613,CASE-010716,2025-12-30 14:20:00,2026-01-01 02:37:53,3,9,HVAC and temperature,Learning Spaces Technical,5.52,24.2,1,0,180.49,Synthetic demonstration data — not actual University of Sydney results
WO-00614,CASE-010793,2026-03-05 17:25:00,2026-03-08 23:03:22,1,9,Security and lighting,Learning Spaces Technical,3.66,51.76,1,0,177.58,Synthetic demonstration data — not actual University of Sydney results
WO-00615,CASE-002428,2025-06-05 14:05:00,2025-06-06 22:26:20,1,9,Security and lighting,CampusWorks Services,1.49,21.57,1,0,945.07,Synthetic demonstration data — not actual University of Sydney results
WO-00616,CASE-013228,2026-01-17 17:52:00,2026-01-19 05:13:47,1,10,Accessibility,CampusWorks Services,3.48,23.58,1,0,121.63,Synthetic demonstration data — not actual University of Sydney results
WO-00617,CASE-011071,2026-06-11 08:30:00,2026-06-13 01:55:18,1,9,HVAC and temperature,Learning Spaces Technical,26.61,27.61,0,0,362.33,Synthetic demonstration data — not actual University of Sydney results
WO-00618,CASE-016219,2025-09-11 16:59:00,2025-09-13 07:28:58,1,9,HVAC and temperature,Learning Spaces Technical,6.16,25.67,1,1,223.75,Synthetic demonstration data — not actual University of Sydney results
WO-00619,CASE-012553,2024-11-22 17:18:00,2024-12-01 22:29:27,1,9,Cleanliness,Metro Building Care,2.51,147.46,1,0,549.03,Synthetic demonstration data — not actual University of Sydney results
WO-00620,CASE-016827,2025-06-26 18:12:00,2025-06-28 09:25:27,1,10,Accessibility,Metro Building Care,3.73,26.15,1,0,518.96,Synthetic demonstration data — not actual University of Sydney results
WO-00621,CASE-011933,2026-03-25 11:08:00,2026-03-26 08:52:32,1,10,Accessibility,Metro Building Care,5.17,14.49,1,0,174.38,Synthetic demonstration data — not actual University of Sydney results
WO-00622,CASE-010946,2026-08-15 11:29:00,2026-08-16 13:31:46,3,9,Cleanliness,Learning Spaces Technical,4.37,17.36,0,0,256.55,Synthetic demonstration data — not actual University of Sydney results
WO-00623,CASE-008249,2026-05-01 14:43:00,2026-05-04 15:24:25,1,9,Study spaces,Learning Spaces Technical,4.83,48.46,1,0,72.43,Synthetic demonstration data — not actual University of Sydney results
WO-00624,CASE-000514,2025-11-27 08:28:00,2025-11-28 01:06:52,1,9,Cleanliness,CampusWorks Services,9.19,11.1,1,0,684.59,Synthetic demonstration data — not actual University of Sydney results
WO-00625,CASE-002063,2025-09-19 20:02:00,2025-09-20 10:47:42,3,9,Study spaces,Metro Building Care,4.63,9.84,0,1,372.48,Synthetic demonstration data — not actual University of Sydney results
WO-00626,CASE-001491,2025-06-26 16:52:00,2025-06-28 16:04:41,3,9,Study spaces,Metro Building Care,11.61,31.47,1,0,585.5,Synthetic demonstration data — not actual University of Sydney results
WO-00627,CASE-016830,2026-07-22 10:18:00,2026-07-23 05:04:36,1,9,Study spaces,CampusWorks Services,5.55,12.52,1,0,327.85,Synthetic demonstration data — not actual University of Sydney results
WO-00628,CASE-004449,2025-05-06 17:48:00,2025-05-09 20:04:33,1,9,HVAC and temperature,Learning Spaces Technical,6.37,49.52,1,0,213.3,Synthetic demonstration data — not actual University of Sydney results
WO-00629,CASE-011120,2026-01-21 15:03:00,2026-01-22 11:45:38,1,9,Study spaces,CampusWorks Services,7.1,13.81,1,0,113.58,Synthetic demonstration data — not actual University of Sydney results
WO-00630,CASE-011208,2025-07-03 10:31:00,2025-07-08 01:32:25,1,9,HVAC and temperature,Metro Building Care,8.67,74.02,1,0,155.14,Synthetic demonstration data — not actual University of Sydney results
WO-00631,CASE-015045,2025-09-01 10:24:00,2025-09-02 23:07:24,1,9,Study spaces,Learning Spaces Technical,15.94,24.48,1,0,300.76,Synthetic demonstration data — not actual University of Sydney results
WO-00632,CASE-011377,2024-09-12 19:45:00,2024-09-13 03:01:00,1,10,Accessibility,CampusWorks Services,3.84,4.84,0,0,653.79,Synthetic demonstration data — not actual University of Sydney results
WO-00633,CASE-017761,2025-08-08 12:42:00,2025-08-14 17:09:03,1,9,HVAC and temperature,CampusWorks Services,5.64,98.97,1,1,254.11,Synthetic demonstration data — not actual University of Sydney results
WO-00634,CASE-004486,2025-01-02 16:06:00,2025-01-09 11:53:34,1,9,HVAC and temperature,CampusWorks Services,14.19,109.2,1,0,140.18,Synthetic demonstration data — not actual University of Sydney results
WO-00635,CASE-014711,2024-09-16 15:06:00,2024-09-17 03:44:30,1,9,Cleanliness,CampusWorks Services,7.43,8.43,1,0,109.87,Synthetic demonstration data — not actual University of Sydney results
WO-00636,CASE-005690,2025-09-19 10:42:00,2025-09-21 22:38:29,1,9,Study spaces,Learning Spaces Technical,12.68,39.96,1,1,794.18,Synthetic demonstration data — not actual University of Sydney results
WO-00637,CASE-002082,2024-10-24 17:44:00,2024-10-27 20:27:49,1,9,Study spaces,CampusWorks Services,13.96,49.82,1,0,470.77,Synthetic demonstration data — not actual University of Sydney results
WO-00638,CASE-015002,2025-08-25 12:52:00,2025-08-26 13:48:04,1,9,Security and lighting,Metro Building Care,4.14,16.62,1,0,277.57,Synthetic demonstration data — not actual University of Sydney results
WO-00639,CASE-002573,2024-09-25 15:19:00,2024-09-26 18:05:52,2,9,Cleanliness,Metro Building Care,6.78,17.85,1,0,401.66,Synthetic demonstration data — not actual University of Sydney results
WO-00640,CASE-015497,2025-06-26 17:47:00,2025-07-03 07:27:38,1,9,Study spaces,Metro Building Care,9.28,105.12,1,0,136.54,Synthetic demonstration data — not actual University of Sydney results
WO-00641,CASE-008264,2026-02-19 14:03:00,2026-02-22 18:45:17,1,9,Study spaces,Metro Building Care,13.37,51.14,1,0,246.09,Synthetic demonstration data — not actual University of Sydney results
WO-00642,CASE-003890,2025-08-16 14:01:00,2025-08-18 01:22:51,1,8,Teaching room equipment,Metro Building Care,1.79,23.58,1,0,231.33,Synthetic demonstration data — not actual University of Sydney results
WO-00643,CASE-016689,2025-06-06 16:17:00,2025-06-07 10:42:29,2,8,Teaching room equipment,CampusWorks Services,1.57,12.28,1,0,214.37,Synthetic demonstration data — not actual University of Sydney results
WO-00644,CASE-005787,2026-05-15 18:39:00,2026-05-16 05:21:36,1,8,Teaching room equipment,Learning Spaces Technical,6.14,7.14,1,1,384.28,Synthetic demonstration data — not actual University of Sydney results
WO-00645,CASE-012123,2026-07-17 09:39:00,2026-07-18 23:22:36,1,9,HVAC and temperature,Metro Building Care,7.55,25.15,1,0,160.83,Synthetic demonstration data — not actual University of Sydney results
WO-00646,CASE-016927,2025-08-20 16:45:00,2025-08-21 08:52:42,3,9,Cleanliness,CampusWorks Services,4.03,10.75,1,0,277.55,Synthetic demonstration data — not actual University of Sydney results
WO-00647,CASE-006279,2025-10-23 16:04:00,2025-10-24 21:22:10,2,9,Study spaces,Learning Spaces Technical,2.63,19.54,1,0,438.32,Synthetic demonstration data — not actual University of Sydney results
WO-00648,CASE-009130,2025-03-18 09:47:00,2025-03-19 02:32:35,1,10,Accessibility,CampusWorks Services,4.77,11.17,1,0,458.19,Synthetic demonstration data — not actual University of Sydney results
WO-00649,CASE-002433,2026-04-01 09:29:00,2026-04-03 21:56:34,1,9,Study spaces,Learning Spaces Technical,13.5,40.31,1,1,357.91,Synthetic demonstration data — not actual University of Sydney results
WO-00650,CASE-000274,2026-04-21 14:00:00,2026-04-23 10:34:04,1,9,HVAC and temperature,Learning Spaces Technical,6.84,29.71,1,0,574.08,Synthetic demonstration data — not actual University of Sydney results
WO-00651,CASE-008155,2025-07-13 11:33:00,2025-07-14 04:30:37,3,8,Teaching room equipment,Learning Spaces Technical,1.66,11.31,1,0,127.41,Synthetic demonstration data — not actual University of Sydney results
WO-00652,CASE-004275,2026-01-31 16:52:00,2026-02-02 15:50:05,1,9,Study spaces,CampusWorks Services,10.81,31.31,0,0,227.94,Synthetic demonstration data — not actual University of Sydney results
WO-00653,CASE-007138,2026-05-25 16:35:00,2026-05-26 06:26:42,1,10,Accessibility,Metro Building Care,8.24,9.24,1,1,239.02,Synthetic demonstration data — not actual University of Sydney results
WO-00654,CASE-013729,2025-10-27 13:04:00,2025-10-29 07:14:26,1,8,Teaching room equipment,CampusWorks Services,1.88,28.12,1,0,429.09,Synthetic demonstration data — not actual University of Sydney results
WO-00655,CASE-008504,2024-10-02 15:27:00,2024-10-03 14:22:20,2,9,Study spaces,Learning Spaces Technical,2.03,15.28,1,0,292.39,Synthetic demonstration data — not actual University of Sydney results
WO-00656,CASE-001264,2026-03-20 12:31:00,2026-03-23 21:06:12,1,9,Security and lighting,Learning Spaces Technical,3.88,53.72,1,0,711.68,Synthetic demonstration data — not actual University of Sydney results
WO-00657,CASE-010116,2025-03-02 16:39:00,2025-03-04 18:50:31,1,9,Study spaces,Metro Building Care,32.46,33.46,1,0,177.21,Synthetic demonstration data — not actual University of Sydney results
WO-00658,CASE-011785,2026-03-04 13:55:00,2026-03-05 13:24:57,1,9,HVAC and temperature,CampusWorks Services,11.38,15.67,0,0,268.47,Synthetic demonstration data — not actual University of Sydney results
WO-00659,CASE-005223,2025-02-13 10:07:00,2025-02-13 21:35:45,1,10,Accessibility,Metro Building Care,5.98,7.65,1,0,306.28,Synthetic demonstration data — not actual University of Sydney results
WO-00660,CASE-015681,2026-05-04 18:34:00,2026-05-06 21:25:13,1,9,Study spaces,Metro Building Care,5.31,33.9,1,1,474.71,Synthetic demonstration data — not actual University of Sydney results
WO-00661,CASE-017780,2025-02-06 17:56:00,2025-02-16 04:04:58,1,9,Study spaces,CampusWorks Services,3.95,150.77,1,0,441.88,Synthetic demonstration data — not actual University of Sydney results
WO-00662,CASE-017502,2025-02-03 15:17:00,2025-02-05 10:06:01,1,10,Accessibility,Metro Building Care,12.89,28.54,1,0,498.83,Synthetic demonstration data — not actual University of Sydney results
WO-00663,CASE-002200,2024-09-29 12:08:00,2024-09-30 15:13:07,1,9,Security and lighting,CampusWorks Services,10.61,18.06,1,1,339.3,Synthetic demonstration data — not actual University of Sydney results
WO-00664,CASE-008722,2026-01-02 16:21:00,2026-01-04 00:09:55,1,9,Cleanliness,Metro Building Care,7.26,21.21,1,1,855.44,Synthetic demonstration data — not actual University of Sydney results
WO-00665,CASE-010204,2024-09-29 13:52:00,2024-10-02 03:15:07,1,9,HVAC and temperature,Learning Spaces Technical,1.1,40.92,0,0,1366.76,Synthetic demonstration data — not actual University of Sydney results
WO-00666,CASE-011331,2025-11-27 13:01:00,2025-11-29 00:14:20,1,8,Teaching room equipment,Learning Spaces Technical,5.3,23.48,0,0,173.4,Synthetic demonstration data — not actual University of Sydney results
WO-00667,CASE-015026,2025-01-14 18:17:00,2025-01-15 13:44:06,1,8,Teaching room equipment,Metro Building Care,7.22,12.97,0,0,305.52,Synthetic demonstration data — not actual University of Sydney results
WO-00668,CASE-006311,2025-10-28 12:26:00,2025-10-29 17:33:52,2,9,HVAC and temperature,Learning Spaces Technical,4.77,19.42,1,0,256.46,Synthetic demonstration data — not actual University of Sydney results
WO-00669,CASE-016476,2025-08-06 13:32:00,2025-08-09 17:42:09,1,9,Study spaces,Metro Building Care,9.49,50.78,1,0,499.92,Synthetic demonstration data — not actual University of Sydney results
WO-00670,CASE-007273,2026-06-15 10:10:00,2026-06-16 06:54:47,2,9,HVAC and temperature,CampusWorks Services,3.05,13.83,1,0,232.56,Synthetic demonstration data — not actual University of Sydney results
WO-00671,CASE-009660,2026-08-14 11:10:00,2026-08-15 22:53:52,3,9,Cleanliness,CampusWorks Services,5.58,23.82,1,1,349.35,Synthetic demonstration data — not actual University of Sydney results
WO-00672,CASE-004128,2025-07-28 09:56:00,2025-07-30 06:01:33,1,8,Teaching room equipment,Learning Spaces Technical,5.61,29.4,1,0,514.84,Synthetic demonstration data — not actual University of Sydney results
WO-00673,CASE-008686,2025-02-11 18:11:00,2025-02-13 02:37:35,1,9,HVAC and temperature,Learning Spaces Technical,6.35,21.63,1,0,192.6,Synthetic demonstration data — not actual University of Sydney results
WO-00674,CASE-002176,2026-01-25 15:30:00,2026-01-26 03:29:53,2,8,Teaching room equipment,Learning Spaces Technical,3.42,8.0,1,0,318.3,Synthetic demonstration data — not actual University of Sydney results
WO-00675,CASE-014180,2026-05-19 13:01:00,2026-05-20 05:03:07,1,9,Cleanliness,CampusWorks Services,3.05,10.69,1,1,211.34,Synthetic demonstration data — not actual University of Sydney results
WO-00676,CASE-014715,2024-10-09 14:18:00,2024-10-11 00:22:27,1,8,Teaching room equipment,CampusWorks Services,3.89,22.72,1,0,264.81,Synthetic demonstration data — not actual University of Sydney results
WO-00677,CASE-015230,2025-07-11 11:19:00,2025-07-12 16:51:25,2,9,Cleanliness,Learning Spaces Technical,5.73,19.69,1,1,172.57,Synthetic demonstration data — not actual University of Sydney results
WO-00678,CASE-014118,2025-03-14 09:29:00,2025-03-16 01:54:14,1,9,Study spaces,Learning Spaces Technical,6.54,26.95,1,0,299.7,Synthetic demonstration data — not actual University of Sydney results
WO-00679,CASE-013950,2025-09-16 10:41:00,2025-09-17 16:50:35,2,8,Teaching room equipment,CampusWorks Services,2.62,20.11,1,0,199.52,Synthetic demonstration data — not actual University of Sydney results
WO-00680,CASE-000510,2025-07-07 16:33:00,2025-07-08 14:01:13,2,9,Cleanliness,Learning Spaces Technical,2.73,14.31,0,0,263.37,Synthetic demonstration data — not actual University of Sydney results
WO-00681,CASE-009536,2024-11-21 11:10:00,2024-11-24 10:58:49,1,9,Study spaces,Metro Building Care,6.76,47.88,1,0,652.77,Synthetic demonstration data — not actual University of Sydney results
WO-00682,CASE-008429,2025-07-07 10:44:00,2025-07-07 18:43:23,3,9,HVAC and temperature,Learning Spaces Technical,4.33,5.33,1,0,412.97,Synthetic demonstration data — not actual University of Sydney results
WO-00683,CASE-010320,2025-12-09 11:34:00,2025-12-10 17:01:18,1,10,Accessibility,Learning Spaces Technical,3.07,19.64,1,0,243.06,Synthetic demonstration data — not actual University of Sydney results
WO-00684,CASE-012945,2024-09-16 08:37:00,2024-09-16 18:51:23,1,10,Accessibility,Learning Spaces Technical,5.74,6.83,1,0,194.37,Synthetic demonstration data — not actual University of Sydney results
WO-00685,CASE-005131,2026-01-19 10:33:00,2026-01-21 07:37:36,1,8,Teaching room equipment,CampusWorks Services,12.03,30.05,1,0,432.48,Synthetic demonstration data — not actual University of Sydney results
WO-00686,CASE-008763,2024-10-11 17:31:00,2024-10-13 13:10:09,1,10,Accessibility,Metro Building Care,11.07,29.1,1,0,751.7,Synthetic demonstration data — not actual University of Sydney results
WO-00687,CASE-010671,2025-07-03 13:42:00,2025-07-04 06:44:05,2,9,Cleanliness,CampusWorks Services,10.36,11.36,1,0,200.29,Synthetic demonstration data — not actual University of Sydney results
WO-00688,CASE-010539,2026-04-17 14:32:00,2026-04-20 13:09:45,1,9,Study spaces,Learning Spaces Technical,5.05,47.09,1,0,287.24,Synthetic demonstration data — not actual University of Sydney results
WO-00689,CASE-014677,2026-08-03 10:57:00,2026-08-04 17:00:57,2,9,Study spaces,CampusWorks Services,4.69,20.04,1,0,725.3,Synthetic demonstration data — not actual University of Sydney results
WO-00690,CASE-010460,2025-02-24 13:56:00,2025-02-27 04:35:10,2,9,HVAC and temperature,Learning Spaces Technical,1.95,41.77,1,0,858.76,Synthetic demonstration data — not actual University of Sydney results
WO-00691,CASE-016807,2025-02-05 16:39:00,2025-02-06 05:09:15,2,8,Teaching room equipment,Learning Spaces Technical,2.11,8.34,1,0,142.47,Synthetic demonstration data — not actual University of Sydney results
WO-00692,CASE-013190,2024-10-17 11:24:00,2024-10-18 09:38:08,1,9,Study spaces,CampusWorks Services,9.98,14.82,1,1,131.27,Synthetic demonstration data — not actual University of Sydney results
WO-00693,CASE-002468,2025-06-02 14:46:00,2025-06-04 14:21:49,1,9,Study spaces,Metro Building Care,16.69,31.73,1,0,807.17,Synthetic demonstration data — not actual University of Sydney results
WO-00694,CASE-010335,2025-02-18 10:45:00,2025-02-19 15:49:12,3,9,HVAC and temperature,Metro Building Care,2.79,19.38,1,0,380.43,Synthetic demonstration data — not actual University of Sydney results
WO-00695,CASE-016819,2026-02-27 17:27:00,2026-02-28 16:36:35,1,10,Accessibility,Learning Spaces Technical,8.06,15.44,1,0,220.87,Synthetic demonstration data — not actual University of Sydney results
WO-00696,CASE-016117,2026-04-25 16:43:00,2026-04-26 12:13:33,3,9,HVAC and temperature,Learning Spaces Technical,5.71,13.01,1,0,278.58,Synthetic demonstration data — not actual University of Sydney results
WO-00697,CASE-007900,2025-02-04 09:21:00,2025-02-05 16:13:42,1,8,Teaching room equipment,Metro Building Care,5.07,20.59,0,0,166.57,Synthetic demonstration data — not actual University of Sydney results
WO-00698,CASE-012914,2024-12-18 11:39:00,2024-12-21 07:21:11,1,9,Study spaces,CampusWorks Services,14.66,45.14,1,0,845.93,Synthetic demonstration data — not actual University of Sydney results
WO-00699,CASE-017151,2024-10-09 15:13:00,2024-10-11 02:17:07,1,10,Accessibility,Learning Spaces Technical,5.25,23.38,0,0,380.26,Synthetic demonstration data — not actual University of Sydney results
WO-00700,CASE-000656,2025-01-24 15:32:00,2025-01-25 18:51:37,1,9,Cleanliness,Learning Spaces Technical,17.22,18.22,1,0,166.75,Synthetic demonstration data — not actual University of Sydney results
WO-00701,CASE-004223,2025-06-03 15:12:00,2025-06-04 08:00:41,2,9,Study spaces,Learning Spaces Technical,6.57,11.21,1,0,478.22,Synthetic demonstration data — not actual University of Sydney results
WO-00702,CASE-006866,2025-02-02 08:36:00,2025-02-03 09:26:00,1,8,Teaching room equipment,CampusWorks Services,2.31,16.56,1,0,537.98,Synthetic demonstration data — not actual University of Sydney results
WO-00703,CASE-006914,2025-12-17 18:17:00,2025-12-20 09:37:33,3,9,Study spaces,Learning Spaces Technical,4.3,42.23,1,0,497.38,Synthetic demonstration data — not actual University of Sydney results
WO-00704,CASE-002313,2025-05-21 14:24:00,2025-05-22 16:09:32,1,10,Accessibility,Learning Spaces Technical,4.6,17.17,1,0,165.33,Synthetic demonstration data — not actual University of Sydney results
WO-00705,CASE-014975,2025-06-05 14:49:00,2025-06-07 21:19:27,2,9,Study spaces,CampusWorks Services,1.79,36.34,1,0,83.45,Synthetic demonstration data — not actual University of Sydney results
WO-00706,CASE-004444,2025-09-16 19:30:00,2025-09-17 08:33:53,3,10,Accessibility,Metro Building Care,4.25,8.71,1,0,467.22,Synthetic demonstration data — not actual University of Sydney results
WO-00707,CASE-009902,2025-07-18 14:03:00,2025-07-19 06:29:30,1,10,Accessibility,Learning Spaces Technical,2.46,10.96,1,0,83.46,Synthetic demonstration data — not actual University of Sydney results
WO-00708,CASE-007159,2026-04-20 15:05:00,2026-04-21 07:55:57,1,10,Accessibility,Metro Building Care,7.57,11.23,1,0,908.52,Synthetic demonstration data — not actual University of Sydney results
WO-00709,CASE-005384,2024-09-11 18:57:00,2024-09-12 18:15:31,2,8,Teaching room equipment,Metro Building Care,3.05,15.54,0,1,267.16,Synthetic demonstration data — not actual University of Sydney results
WO-00710,CASE-014990,2025-06-25 18:53:00,2025-06-28 02:57:36,3,9,Cleanliness,Learning Spaces Technical,4.02,37.38,1,0,408.07,Synthetic demonstration data — not actual University of Sydney results
WO-00711,CASE-009909,2026-05-10 13:46:00,2026-05-12 02:55:47,2,9,Security and lighting,CampusWorks Services,6.78,24.78,1,0,176.18,Synthetic demonstration data — not actual University of Sydney results
WO-00712,CASE-014020,2026-02-04 17:43:00,2026-02-06 12:15:12,2,9,Cleanliness,CampusWorks Services,3.69,28.36,1,0,118.62,Synthetic demonstration data — not actual University of Sydney results
WO-00713,CASE-001750,2025-10-19 19:02:00,2025-10-20 23:42:01,1,9,Study spaces,Learning Spaces Technical,5.33,19.11,1,0,316.63,Synthetic demonstration data — not actual University of Sydney results
WO-00714,CASE-013670,2025-05-06 11:45:00,2025-05-09 01:06:07,1,10,Accessibility,Metro Building Care,11.21,40.9,1,0,317.3,Synthetic demonstration data — not actual University of Sydney results
WO-00715,CASE-016209,2025-01-24 11:55:00,2025-01-25 21:59:31,2,9,HVAC and temperature,Learning Spaces Technical,3.19,22.72,1,0,187.33,Synthetic demonstration data — not actual University of Sydney results
WO-00716,CASE-009535,2025-04-19 16:38:00,2025-04-20 18:28:50,1,8,Teaching room equipment,Learning Spaces Technical,4.03,17.23,1,0,174.08,Synthetic demonstration data — not actual University of Sydney results
WO-00717,CASE-009489,2026-03-18 11:16:00,2026-03-20 18:42:55,1,9,Cleanliness,Learning Spaces Technical,5.91,36.97,1,0,312.49,Synthetic demonstration data — not actual University of Sydney results
WO-00718,CASE-007500,2025-02-14 13:55:00,2025-02-16 15:52:02,1,9,Cleanliness,Metro Building Care,4.08,33.3,1,0,110.42,Synthetic demonstration data — not actual University of Sydney results
WO-00719,CASE-009166,2025-04-10 11:37:00,2025-04-11 19:17:17,1,10,Accessibility,Metro Building Care,11.22,21.11,1,0,142.72,Synthetic demonstration data — not actual University of Sydney results
WO-00720,CASE-006901,2026-01-29 17:28:00,2026-01-31 09:19:55,1,10,Accessibility,Metro Building Care,5.34,26.58,1,0,616.16,Synthetic demonstration data — not actual University of Sydney results
WO-00721,CASE-002919,2025-09-07 13:22:00,2025-09-09 03:06:10,3,9,HVAC and temperature,Metro Building Care,6.24,25.16,1,0,262.69,Synthetic demonstration data — not actual University of Sydney results
WO-00722,CASE-009555,2025-07-04 19:58:00,2025-07-05 11:40:17,1,9,HVAC and temperature,CampusWorks Services,9.47,10.47,1,0,432.87,Synthetic demonstration data — not actual University of Sydney results
WO-00723,CASE-009208,2025-04-25 18:17:00,2025-04-26 22:43:56,1,9,Security and lighting,Metro Building Care,3.85,18.97,1,0,430.88,Synthetic demonstration data — not actual University of Sydney results
WO-00724,CASE-007592,2024-10-05 17:18:00,2024-10-06 16:22:43,1,9,HVAC and temperature,Metro Building Care,6.7,15.39,1,1,174.22,Synthetic demonstration data — not actual University of Sydney results
WO-00725,CASE-010344,2024-10-25 13:06:00,2024-10-27 03:43:55,1,9,HVAC and temperature,Metro Building Care,13.91,25.75,1,0,93.48,Synthetic demonstration data — not actual University of Sydney results
WO-00726,CASE-012379,2025-02-18 14:19:00,2025-02-19 15:41:00,3,9,Cleanliness,CampusWorks Services,5.52,16.91,0,0,240.89,Synthetic demonstration data — not actual University of Sydney results
WO-00727,CASE-010164,2025-12-05 16:39:00,2025-12-08 01:08:21,1,9,Security and lighting,Metro Building Care,4.76,37.66,1,0,151.21,Synthetic demonstration data — not actual University of Sydney results
WO-00728,CASE-000367,2025-01-25 13:56:00,2025-01-28 08:20:32,2,9,HVAC and temperature,CampusWorks Services,5.95,44.27,1,0,236.25,Synthetic demonstration data — not actual University of Sydney results
WO-00729,CASE-006353,2025-06-10 13:12:00,2025-06-11 11:12:41,1,9,Study spaces,CampusWorks Services,13.67,14.67,1,0,245.31,Synthetic demonstration data — not actual University of Sydney results
WO-00730,CASE-015793,2026-08-03 16:19:00,2026-08-04 06:28:09,3,8,Teaching room equipment,Learning Spaces Technical,3.6,9.44,1,0,637.43,Synthetic demonstration data — not actual University of Sydney results
WO-00731,CASE-000251,2024-11-19 13:28:00,2024-11-21 00:41:48,1,9,Security and lighting,CampusWorks Services,6.22,23.49,1,0,270.19,Synthetic demonstration data — not actual University of Sydney results
WO-00732,CASE-013619,2026-04-06 19:31:00,2026-04-07 13:28:09,1,10,Accessibility,Learning Spaces Technical,10.97,11.97,1,0,466.51,Synthetic demonstration data — not actual University of Sydney results
WO-00733,CASE-013024,2025-04-30 11:41:00,2025-05-02 16:05:32,2,9,Cleanliness,Metro Building Care,2.51,34.94,1,0,662.82,Synthetic demonstration data — not actual University of Sydney results
WO-00734,CASE-010973,2026-03-03 09:04:00,2026-03-04 07:35:55,1,9,Security and lighting,CampusWorks Services,3.27,15.02,1,0,185.04,Synthetic demonstration data — not actual University of Sydney results
WO-00735,CASE-007212,2025-01-23 08:45:00,2025-01-25 03:04:59,3,9,Study spaces,CampusWorks Services,9.0,28.22,1,0,477.54,Synthetic demonstration data — not actual University of Sydney results
WO-00736,CASE-014419,2024-12-20 16:12:00,2024-12-21 15:38:05,2,9,HVAC and temperature,CampusWorks Services,4.09,15.62,0,0,173.37,Synthetic demonstration data — not actual University of Sydney results
WO-00737,CASE-009144,2024-11-01 08:52:00,2024-11-03 15:42:12,1,9,Study spaces,Metro Building Care,4.56,36.56,1,1,357.29,Synthetic demonstration data — not actual University of Sydney results
WO-00738,CASE-002501,2025-06-05 19:38:00,2025-06-06 11:34:14,1,10,Accessibility,Learning Spaces Technical,5.28,10.62,1,0,566.53,Synthetic demonstration data — not actual University of Sydney results
WO-00739,CASE-009265,2025-09-03 08:09:00,2025-09-04 19:57:05,2,8,Teaching room equipment,CampusWorks Services,7.5,23.87,1,0,276.39,Synthetic demonstration data — not actual University of Sydney results
WO-00740,CASE-011686,2025-07-22 18:53:00,2025-07-23 14:51:49,1,8,Teaching room equipment,Metro Building Care,2.27,13.32,1,0,353.93,Synthetic demonstration data — not actual University of Sydney results
WO-00741,CASE-016017,2026-04-16 16:59:00,2026-04-18 19:21:59,1,9,Study spaces,Metro Building Care,3.55,33.59,1,0,276.0,Synthetic demonstration data — not actual University of Sydney results
WO-00742,CASE-016125,2025-04-18 17:47:00,2025-04-19 21:43:05,1,9,Security and lighting,Learning Spaces Technical,4.06,18.62,0,0,350.43,Synthetic demonstration data — not actual University of Sydney results
WO-00743,CASE-009585,2026-06-02 12:56:00,2026-06-03 17:28:39,2,9,Security and lighting,CampusWorks Services,1.35,19.03,1,0,465.66,Synthetic demonstration data — not actual University of Sydney results
WO-00744,CASE-014072,2025-03-19 10:54:00,2025-03-20 13:49:16,1,10,Accessibility,Metro Building Care,4.74,17.95,1,0,555.36,Synthetic demonstration data — not actual University of Sydney results
WO-00745,CASE-017695,2026-06-04 15:54:00,2026-06-08 14:20:55,1,9,Cleanliness,Metro Building Care,4.16,62.97,1,0,334.89,Synthetic demonstration data — not actual University of Sydney results
WO-00746,CASE-002805,2024-09-05 13:53:00,2024-09-07 00:22:55,1,9,HVAC and temperature,CampusWorks Services,6.41,23.0,1,0,111.37,Synthetic demonstration data — not actual University of Sydney results
WO-00747,CASE-002222,2026-06-30 13:00:00,2026-07-01 11:35:06,1,9,HVAC and temperature,CampusWorks Services,7.16,15.06,1,0,138.86,Synthetic demonstration data — not actual University of Sydney results
WO-00748,CASE-000583,2026-02-11 16:04:00,2026-02-12 19:35:30,1,9,Cleanliness,CampusWorks Services,2.96,18.35,1,0,399.58,Synthetic demonstration data — not actual University of Sydney results
WO-00749,CASE-000124,2025-11-05 19:09:00,2025-11-07 09:48:52,1,9,HVAC and temperature,CampusWorks Services,10.62,25.78,1,0,53.0,Synthetic demonstration data — not actual University of Sydney results
WO-00750,CASE-013299,2025-03-19 17:01:00,2025-03-20 14:09:08,1,9,Security and lighting,Metro Building Care,6.52,14.09,1,0,240.48,Synthetic demonstration data — not actual University of Sydney results
WO-00751,CASE-001894,2024-12-26 15:40:00,2024-12-28 01:01:31,1,8,Teaching room equipment,CampusWorks Services,5.75,22.24,1,0,534.69,Synthetic demonstration data — not actual University of Sydney results
WO-00752,CASE-002588,2024-10-11 08:04:00,2024-10-13 15:04:22,1,9,Study spaces,CampusWorks Services,8.06,36.67,1,0,483.96,Synthetic demonstration data — not actual University of Sydney results
WO-00753,CASE-009457,2024-11-06 16:03:00,2024-11-07 19:45:53,1,10,Accessibility,Metro Building Care,3.39,18.48,1,1,240.38,Synthetic demonstration data — not actual University of Sydney results
WO-00754,CASE-002983,2024-10-19 14:50:00,2024-10-21 11:03:57,1,9,Cleanliness,Learning Spaces Technical,2.52,29.49,1,0,722.85,Synthetic demonstration data — not actual University of Sydney results
WO-00755,CASE-001117,2026-01-09 13:53:00,2026-01-11 10:13:29,1,9,HVAC and temperature,Metro Building Care,11.2,29.56,1,0,515.7,Synthetic demonstration data — not actual University of Sydney results
WO-00756,CASE-014357,2024-09-11 20:52:00,2024-09-13 12:32:24,1,9,Security and lighting,CampusWorks Services,3.51,26.45,1,0,939.58,Synthetic demonstration data — not actual University of Sydney results
WO-00757,CASE-016233,2024-11-17 13:59:00,2024-11-18 03:57:34,2,9,Security and lighting,CampusWorks Services,3.65,9.32,1,0,306.45,Synthetic demonstration data — not actual University of Sydney results
WO-00758,CASE-013850,2026-02-11 11:48:00,2026-02-13 18:03:39,1,9,Study spaces,CampusWorks Services,21.47,36.17,1,0,278.87,Synthetic demonstration data — not actual University of Sydney results
WO-00759,CASE-000459,2026-08-14 09:04:00,2026-08-15 12:46:47,2,9,HVAC and temperature,CampusWorks Services,4.56,18.48,1,0,172.42,Synthetic demonstration data — not actual University of Sydney results
WO-00760,CASE-003106,2026-03-24 08:18:00,2026-03-27 02:44:40,1,9,Study spaces,Learning Spaces Technical,7.01,44.3,1,0,197.49,Synthetic demonstration data — not actual University of Sydney results
WO-00761,CASE-011783,2024-10-17 14:21:00,2024-10-18 12:13:51,1,8,Teaching room equipment,Learning Spaces Technical,3.38,14.59,1,0,409.32,Synthetic demonstration data — not actual University of Sydney results
WO-00762,CASE-000154,2026-04-13 14:31:00,2026-04-16 19:27:25,2,9,Study spaces,Metro Building Care,3.57,51.29,0,0,647.77,Synthetic demonstration data — not actual University of Sydney results
WO-00763,CASE-003628,2026-02-16 12:06:00,2026-02-18 03:46:07,1,10,Accessibility,Learning Spaces Technical,2.8,26.45,1,0,1549.56,Synthetic demonstration data — not actual University of Sydney results
WO-00764,CASE-016861,2026-03-26 11:41:00,2026-04-09 00:41:59,1,9,Study spaces,CampusWorks Services,5.56,216.68,0,1,499.36,Synthetic demonstration data — not actual University of Sydney results
WO-00765,CASE-005538,2026-07-15 15:29:00,2026-07-16 05:31:28,1,9,Security and lighting,Metro Building Care,3.93,9.36,0,0,576.61,Synthetic demonstration data — not actual University of Sydney results
WO-00766,CASE-004237,2024-09-17 18:08:00,2024-09-19 06:57:41,1,8,Teaching room equipment,CampusWorks Services,3.31,24.55,1,0,180.41,Synthetic demonstration data — not actual University of Sydney results
WO-00767,CASE-003649,2026-06-25 08:59:00,2026-06-26 02:22:45,1,9,Security and lighting,Metro Building Care,7.93,11.6,1,0,167.09,Synthetic demonstration data — not actual University of Sydney results
WO-00768,CASE-014841,2026-02-06 17:52:00,2026-02-07 16:58:51,1,9,Study spaces,Learning Spaces Technical,14.41,15.41,0,1,573.69,Synthetic demonstration data — not actual University of Sydney results
WO-00769,CASE-012312,2024-09-06 10:49:00,2024-09-08 16:58:53,1,9,HVAC and temperature,CampusWorks Services,19.24,36.11,1,0,339.74,Synthetic demonstration data — not actual University of Sydney results
WO-00770,CASE-005158,2025-03-07 15:03:00,2025-03-10 15:42:09,1,9,HVAC and temperature,Learning Spaces Technical,7.85,48.44,1,0,403.37,Synthetic demonstration data — not actual University of Sydney results
WO-00771,CASE-016226,2026-04-09 15:50:00,2026-04-10 15:50:59,2,8,Teaching room equipment,CampusWorks Services,1.87,16.01,1,0,170.49,Synthetic demonstration data — not actual University of Sydney results
WO-00772,CASE-017831,2024-12-06 18:51:00,2024-12-07 12:53:14,1,9,Study spaces,CampusWorks Services,8.84,12.02,1,0,328.49,Synthetic demonstration data — not actual University of Sydney results
WO-00773,CASE-012887,2025-09-25 13:48:00,2025-09-27 16:01:25,2,8,Teaching room equipment,CampusWorks Services,5.66,33.48,1,0,510.59,Synthetic demonstration data — not actual University of Sydney results
WO-00774,CASE-001336,2026-03-10 18:10:00,2026-03-12 09:35:36,1,9,Security and lighting,Metro Building Care,6.21,26.28,1,0,360.07,Synthetic demonstration data — not actual University of Sydney results
WO-00775,CASE-011609,2026-07-09 11:37:00,2026-07-10 16:05:32,1,9,Study spaces,Metro Building Care,17.89,18.98,1,0,154.65,Synthetic demonstration data — not actual University of Sydney results
WO-00776,CASE-003158,2025-07-14 14:35:00,2025-07-15 21:38:00,2,9,Study spaces,Learning Spaces Technical,3.47,20.7,1,0,411.0,Synthetic demonstration data — not actual University of Sydney results
WO-00777,CASE-017712,2025-04-23 10:39:00,2025-04-24 01:51:27,1,8,Teaching room equipment,Learning Spaces Technical,5.26,10.14,1,0,419.38,Synthetic demonstration data — not actual University of Sydney results
WO-00778,CASE-011681,2026-05-07 16:51:00,2026-05-08 06:14:53,3,10,Accessibility,Learning Spaces Technical,2.76,8.93,1,0,362.39,Synthetic demonstration data — not actual University of Sydney results
WO-00779,CASE-001667,2024-11-01 12:00:00,2024-11-02 04:27:26,1,9,Cleanliness,Learning Spaces Technical,5.41,10.97,1,0,1140.31,Synthetic demonstration data — not actual University of Sydney results
WO-00780,CASE-001404,2025-06-23 11:49:00,2025-06-24 20:44:40,1,8,Teaching room equipment,CampusWorks Services,2.49,21.95,1,0,943.52,Synthetic demonstration data — not actual University of Sydney results
WO-00781,CASE-004798,2025-06-04 16:30:00,2025-06-07 17:54:19,1,10,Accessibility,Learning Spaces Technical,5.18,48.94,1,0,275.17,Synthetic demonstration data — not actual University of Sydney results
WO-00782,CASE-002518,2025-03-19 17:38:00,2025-03-22 18:31:03,1,9,Study spaces,CampusWorks Services,18.88,48.59,1,0,571.78,Synthetic demonstration data — not actual University of Sydney results
WO-00783,CASE-010630,2024-10-08 17:57:00,2024-10-09 19:43:25,1,9,Study spaces,Learning Spaces Technical,16.18,17.18,1,0,783.6,Synthetic demonstration data — not actual University of Sydney results
WO-00784,CASE-014928,2026-08-06 14:29:00,2026-08-07 17:33:26,1,10,Accessibility,CampusWorks Services,2.47,18.05,1,0,578.24,Synthetic demonstration data — not actual University of Sydney results
WO-00785,CASE-010354,2025-02-12 20:16:00,2025-02-13 13:51:04,1,10,Accessibility,CampusWorks Services,7.6,11.72,1,0,73.34,Synthetic demonstration data — not actual University of Sydney results
WO-00786,CASE-005334,2025-02-26 11:57:00,2025-02-27 06:29:05,1,9,Security and lighting,Metro Building Care,3.51,12.36,1,0,1552.43,Synthetic demonstration data — not actual University of Sydney results
WO-00787,CASE-002878,2024-10-15 18:42:00,2024-10-16 10:52:38,1,9,Study spaces,Learning Spaces Technical,9.78,10.78,0,0,114.71,Synthetic demonstration data — not actual University of Sydney results
WO-00788,CASE-016864,2024-09-11 12:27:00,2024-09-12 17:29:21,3,9,Cleanliness,Learning Spaces Technical,2.4,19.36,1,0,265.96,Synthetic demonstration data — not actual University of Sydney results
WO-00789,CASE-002287,2025-04-21 15:35:00,2025-04-22 18:20:32,3,9,Security and lighting,Metro Building Care,2.92,17.84,1,0,369.27,Synthetic demonstration data — not actual University of Sydney results
WO-00790,CASE-007309,2026-06-08 09:32:00,2026-06-08 21:11:33,1,9,Security and lighting,CampusWorks Services,1.71,7.77,1,1,182.49,Synthetic demonstration data — not actual University of Sydney results
WO-00791,CASE-016746,2026-01-06 16:13:00,2026-01-07 21:14:38,1,9,HVAC and temperature,CampusWorks Services,5.7,19.35,1,0,182.96,Synthetic demonstration data — not actual University of Sydney results
WO-00792,CASE-014589,2026-01-08 15:26:00,2026-01-09 21:11:23,1,9,Security and lighting,CampusWorks Services,5.38,19.84,1,0,465.76,Synthetic demonstration data — not actual University of Sydney results
WO-00793,CASE-003227,2026-02-03 11:47:00,2026-02-04 07:42:57,3,9,HVAC and temperature,Metro Building Care,4.44,13.29,1,0,151.42,Synthetic demonstration data — not actual University of Sydney results
WO-00794,CASE-005935,2025-03-03 13:53:00,2025-03-05 04:48:34,2,9,HVAC and temperature,CampusWorks Services,3.48,25.95,0,0,373.36,Synthetic demonstration data — not actual University of Sydney results
WO-00795,CASE-009103,2026-01-22 09:53:00,2026-01-22 22:07:49,1,8,Teaching room equipment,Learning Spaces Technical,5.17,8.16,1,0,245.54,Synthetic demonstration data — not actual University of Sydney results
WO-00796,CASE-009403,2026-07-20 17:17:00,2026-07-22 01:53:14,1,9,Cleanliness,CampusWorks Services,1.23,21.74,1,0,172.08,Synthetic demonstration data — not actual University of Sydney results
WO-00797,CASE-010760,2025-03-17 11:25:00,2025-03-19 01:25:36,2,9,HVAC and temperature,Metro Building Care,5.5,25.34,1,0,371.5,Synthetic demonstration data — not actual University of Sydney results
WO-00798,CASE-013621,2026-02-11 16:50:00,2026-02-14 20:38:55,2,10,Accessibility,Learning Spaces Technical,5.52,50.54,1,0,134.18,Synthetic demonstration data — not actual University of Sydney results
WO-00799,CASE-014934,2025-05-02 16:41:00,2025-05-04 09:51:57,2,9,Cleanliness,Learning Spaces Technical,1.48,27.46,1,0,119.84,Synthetic demonstration data — not actual University of Sydney results
WO-00800,CASE-013922,2024-11-19 16:20:00,2024-11-22 01:16:20,1,9,Study spaces,CampusWorks Services,14.87,37.96,1,0,321.2,Synthetic demonstration data — not actual University of Sydney results
WO-00801,CASE-003086,2026-03-22 12:48:00,2026-03-25 05:33:18,1,9,HVAC and temperature,CampusWorks Services,6.53,43.17,1,0,126.0,Synthetic demonstration data — not actual University of Sydney results
WO-00802,CASE-010402,2026-01-03 12:18:00,2026-01-06 02:47:25,1,9,HVAC and temperature,Metro Building Care,7.65,41.66,0,0,172.03,Synthetic demonstration data — not actual University of Sydney results
WO-00803,CASE-010080,2025-11-28 11:09:00,2025-11-29 07:42:08,1,9,Cleanliness,Learning Spaces Technical,5.31,13.7,1,0,57.2,Synthetic demonstration data — not actual University of Sydney results
WO-00804,CASE-002024,2025-05-01 14:29:00,2025-05-04 03:32:38,1,10,Accessibility,Learning Spaces Technical,7.32,40.71,1,0,551.54,Synthetic demonstration data — not actual University of Sydney results
WO-00805,CASE-014638,2024-12-06 10:18:00,2024-12-07 11:35:03,1,9,Study spaces,Learning Spaces Technical,15.86,16.86,0,0,202.87,Synthetic demonstration data — not actual University of Sydney results
WO-00806,CASE-010804,2026-06-04 17:20:00,2026-06-06 07:56:03,1,9,Cleanliness,CampusWorks Services,3.72,25.73,1,0,328.45,Synthetic demonstration data — not actual University of Sydney results
WO-00807,CASE-000484,2026-02-26 16:28:00,2026-02-27 15:37:51,1,9,Cleanliness,Learning Spaces Technical,14.44,15.44,1,0,128.8,Synthetic demonstration data — not actual University of Sydney results
WO-00808,CASE-016048,2025-11-16 12:43:00,2025-11-18 04:08:59,1,8,Teaching room equipment,Metro Building Care,2.09,26.29,1,0,309.9,Synthetic demonstration data — not actual University of Sydney results
WO-00809,CASE-002664,2025-05-27 08:21:00,2025-05-29 04:05:47,1,9,HVAC and temperature,Metro Building Care,9.19,29.16,1,1,544.38,Synthetic demonstration data — not actual University of Sydney results
WO-00810,CASE-003074,2025-03-03 14:22:00,2025-03-04 21:12:26,1,9,HVAC and temperature,Metro Building Care,16.95,20.56,1,0,243.49,Synthetic demonstration data — not actual University of Sydney results
WO-00811,CASE-002581,2025-06-21 13:44:00,2025-06-26 21:58:36,1,9,Study spaces,Learning Spaces Technical,5.75,85.5,1,0,493.76,Synthetic demonstration data — not actual University of Sydney results
WO-00812,CASE-001068,2025-04-29 14:24:00,2025-04-30 02:27:09,1,9,Cleanliness,CampusWorks Services,7.04,8.04,1,0,334.93,Synthetic demonstration data — not actual University of Sydney results
WO-00813,CASE-008850,2025-02-26 08:21:00,2025-02-28 05:34:06,1,9,Cleanliness,Metro Building Care,3.2,30.15,0,0,462.41,Synthetic demonstration data — not actual University of Sydney results
WO-00814,CASE-007017,2026-03-16 12:44:00,2026-03-17 13:52:52,1,9,Security and lighting,Metro Building Care,10.22,16.77,1,0,198.2,Synthetic demonstration data — not actual University of Sydney results
WO-00815,CASE-005276,2025-06-05 16:32:00,2025-06-06 13:57:42,1,8,Teaching room equipment,CampusWorks Services,13.29,14.29,1,0,88.69,Synthetic demonstration data — not actual University of Sydney results
WO-00816,CASE-010863,2025-10-22 12:04:00,2025-10-23 04:42:45,2,9,HVAC and temperature,Metro Building Care,3.98,11.1,1,0,437.0,Synthetic demonstration data — not actual University of Sydney results
WO-00817,CASE-004640,2025-11-30 11:10:00,2025-12-02 01:33:59,1,10,Accessibility,Learning Spaces Technical,7.33,25.6,1,0,445.13,Synthetic demonstration data — not actual University of Sydney results
WO-00818,CASE-005453,2025-04-10 17:00:00,2025-04-12 09:59:59,1,9,Security and lighting,Metro Building Care,10.98,27.33,0,1,187.42,Synthetic demonstration data — not actual University of Sydney results
WO-00819,CASE-015900,2025-09-18 19:27:00,2025-09-19 22:57:01,1,9,HVAC and temperature,CampusWorks Services,3.47,18.33,0,0,173.75,Synthetic demonstration data — not actual University of Sydney results
WO-00820,CASE-011557,2024-12-19 13:43:00,2024-12-20 04:06:15,1,10,Accessibility,CampusWorks Services,3.67,9.59,1,0,93.31,Synthetic demonstration data — not actual University of Sydney results
WO-00821,CASE-007157,2025-07-19 15:42:00,2025-07-23 01:58:39,1,10,Accessibility,Metro Building Care,3.99,54.85,1,0,227.54,Synthetic demonstration data — not actual University of Sydney results
WO-00822,CASE-010112,2025-02-16 09:53:00,2025-02-19 20:02:57,1,9,Cleanliness,Metro Building Care,2.03,54.78,1,1,275.41,Synthetic demonstration data — not actual University of Sydney results
WO-00823,CASE-001505,2026-02-02 08:12:00,2026-02-05 00:52:53,1,9,HVAC and temperature,Metro Building Care,4.08,43.12,1,0,236.41,Synthetic demonstration data — not actual University of Sydney results
WO-00824,CASE-013704,2025-02-10 13:12:00,2025-02-12 12:18:20,1,9,Security and lighting,CampusWorks Services,2.41,31.4,1,0,316.55,Synthetic demonstration data — not actual University of Sydney results
WO-00825,CASE-012687,2026-03-14 17:28:00,2026-03-17 05:35:30,1,9,Study spaces,Metro Building Care,8.02,40.08,1,1,110.28,Synthetic demonstration data — not actual University of Sydney results
WO-00826,CASE-004980,2026-06-14 13:08:00,2026-06-17 13:18:04,1,9,Study spaces,Learning Spaces Technical,4.15,48.11,0,0,107.26,Synthetic demonstration data — not actual University of Sydney results
WO-00827,CASE-004777,2026-03-19 11:35:00,2026-03-20 13:21:28,1,9,Cleanliness,CampusWorks Services,4.48,17.18,1,0,211.27,Synthetic demonstration data — not actual University of Sydney results
WO-00828,CASE-000080,2024-11-18 14:17:00,2024-11-19 17:07:43,2,10,Accessibility,Learning Spaces Technical,5.61,17.9,1,0,285.71,Synthetic demonstration data — not actual University of Sydney results
WO-00829,CASE-004194,2026-06-01 19:30:00,2026-06-03 19:35:23,1,8,Teaching room equipment,CampusWorks Services,9.92,32.06,1,0,263.69,Synthetic demonstration data — not actual University of Sydney results
WO-00830,CASE-011463,2025-06-09 10:12:00,2025-06-11 02:15:39,2,9,Security and lighting,Learning Spaces Technical,3.19,26.71,1,0,824.14,Synthetic demonstration data — not actual University of Sydney results
WO-00831,CASE-001434,2024-12-31 16:50:00,2025-01-01 01:56:14,2,9,Security and lighting,Learning Spaces Technical,3.24,6.07,1,0,159.68,Synthetic demonstration data — not actual University of Sydney results
WO-00832,CASE-002899,2024-09-27 15:00:00,2024-09-28 23:36:16,1,8,Teaching room equipment,Learning Spaces Technical,6.37,21.74,1,0,403.58,Synthetic demonstration data — not actual University of Sydney results
WO-00833,CASE-003838,2026-05-08 09:05:00,2026-05-09 21:06:49,2,9,Study spaces,Learning Spaces Technical,2.88,24.02,1,0,260.76,Synthetic demonstration data — not actual University of Sydney results
WO-00834,CASE-017851,2025-02-07 15:30:00,2025-02-10 19:37:57,1,9,HVAC and temperature,Metro Building Care,9.7,50.76,1,0,323.18,Synthetic demonstration data — not actual University of Sydney results
WO-00835,CASE-002847,2025-03-25 10:22:00,2025-03-27 22:56:42,1,9,Security and lighting,CampusWorks Services,3.53,40.39,1,0,437.17,Synthetic demonstration data — not actual University of Sydney results
WO-00836,CASE-003308,2025-10-15 16:28:00,2025-10-18 18:22:20,1,9,Cleanliness,Metro Building Care,3.28,49.27,1,0,315.44,Synthetic demonstration data — not actual University of Sydney results
WO-00837,CASE-014065,2025-01-07 12:51:00,2025-01-08 13:58:23,3,9,Security and lighting,Metro Building Care,9.64,16.75,0,0,713.02,Synthetic demonstration data — not actual University of Sydney results
WO-00838,CASE-004439,2025-10-10 13:25:00,2025-10-11 10:19:08,1,9,HVAC and temperature,CampusWorks Services,7.42,13.93,1,0,280.05,Synthetic demonstration data — not actual University of Sydney results
WO-00839,CASE-001371,2024-09-25 14:26:00,2024-09-27 03:33:15,1,9,HVAC and temperature,Learning Spaces Technical,3.64,24.75,1,0,154.46,Synthetic demonstration data — not actual University of Sydney results
WO-00840,CASE-001197,2025-01-22 15:02:00,2025-01-23 17:32:31,1,10,Accessibility,CampusWorks Services,3.07,17.67,1,0,711.15,Synthetic demonstration data — not actual University of Sydney results
WO-00841,CASE-004104,2024-12-20 19:20:00,2024-12-29 12:06:10,1,9,HVAC and temperature,CampusWorks Services,5.69,139.18,1,0,446.58,Synthetic demonstration data — not actual University of Sydney results
WO-00842,CASE-011295,2026-04-14 15:24:00,2026-04-15 11:07:49,2,9,HVAC and temperature,CampusWorks Services,3.41,13.15,1,0,282.17,Synthetic demonstration data — not actual University of Sydney results
WO-00843,CASE-009564,2026-01-22 10:25:00,2026-01-23 17:11:18,3,9,Study spaces,Learning Spaces Technical,3.13,20.51,1,0,386.5,Synthetic demonstration data — not actual University of Sydney results
WO-00844,CASE-016566,2025-10-01 13:34:00,2025-10-02 11:21:41,1,9,HVAC and temperature,Learning Spaces Technical,13.53,14.53,1,0,318.89,Synthetic demonstration data — not actual University of Sydney results
WO-00845,CASE-009410,2026-03-19 15:44:00,2026-03-21 11:36:22,1,9,HVAC and temperature,CampusWorks Services,2.95,29.25,0,0,109.32,Synthetic demonstration data — not actual University of Sydney results
WO-00846,CASE-005190,2026-06-18 20:37:00,2026-06-20 01:18:26,1,8,Teaching room equipment,CampusWorks Services,3.08,19.13,1,0,429.33,Synthetic demonstration data — not actual University of Sydney results
WO-00847,CASE-003463,2025-07-26 13:34:00,2025-07-29 11:40:13,2,9,HVAC and temperature,Learning Spaces Technical,2.5,46.74,0,0,788.83,Synthetic demonstration data — not actual University of Sydney results
WO-00848,CASE-006322,2025-01-06 10:27:00,2025-01-07 22:31:07,1,9,Study spaces,CampusWorks Services,4.24,24.05,1,1,525.08,Synthetic demonstration data — not actual University of Sydney results
WO-00849,CASE-013817,2026-01-06 18:22:00,2026-01-09 05:00:00,1,9,HVAC and temperature,Metro Building Care,4.7,39.09,1,1,838.4,Synthetic demonstration data — not actual University of Sydney results
WO-00850,CASE-004773,2026-04-23 17:42:00,2026-04-24 23:58:15,1,10,Accessibility,Learning Spaces Technical,3.6,20.18,0,0,199.86,Synthetic demonstration data — not actual University of Sydney results
WO-00851,CASE-012086,2025-08-16 19:01:00,2025-08-17 12:26:07,1,9,HVAC and temperature,Metro Building Care,5.15,11.61,1,0,140.52,Synthetic demonstration data — not actual University of Sydney results
WO-00852,CASE-012243,2026-07-24 15:18:00,2026-07-25 21:06:04,1,8,Teaching room equipment,Learning Spaces Technical,3.57,19.87,0,0,167.17,Synthetic demonstration data — not actual University of Sydney results
WO-00853,CASE-001917,2025-03-21 10:31:00,2025-03-24 12:21:25,1,9,HVAC and temperature,Metro Building Care,4.49,49.23,1,0,183.82,Synthetic demonstration data — not actual University of Sydney results
WO-00854,CASE-017067,2026-05-05 17:07:00,2026-05-06 20:10:50,2,9,Security and lighting,Metro Building Care,6.13,18.04,1,0,510.49,Synthetic demonstration data — not actual University of Sydney results
WO-00855,CASE-000569,2026-06-02 09:16:00,2026-06-03 15:09:15,1,9,Cleanliness,Learning Spaces Technical,2.04,19.93,0,0,154.02,Synthetic demonstration data — not actual University of Sydney results
WO-00856,CASE-007265,2026-04-14 16:11:00,2026-04-16 04:51:28,2,9,HVAC and temperature,Learning Spaces Technical,4.93,24.45,1,0,158.61,Synthetic demonstration data — not actual University of Sydney results
WO-00857,CASE-000520,2025-04-08 12:20:00,2025-04-09 20:21:16,1,8,Teaching room equipment,CampusWorks Services,6.37,21.35,1,0,59.51,Synthetic demonstration data — not actual University of Sydney results
WO-00858,CASE-012788,2025-01-07 12:41:00,2025-01-08 13:01:25,2,9,Study spaces,Learning Spaces Technical,9.88,16.23,1,0,232.51,Synthetic demonstration data — not actual University of Sydney results
WO-00859,CASE-009096,2026-05-19 13:16:00,2026-05-22 10:08:01,1,9,Study spaces,Learning Spaces Technical,5.53,45.91,1,0,148.15,Synthetic demonstration data — not actual University of Sydney results
WO-00860,CASE-010778,2025-09-25 13:23:00,2025-09-26 22:20:51,3,10,Accessibility,Learning Spaces Technical,4.87,21.98,1,0,961.98,Synthetic demonstration data — not actual University of Sydney results
WO-00861,CASE-005049,2025-04-09 11:25:00,2025-04-11 22:35:33,1,9,Cleanliness,CampusWorks Services,15.7,39.45,1,0,395.96,Synthetic demonstration data — not actual University of Sydney results
WO-00862,CASE-015536,2026-07-04 08:20:00,2026-07-05 20:10:53,3,9,Study spaces,CampusWorks Services,6.42,23.9,1,0,850.27,Synthetic demonstration data — not actual University of Sydney results
WO-00863,CASE-011388,2026-07-06 10:23:00,2026-07-08 04:11:51,1,9,HVAC and temperature,CampusWorks Services,3.45,27.88,0,0,406.67,Synthetic demonstration data — not actual University of Sydney results
WO-00864,CASE-006565,2025-05-23 12:33:00,2025-05-24 11:09:39,2,10,Accessibility,Learning Spaces Technical,13.52,15.07,1,0,396.79,Synthetic demonstration data — not actual University of Sydney results
WO-00865,CASE-010153,2025-03-17 11:33:00,2025-03-18 05:33:33,3,10,Accessibility,CampusWorks Services,3.06,12.01,1,0,116.09,Synthetic demonstration data — not actual University of Sydney results
WO-00866,CASE-009626,2025-04-26 13:59:00,2025-04-27 13:34:35,1,9,Study spaces,CampusWorks Services,11.22,15.73,1,0,102.4,Synthetic demonstration data — not actual University of Sydney results
WO-00867,CASE-005114,2025-03-11 15:33:00,2025-03-14 19:56:12,1,9,Study spaces,CampusWorks Services,1.55,50.92,1,0,356.78,Synthetic demonstration data — not actual University of Sydney results
WO-00868,CASE-012829,2024-10-31 09:12:00,2024-11-03 16:18:23,2,9,HVAC and temperature,Metro Building Care,2.98,52.74,1,0,764.74,Synthetic demonstration data — not actual University of Sydney results
WO-00869,CASE-001408,2026-06-06 17:31:00,2026-06-08 14:21:29,1,9,Security and lighting,CampusWorks Services,4.17,29.89,1,0,223.23,Synthetic demonstration data — not actual University of Sydney results
WO-00870,CASE-016974,2024-09-03 16:30:00,2024-09-04 22:07:35,1,8,Teaching room equipment,Metro Building Care,6.25,19.75,0,0,164.17,Synthetic demonstration data — not actual University of Sydney results
WO-00871,CASE-016732,2025-02-11 17:35:00,2025-02-14 16:52:57,1,9,Study spaces,CampusWorks Services,5.11,47.53,1,0,837.86,Synthetic demonstration data — not actual University of Sydney results
WO-00872,CASE-002027,2026-05-15 18:47:00,2026-05-17 07:29:48,1,9,Cleanliness,CampusWorks Services,5.84,24.48,1,0,473.16,Synthetic demonstration data — not actual University of Sydney results
WO-00873,CASE-009927,2025-03-06 12:50:00,2025-03-08 02:38:01,1,9,Study spaces,CampusWorks Services,6.8,25.2,0,0,366.9,Synthetic demonstration data — not actual University of Sydney results
WO-00874,CASE-000550,2026-04-21 11:08:00,2026-04-23 10:54:38,1,9,Cleanliness,CampusWorks Services,5.51,31.85,1,0,582.43,Synthetic demonstration data — not actual University of Sydney results
WO-00875,CASE-011744,2026-03-30 14:01:00,2026-03-31 15:55:16,3,9,Security and lighting,Learning Spaces Technical,0.6,17.27,1,0,53.05,Synthetic demonstration data — not actual University of Sydney results
WO-00876,CASE-001729,2025-10-16 15:47:00,2025-10-17 09:44:18,3,9,HVAC and temperature,CampusWorks Services,6.11,11.97,1,0,222.87,Synthetic demonstration data — not actual University of Sydney results
WO-00877,CASE-001974,2026-08-01 12:48:00,2026-08-02 17:03:40,3,9,Study spaces,Learning Spaces Technical,2.03,18.84,1,0,179.32,Synthetic demonstration data — not actual University of Sydney results
WO-00878,CASE-014323,2025-07-17 16:03:00,2025-07-23 16:05:04,1,9,HVAC and temperature,Learning Spaces Technical,11.34,96.02,1,0,185.46,Synthetic demonstration data — not actual University of Sydney results
WO-00879,CASE-005996,2025-09-26 08:32:00,2025-09-27 06:57:53,1,9,HVAC and temperature,Learning Spaces Technical,9.62,14.95,1,1,160.49,Synthetic demonstration data — not actual University of Sydney results
WO-00880,CASE-006110,2024-09-09 16:42:00,2024-09-10 19:19:57,1,9,Security and lighting,Metro Building Care,3.57,17.76,1,0,154.82,Synthetic demonstration data — not actual University of Sydney results
WO-00881,CASE-005605,2026-05-14 13:42:00,2026-05-18 11:31:15,1,9,HVAC and temperature,CampusWorks Services,5.28,62.55,1,0,414.38,Synthetic demonstration data — not actual University of Sydney results
WO-00882,CASE-004139,2026-05-20 12:17:00,2026-05-20 21:15:46,1,8,Teaching room equipment,CampusWorks Services,3.7,5.99,1,0,541.52,Synthetic demonstration data — not actual University of Sydney results
WO-00883,CASE-016999,2025-08-18 17:32:00,2025-08-19 11:53:59,2,9,Cleanliness,Learning Spaces Technical,8.18,12.24,1,0,278.98,Synthetic demonstration data — not actual University of Sydney results
WO-00884,CASE-009635,2025-05-15 18:09:00,2025-05-17 01:35:16,2,10,Accessibility,Learning Spaces Technical,5.66,20.96,1,1,342.73,Synthetic demonstration data — not actual University of Sydney results
WO-00885,CASE-008844,2026-07-09 12:54:00,2026-07-10 06:04:49,1,9,Cleanliness,Metro Building Care,3.52,11.45,1,0,314.46,Synthetic demonstration data — not actual University of Sydney results
WO-00886,CASE-014247,2024-10-22 14:55:00,2024-10-24 11:02:26,1,9,Security and lighting,Metro Building Care,5.58,29.42,1,0,908.89,Synthetic demonstration data — not actual University of Sydney results
WO-00887,CASE-012713,2025-02-26 12:22:00,2025-02-27 14:21:29,1,8,Teaching room equipment,Learning Spaces Technical,5.15,17.33,1,0,470.87,Synthetic demonstration data — not actual University of Sydney results
WO-00888,CASE-013545,2025-03-21 08:25:00,2025-03-28 08:15:04,1,9,HVAC and temperature,Metro Building Care,11.29,111.89,1,0,490.59,Synthetic demonstration data — not actual University of Sydney results
WO-00889,CASE-012374,2025-05-02 16:47:00,2025-05-03 22:11:36,3,9,Security and lighting,Learning Spaces Technical,1.93,19.61,1,1,66.17,Synthetic demonstration data — not actual University of Sydney results
WO-00890,CASE-001337,2026-05-22 14:43:00,2026-05-23 03:41:20,1,9,Security and lighting,Metro Building Care,3.05,8.65,0,0,215.06,Synthetic demonstration data — not actual University of Sydney results
WO-00891,CASE-010348,2026-05-14 18:32:00,2026-05-16 13:48:54,2,9,Security and lighting,Learning Spaces Technical,4.58,28.85,1,0,316.78,Synthetic demonstration data — not actual University of Sydney results
WO-00892,CASE-005570,2025-07-08 17:40:00,2025-07-09 06:05:37,3,8,Teaching room equipment,CampusWorks Services,6.54,8.28,1,0,171.33,Synthetic demonstration data — not actual University of Sydney results
WO-00893,CASE-007314,2025-05-15 18:15:00,2025-05-16 09:36:39,3,10,Accessibility,Metro Building Care,2.53,10.24,1,0,1180.07,Synthetic demonstration data — not actual University of Sydney results
WO-00894,CASE-012153,2026-01-28 16:47:00,2026-01-29 11:11:41,3,10,Accessibility,Metro Building Care,2.59,12.27,1,0,162.31,Synthetic demonstration data — not actual University of Sydney results
WO-00895,CASE-002367,2025-05-04 14:43:00,2025-05-09 00:51:53,1,9,Study spaces,Learning Spaces Technical,15.07,70.77,0,0,500.8,Synthetic demonstration data — not actual University of Sydney results
WO-00896,CASE-010652,2025-11-10 11:03:00,2025-11-11 01:09:33,1,10,Accessibility,Metro Building Care,1.59,9.41,1,0,176.17,Synthetic demonstration data — not actual University of Sydney results
WO-00897,CASE-016174,2025-05-29 14:45:00,2025-06-02 10:29:08,1,9,Study spaces,CampusWorks Services,19.19,61.16,1,0,208.88,Synthetic demonstration data — not actual University of Sydney results
WO-00898,CASE-009654,2025-08-07 09:15:00,2025-08-09 22:37:31,1,9,HVAC and temperature,CampusWorks Services,12.33,40.92,1,0,160.94,Synthetic demonstration data — not actual University of Sydney results
WO-00899,CASE-012389,2026-03-03 16:25:00,2026-03-04 20:12:45,3,9,Study spaces,Metro Building Care,2.88,18.53,1,0,212.53,Synthetic demonstration data — not actual University of Sydney results
WO-00900,CASE-006147,2025-12-09 14:27:00,2025-12-10 21:14:09,2,8,Teaching room equipment,CampusWorks Services,6.71,20.52,1,0,402.47,Synthetic demonstration data — not actual University of Sydney results
WO-00901,CASE-000384,2025-07-28 08:39:00,2025-07-30 20:14:36,2,9,Security and lighting,Metro Building Care,2.52,39.73,1,0,739.19,Synthetic demonstration data — not actual University of Sydney results
WO-00902,CASE-002793,2025-01-20 10:42:00,2025-01-22 16:06:43,3,8,Teaching room equipment,Metro Building Care,2.81,35.61,1,0,995.45,Synthetic demonstration data — not actual University of Sydney results
WO-00903,CASE-012388,2025-08-01 15:02:00,2025-08-03 06:43:10,1,10,Accessibility,Metro Building Care,25.46,26.46,1,1,456.51,Synthetic demonstration data — not actual University of Sydney results
WO-00904,CASE-007511,2024-09-11 15:30:00,2024-09-12 17:50:43,1,9,Security and lighting,CampusWorks Services,6.4,17.56,1,0,256.27,Synthetic demonstration data — not actual University of Sydney results
WO-00905,CASE-006343,2025-09-07 08:41:00,2025-09-08 05:18:39,1,10,Accessibility,Metro Building Care,8.15,13.75,1,0,292.78,Synthetic demonstration data — not actual University of Sydney results
WO-00906,CASE-007022,2025-01-01 15:51:00,2025-01-03 18:46:21,2,9,HVAC and temperature,Learning Spaces Technical,3.84,33.95,1,0,239.13,Synthetic demonstration data — not actual University of Sydney results
WO-00907,CASE-001794,2026-05-21 13:08:00,2026-05-29 09:27:19,1,9,HVAC and temperature,Metro Building Care,8.44,125.55,1,0,401.7,Synthetic demonstration data — not actual University of Sydney results
WO-00908,CASE-009476,2025-08-04 10:11:00,2025-08-04 23:59:18,2,9,HVAC and temperature,Metro Building Care,7.55,9.2,1,0,214.46,Synthetic demonstration data — not actual University of Sydney results
WO-00909,CASE-014319,2024-09-19 15:28:00,2024-09-20 21:01:06,1,10,Accessibility,Metro Building Care,3.67,19.7,0,0,94.29,Synthetic demonstration data — not actual University of Sydney results
WO-00910,CASE-007006,2026-07-24 20:37:00,2026-07-27 02:16:11,1,9,Study spaces,Metro Building Care,7.67,35.77,1,0,681.15,Synthetic demonstration data — not actual University of Sydney results
WO-00911,CASE-015603,2024-12-31 19:52:00,2025-01-01 09:39:12,1,9,Security and lighting,CampusWorks Services,2.67,9.19,0,0,419.97,Synthetic demonstration data — not actual University of Sydney results
WO-00912,CASE-001532,2026-05-29 13:24:00,2026-06-01 16:11:19,1,9,Security and lighting,Metro Building Care,4.78,49.86,1,0,147.33,Synthetic demonstration data — not actual University of Sydney results
WO-00913,CASE-003650,2026-08-10 10:06:00,2026-08-13 17:33:13,1,9,Study spaces,Learning Spaces Technical,9.94,52.97,1,0,142.29,Synthetic demonstration data — not actual University of Sydney results
WO-00914,CASE-015920,2026-07-14 09:00:00,2026-07-15 18:39:04,1,9,Cleanliness,Learning Spaces Technical,6.8,22.43,1,0,316.72,Synthetic demonstration data — not actual University of Sydney results
WO-00915,CASE-001646,2025-02-25 08:26:00,2025-03-05 01:14:46,1,9,HVAC and temperature,CampusWorks Services,9.44,123.21,0,1,390.32,Synthetic demonstration data — not actual University of Sydney results
WO-00916,CASE-004067,2025-07-21 15:47:00,2025-07-22 14:13:09,1,9,Security and lighting,Learning Spaces Technical,3.13,14.96,1,0,130.54,Synthetic demonstration data — not actual University of Sydney results
WO-00917,CASE-010324,2026-02-27 10:58:00,2026-03-01 03:27:52,2,9,Cleanliness,Metro Building Care,3.23,27.0,1,0,467.15,Synthetic demonstration data — not actual University of Sydney results
WO-00918,CASE-002301,2026-08-07 12:11:00,2026-08-10 09:00:49,1,9,HVAC and temperature,Learning Spaces Technical,8.38,45.89,1,0,71.68,Synthetic demonstration data — not actual University of Sydney results
WO-00919,CASE-005404,2024-10-21 10:06:00,2024-10-22 07:27:43,2,9,HVAC and temperature,Metro Building Care,1.67,14.24,0,0,167.05,Synthetic demonstration data — not actual University of Sydney results
WO-00920,CASE-010248,2026-04-13 19:45:00,2026-04-15 23:34:33,1,8,Teaching room equipment,Learning Spaces Technical,4.3,34.55,1,0,576.26,Synthetic demonstration data — not actual University of Sydney results
WO-00921,CASE-012981,2025-01-09 11:39:00,2025-01-11 03:21:22,1,9,Security and lighting,Metro Building Care,8.04,26.47,1,0,180.59,Synthetic demonstration data — not actual University of Sydney results
WO-00922,CASE-011155,2026-04-13 17:04:00,2026-04-15 06:05:51,1,9,Security and lighting,Metro Building Care,2.97,24.69,1,0,348.31,Synthetic demonstration data — not actual University of Sydney results
WO-00923,CASE-003249,2026-05-14 15:21:00,2026-05-15 07:12:57,1,9,Security and lighting,Metro Building Care,9.21,10.58,1,0,127.21,Synthetic demonstration data — not actual University of Sydney results
WO-00924,CASE-001586,2026-05-30 16:13:00,2026-06-02 09:22:38,1,9,Security and lighting,CampusWorks Services,3.38,43.44,1,0,520.73,Synthetic demonstration data — not actual University of Sydney results
WO-00925,CASE-017704,2026-06-22 18:14:00,2026-06-26 09:53:53,1,9,HVAC and temperature,CampusWorks Services,13.52,58.44,1,0,170.39,Synthetic demonstration data — not actual University of Sydney results
WO-00926,CASE-009676,2026-03-13 10:17:00,2026-03-14 09:55:00,1,9,HVAC and temperature,Learning Spaces Technical,14.76,15.76,0,0,611.4,Synthetic demonstration data — not actual University of Sydney results
WO-00927,CASE-009427,2025-10-08 19:53:00,2025-10-10 22:23:22,1,8,Teaching room equipment,Learning Spaces Technical,1.64,33.67,1,0,130.97,Synthetic demonstration data — not actual University of Sydney results
WO-00928,CASE-005724,2024-09-05 14:28:00,2024-09-07 12:54:26,1,9,Study spaces,Metro Building Care,6.65,30.96,1,0,435.9,Synthetic demonstration data — not actual University of Sydney results
WO-00929,CASE-002279,2025-03-21 16:54:00,2025-03-22 23:39:30,1,9,Security and lighting,CampusWorks Services,5.47,20.51,1,0,181.0,Synthetic demonstration data — not actual University of Sydney results
WO-00930,CASE-009453,2026-07-28 16:06:00,2026-07-28 22:36:25,2,9,Study spaces,Metro Building Care,2.8,4.34,1,0,403.49,Synthetic demonstration data — not actual University of Sydney results
WO-00931,CASE-008205,2026-02-26 12:40:00,2026-02-27 18:15:57,1,9,Cleanliness,CampusWorks Services,6.63,19.73,1,0,554.82,Synthetic demonstration data — not actual University of Sydney results
WO-00932,CASE-015279,2026-01-12 14:09:00,2026-01-13 22:29:58,1,9,HVAC and temperature,Metro Building Care,5.97,21.57,0,0,540.23,Synthetic demonstration data — not actual University of Sydney results
WO-00933,CASE-016996,2024-12-31 15:06:00,2025-01-02 05:18:43,1,9,Cleanliness,Learning Spaces Technical,7.94,25.47,1,0,433.56,Synthetic demonstration data — not actual University of Sydney results
WO-00934,CASE-006875,2025-09-30 09:09:00,2025-09-30 23:33:38,3,10,Accessibility,Metro Building Care,7.84,9.61,1,0,248.26,Synthetic demonstration data — not actual University of Sydney results
WO-00935,CASE-015776,2026-07-31 15:16:00,2026-08-01 21:43:43,1,9,Study spaces,Learning Spaces Technical,11.55,20.31,0,0,258.14,Synthetic demonstration data — not actual University of Sydney results
WO-00936,CASE-008519,2024-09-08 19:33:00,2024-09-10 00:08:31,2,9,Security and lighting,Learning Spaces Technical,3.84,19.06,1,0,384.57,Synthetic demonstration data — not actual University of Sydney results
WO-00937,CASE-015541,2025-08-15 12:30:00,2025-08-17 00:22:18,1,9,Study spaces,Learning Spaces Technical,5.63,23.91,1,0,628.33,Synthetic demonstration data — not actual University of Sydney results
WO-00938,CASE-004698,2024-09-10 10:42:00,2024-09-13 09:57:40,1,9,Cleanliness,Learning Spaces Technical,1.37,47.51,1,0,326.1,Synthetic demonstration data — not actual University of Sydney results
WO-00939,CASE-009871,2025-02-05 08:52:00,2025-02-06 15:25:42,2,9,HVAC and temperature,CampusWorks Services,13.06,20.37,1,0,468.12,Synthetic demonstration data — not actual University of Sydney results
WO-00940,CASE-012747,2025-01-27 13:59:00,2025-01-28 15:12:56,1,9,HVAC and temperature,Metro Building Care,15.82,16.82,1,1,352.37,Synthetic demonstration data — not actual University of Sydney results
WO-00941,CASE-010250,2026-02-06 15:00:00,2026-02-07 09:06:38,1,9,HVAC and temperature,CampusWorks Services,10.34,12.07,1,0,233.04,Synthetic demonstration data — not actual University of Sydney results
WO-00942,CASE-011600,2024-10-30 10:00:00,2024-10-31 21:15:47,1,9,Cleanliness,CampusWorks Services,4.29,23.51,1,0,1784.0,Synthetic demonstration data — not actual University of Sydney results
WO-00943,CASE-011477,2025-06-23 13:47:00,2025-06-27 06:36:19,1,9,Study spaces,Metro Building Care,8.97,59.21,1,0,308.2,Synthetic demonstration data — not actual University of Sydney results
WO-00944,CASE-011527,2026-07-13 10:03:00,2026-07-15 11:24:36,1,9,HVAC and temperature,Learning Spaces Technical,6.01,32.91,1,0,142.29,Synthetic demonstration data — not actual University of Sydney results
WO-00945,CASE-013595,2025-08-15 13:43:00,2025-08-19 00:41:26,1,9,Cleanliness,Learning Spaces Technical,8.2,55.32,1,0,239.84,Synthetic demonstration data — not actual University of Sydney results
WO-00946,CASE-004535,2025-03-15 18:41:00,2025-03-17 20:07:38,2,9,Study spaces,Learning Spaces Technical,4.38,32.96,0,0,180.18,Synthetic demonstration data — not actual University of Sydney results
WO-00947,CASE-012686,2025-10-08 16:22:00,2025-10-09 18:03:23,1,10,Accessibility,Metro Building Care,3.55,17.13,1,0,334.47,Synthetic demonstration data — not actual University of Sydney results
WO-00948,CASE-008393,2025-07-05 11:15:00,2025-07-09 16:44:39,1,9,HVAC and temperature,Metro Building Care,7.91,67.66,1,0,410.98,Synthetic demonstration data — not actual University of Sydney results
WO-00949,CASE-015262,2026-03-26 15:50:00,2026-04-02 08:47:06,1,9,Study spaces,Learning Spaces Technical,8.48,107.3,1,0,218.88,Synthetic demonstration data — not actual University of Sydney results
WO-00950,CASE-015779,2025-01-09 13:13:00,2025-01-13 00:58:53,1,9,Study spaces,Learning Spaces Technical,4.79,55.84,1,0,324.65,Synthetic demonstration data — not actual University of Sydney results
WO-00951,CASE-003874,2025-09-09 13:38:00,2025-09-10 11:09:20,1,9,Cleanliness,Metro Building Care,2.62,14.35,1,0,337.6,Synthetic demonstration data — not actual University of Sydney results
WO-00952,CASE-000610,2026-06-03 08:10:00,2026-06-04 00:39:27,1,9,Security and lighting,Learning Spaces Technical,1.35,10.99,1,0,141.75,Synthetic demonstration data — not actual University of Sydney results
WO-00953,CASE-010079,2025-03-21 19:54:00,2025-03-23 09:57:07,1,9,HVAC and temperature,Learning Spaces Technical,7.48,25.37,0,0,167.86,Synthetic demonstration data — not actual University of Sydney results
WO-00954,CASE-011558,2025-02-05 16:45:00,2025-02-08 04:22:32,1,10,Accessibility,Learning Spaces Technical,5.15,39.75,1,0,968.33,Synthetic demonstration data — not actual University of Sydney results
WO-00955,CASE-009522,2025-09-16 16:14:00,2025-09-19 10:20:46,1,9,Security and lighting,CampusWorks Services,5.66,44.08,1,1,351.58,Synthetic demonstration data — not actual University of Sydney results
WO-00956,CASE-005237,2026-03-12 10:51:00,2026-03-14 20:05:53,1,9,HVAC and temperature,Learning Spaces Technical,6.14,38.17,1,0,753.49,Synthetic demonstration data — not actual University of Sydney results
WO-00957,CASE-001866,2026-02-23 09:14:00,2026-02-24 16:03:32,1,8,Teaching room equipment,Metro Building Care,1.98,20.55,1,0,602.11,Synthetic demonstration data — not actual University of Sydney results
WO-00958,CASE-004074,2026-04-13 11:36:00,2026-04-18 12:58:32,1,9,Cleanliness,Learning Spaces Technical,2.92,80.92,1,0,642.27,Synthetic demonstration data — not actual University of Sydney results
WO-00959,CASE-010454,2024-12-07 19:44:00,2024-12-08 04:31:25,2,9,Study spaces,Metro Building Care,2.64,5.86,1,0,346.01,Synthetic demonstration data — not actual University of Sydney results
WO-00960,CASE-000284,2025-09-12 08:12:00,2025-09-17 00:31:14,1,9,Study spaces,CampusWorks Services,4.89,74.88,1,1,87.09,Synthetic demonstration data — not actual University of Sydney results
WO-00961,CASE-002002,2025-08-31 18:58:00,2025-09-04 16:01:53,1,9,HVAC and temperature,Learning Spaces Technical,7.9,62.04,0,0,880.94,Synthetic demonstration data — not actual University of Sydney results
WO-00962,CASE-006662,2024-11-14 12:13:00,2024-11-16 11:58:12,1,9,Security and lighting,CampusWorks Services,6.59,31.84,1,0,505.1,Synthetic demonstration data — not actual University of Sydney results
WO-00963,CASE-017364,2026-03-16 13:44:00,2026-03-19 21:29:38,1,9,HVAC and temperature,Learning Spaces Technical,11.09,53.17,1,0,198.17,Synthetic demonstration data — not actual University of Sydney results
WO-00964,CASE-002421,2025-01-01 14:51:00,2025-01-02 01:40:20,1,8,Teaching room equipment,Learning Spaces Technical,2.48,7.21,1,0,342.49,Synthetic demonstration data — not actual University of Sydney results
WO-00965,CASE-010766,2026-07-13 19:32:00,2026-07-15 05:30:38,1,9,Cleanliness,Metro Building Care,1.39,22.65,1,0,35.55,Synthetic demonstration data — not actual University of Sydney results
WO-00966,CASE-007575,2025-02-07 18:49:00,2025-02-10 01:36:35,1,9,Study spaces,CampusWorks Services,6.95,36.53,0,0,348.98,Synthetic demonstration data — not actual University of Sydney results
WO-00967,CASE-016371,2025-02-20 09:59:00,2025-02-21 15:25:10,1,8,Teaching room equipment,Metro Building Care,4.76,19.62,0,0,246.36,Synthetic demonstration data — not actual University of Sydney results
WO-00968,CASE-001353,2025-03-20 17:55:00,2025-03-25 23:00:34,1,9,Study spaces,Learning Spaces Technical,11.98,83.4,1,0,367.78,Synthetic demonstration data — not actual University of Sydney results
WO-00969,CASE-012988,2026-05-05 12:13:00,2026-05-07 10:21:25,1,8,Teaching room equipment,CampusWorks Services,4.34,30.76,1,0,205.81,Synthetic demonstration data — not actual University of Sydney results
WO-00970,CASE-002405,2026-03-16 15:11:00,2026-03-18 19:02:30,1,9,HVAC and temperature,Learning Spaces Technical,4.16,34.57,1,0,264.61,Synthetic demonstration data — not actual University of Sydney results
WO-00971,CASE-014408,2026-07-20 14:37:00,2026-07-23 00:14:04,2,9,HVAC and temperature,Learning Spaces Technical,3.76,38.41,1,0,134.43,Synthetic demonstration data — not actual University of Sydney results
WO-00972,CASE-011063,2025-11-05 14:25:00,2025-11-07 04:17:53,1,9,Study spaces,Metro Building Care,12.77,25.25,0,1,796.65,Synthetic demonstration data — not actual University of Sydney results
WO-00973,CASE-015473,2025-04-10 13:25:00,2025-04-11 17:22:59,1,9,Cleanliness,CampusWorks Services,6.31,18.64,1,0,455.62,Synthetic demonstration data — not actual University of Sydney results
WO-00974,CASE-015789,2026-03-05 17:11:00,2026-03-07 15:43:38,1,9,Security and lighting,Metro Building Care,4.56,31.03,1,0,624.78,Synthetic demonstration data — not actual University of Sydney results
WO-00975,CASE-002629,2025-12-28 15:20:00,2025-12-30 20:41:50,1,9,Study spaces,CampusWorks Services,8.42,35.58,1,0,278.54,Synthetic demonstration data — not actual University of Sydney results
WO-00976,CASE-003567,2026-03-22 15:18:00,2026-03-23 20:40:51,1,9,Study spaces,Metro Building Care,9.3,19.59,0,0,196.16,Synthetic demonstration data — not actual University of Sydney results
WO-00977,CASE-015957,2025-05-09 10:39:00,2025-05-10 23:09:26,1,9,Security and lighting,Learning Spaces Technical,2.41,24.34,1,0,463.3,Synthetic demonstration data — not actual University of Sydney results
WO-00978,CASE-004513,2025-06-08 17:10:00,2025-06-09 07:50:41,1,10,Accessibility,Metro Building Care,4.98,9.79,1,0,140.77,Synthetic demonstration data — not actual University of Sydney results
WO-00979,CASE-010197,2025-10-09 15:19:00,2025-10-11 03:20:27,3,9,Study spaces,Learning Spaces Technical,4.5,24.02,1,0,258.4,Synthetic demonstration data — not actual University of Sydney results
WO-00980,CASE-006081,2025-05-14 14:57:00,2025-05-15 11:58:38,1,9,Cleanliness,Metro Building Care,5.95,14.02,1,0,332.8,Synthetic demonstration data — not actual University of Sydney results
WO-00981,CASE-012791,2024-12-21 16:18:00,2024-12-25 05:14:28,1,9,Security and lighting,Learning Spaces Technical,7.06,56.63,1,0,186.12,Synthetic demonstration data — not actual University of Sydney results
WO-00982,CASE-014261,2025-03-20 18:14:00,2025-03-22 12:34:14,2,9,Study spaces,Metro Building Care,5.65,28.22,1,0,150.48,Synthetic demonstration data — not actual University of Sydney results
WO-00983,CASE-000930,2025-12-01 09:58:00,2025-12-09 02:35:26,1,9,Study spaces,Metro Building Care,9.23,123.08,0,0,148.74,Synthetic demonstration data — not actual University of Sydney results
WO-00984,CASE-001187,2024-12-18 10:23:00,2024-12-20 03:54:51,1,10,Accessibility,Metro Building Care,7.65,27.69,1,0,152.85,Synthetic demonstration data — not actual University of Sydney results
WO-00985,CASE-003231,2024-09-03 15:20:00,2024-09-05 16:51:37,1,8,Teaching room equipment,CampusWorks Services,3.2,33.02,1,0,209.28,Synthetic demonstration data — not actual University of Sydney results
WO-00986,CASE-002860,2025-03-03 15:49:00,2025-03-05 10:13:22,1,10,Accessibility,CampusWorks Services,18.14,28.27,1,0,556.3,Synthetic demonstration data — not actual University of Sydney results
WO-00987,CASE-004730,2025-02-11 17:22:00,2025-02-15 16:23:37,1,9,Study spaces,Metro Building Care,8.74,63.35,1,1,555.99,Synthetic demonstration data — not actual University of Sydney results
WO-00988,CASE-008805,2026-02-09 17:52:00,2026-02-10 13:05:12,2,9,HVAC and temperature,Metro Building Care,5.33,12.81,1,0,355.82,Synthetic demonstration data — not actual University of Sydney results
WO-00989,CASE-004717,2026-02-10 15:22:00,2026-02-16 08:59:27,1,9,HVAC and temperature,CampusWorks Services,7.39,91.75,1,0,331.31,Synthetic demonstration data — not actual University of Sydney results
WO-00990,CASE-002392,2025-03-06 12:25:00,2025-03-10 00:03:41,1,9,HVAC and temperature,Metro Building Care,6.54,55.76,0,1,247.07,Synthetic demonstration data — not actual University of Sydney results
WO-00991,CASE-008004,2026-02-17 13:31:00,2026-02-21 02:16:22,1,9,Study spaces,CampusWorks Services,5.91,56.5,1,0,117.38,Synthetic demonstration data — not actual University of Sydney results
WO-00992,CASE-016931,2024-12-01 13:55:00,2024-12-03 10:57:08,1,9,Study spaces,Learning Spaces Technical,6.27,30.02,1,0,100.77,Synthetic demonstration data — not actual University of Sydney results
WO-00993,CASE-007465,2025-05-05 18:26:00,2025-05-12 07:01:56,1,9,HVAC and temperature,Metro Building Care,9.56,104.4,0,0,95.72,Synthetic demonstration data — not actual University of Sydney results
WO-00994,CASE-014150,2025-08-05 12:52:00,2025-08-06 17:36:12,3,9,HVAC and temperature,Learning Spaces Technical,5.39,19.16,1,0,978.63,Synthetic demonstration data — not actual University of Sydney results
WO-00995,CASE-010765,2025-01-10 15:14:00,2025-01-11 13:35:27,2,10,Accessibility,CampusWorks Services,2.79,14.91,1,0,418.68,Synthetic demonstration data — not actual University of Sydney results
WO-00996,CASE-010720,2025-03-23 15:17:00,2025-03-24 04:44:46,3,9,Security and lighting,Metro Building Care,3.99,8.98,1,0,518.84,Synthetic demonstration data — not actual University of Sydney results
WO-00997,CASE-013853,2026-08-07 14:15:00,2026-08-08 14:10:13,3,9,HVAC and temperature,Metro Building Care,2.22,15.95,1,0,163.25,Synthetic demonstration data — not actual University of Sydney results
WO-00998,CASE-002676,2025-09-23 10:53:00,2025-09-24 00:35:13,2,9,Security and lighting,Learning Spaces Technical,7.3,9.14,0,0,134.35,Synthetic demonstration data — not actual University of Sydney results
WO-00999,CASE-008880,2024-10-10 13:19:00,2024-10-10 23:30:54,2,10,Accessibility,Metro Building Care,2.77,6.8,1,0,345.43,Synthetic demonstration data — not actual University of Sydney results
WO-01000,CASE-000982,2025-06-04 13:20:00,2025-06-05 11:03:44,2,9,Cleanliness,Metro Building Care,3.0,14.49,1,0,148.07,Synthetic demonstration data — not actual University of Sydney results
WO-01001,CASE-014607,2025-05-10 10:55:00,2025-05-12 05:42:51,2,10,Accessibility,Learning Spaces Technical,4.56,28.53,1,1,173.03,Synthetic demonstration data — not actual University of Sydney results
WO-01002,CASE-005988,2025-09-04 12:26:00,2025-09-06 04:32:39,1,9,HVAC and temperature,CampusWorks Services,2.55,26.74,0,0,291.62,Synthetic demonstration data — not actual University of Sydney results
WO-01003,CASE-006033,2026-06-30 15:16:00,2026-07-02 17:24:18,1,9,Cleanliness,Metro Building Care,2.72,33.43,1,0,340.68,Synthetic demonstration data — not actual University of Sydney results
WO-01004,CASE-004494,2025-12-24 13:16:00,2025-12-25 05:36:47,2,10,Accessibility,Learning Spaces Technical,7.28,10.9,1,0,558.87,Synthetic demonstration data — not actual University of Sydney results
WO-01005,CASE-013345,2025-08-27 14:36:00,2025-08-28 06:00:16,1,8,Teaching room equipment,Metro Building Care,5.02,10.27,0,0,315.26,Synthetic demonstration data — not actual University of Sydney results
WO-01006,CASE-017905,2026-02-07 10:38:00,2026-02-10 10:34:03,1,9,HVAC and temperature,Metro Building Care,3.49,47.96,0,0,183.67,Synthetic demonstration data — not actual University of Sydney results
WO-01007,CASE-017923,2025-04-28 12:43:00,2025-05-02 14:37:48,1,9,HVAC and temperature,Metro Building Care,6.5,65.28,1,0,196.49,Synthetic demonstration data — not actual University of Sydney results
WO-01008,CASE-001629,2025-06-19 09:08:00,2025-06-20 10:01:42,1,9,Study spaces,Metro Building Care,8.98,16.6,0,0,496.86,Synthetic demonstration data — not actual University of Sydney results
WO-01009,CASE-001627,2025-05-06 17:46:00,2025-05-08 16:41:03,1,9,Study spaces,Metro Building Care,6.3,31.28,1,0,308.81,Synthetic demonstration data — not actual University of Sydney results
WO-01010,CASE-000408,2025-08-17 13:38:00,2025-08-21 08:01:44,1,9,Study spaces,Metro Building Care,9.86,60.26,1,0,298.02,Synthetic demonstration data — not actual University of Sydney results
WO-01011,CASE-008986,2025-11-09 20:34:00,2025-11-11 02:01:43,2,9,Cleanliness,Learning Spaces Technical,3.77,19.64,1,0,189.64,Synthetic demonstration data — not actual University of Sydney results
WO-01012,CASE-003578,2024-09-20 15:58:00,2024-09-23 08:00:25,1,9,HVAC and temperature,CampusWorks Services,6.25,42.69,1,0,377.46,Synthetic demonstration data — not actual University of Sydney results
WO-01013,CASE-001623,2025-02-06 12:02:00,2025-02-08 20:04:02,1,10,Accessibility,Learning Spaces Technical,3.21,37.36,0,0,180.85,Synthetic demonstration data — not actual University of Sydney results
WO-01014,CASE-001257,2026-03-03 10:22:00,2026-03-05 07:40:36,1,9,HVAC and temperature,CampusWorks Services,8.74,30.21,1,0,522.18,Synthetic demonstration data — not actual University of Sydney results
WO-01015,CASE-014828,2025-09-18 12:42:00,2025-09-19 00:56:48,3,8,Teaching room equipment,Metro Building Care,7.09,8.16,1,0,438.59,Synthetic demonstration data — not actual University of Sydney results
WO-01016,CASE-010870,2026-05-17 12:27:00,2026-05-18 22:24:41,1,9,Security and lighting,CampusWorks Services,3.76,22.64,1,0,183.82,Synthetic demonstration data — not actual University of Sydney results
WO-01017,CASE-016469,2025-12-28 19:34:00,2025-12-30 01:50:27,2,9,Security and lighting,CampusWorks Services,6.68,20.18,1,0,473.12,Synthetic demonstration data — not actual University of Sydney results
WO-01018,CASE-006951,2026-03-02 19:30:00,2026-03-05 10:28:08,1,9,HVAC and temperature,Learning Spaces Technical,11.37,41.98,1,0,137.79,Synthetic demonstration data — not actual University of Sydney results
WO-01019,CASE-000013,2025-09-12 08:27:00,2025-09-13 10:48:02,1,10,Accessibility,Learning Spaces Technical,2.02,17.57,1,1,200.69,Synthetic demonstration data — not actual University of Sydney results
WO-01020,CASE-002692,2024-09-18 14:05:00,2024-09-19 15:11:14,1,10,Accessibility,Learning Spaces Technical,5.62,16.74,1,0,494.68,Synthetic demonstration data — not actual University of Sydney results
WO-01021,CASE-002884,2024-12-28 14:42:00,2025-01-01 04:52:27,1,9,Cleanliness,Metro Building Care,4.73,57.45,1,0,229.93,Synthetic demonstration data — not actual University of Sydney results
WO-01022,CASE-009971,2026-07-12 18:50:00,2026-07-14 20:27:38,2,8,Teaching room equipment,CampusWorks Services,3.86,33.08,1,0,190.79,Synthetic demonstration data — not actual University of Sydney results
WO-01023,CASE-013405,2026-03-10 11:47:00,2026-03-13 01:14:25,2,9,HVAC and temperature,Learning Spaces Technical,2.32,40.97,0,0,338.45,Synthetic demonstration data — not actual University of Sydney results
WO-01024,CASE-010045,2024-12-30 13:02:00,2025-01-01 15:36:11,1,9,Cleanliness,Metro Building Care,2.99,33.71,1,0,574.29,Synthetic demonstration data — not actual University of Sydney results
WO-01025,CASE-001261,2025-06-16 13:37:00,2025-06-19 08:30:24,1,9,HVAC and temperature,Learning Spaces Technical,4.18,44.59,1,0,172.85,Synthetic demonstration data — not actual University of Sydney results
WO-01026,CASE-004473,2026-07-09 11:15:00,2026-07-20 19:39:41,1,9,Study spaces,Learning Spaces Technical,10.9,181.61,1,0,481.5,Synthetic demonstration data — not actual University of Sydney results
WO-01027,CASE-015443,2025-05-06 12:13:00,2025-05-11 04:43:13,1,9,HVAC and temperature,CampusWorks Services,13.11,75.0,1,0,191.71,Synthetic demonstration data — not actual University of Sydney results
WO-01028,CASE-014092,2024-10-24 08:44:00,2024-10-26 06:48:11,1,9,HVAC and temperature,CampusWorks Services,10.82,30.71,1,0,295.1,Synthetic demonstration data — not actual University of Sydney results
WO-01029,CASE-006421,2026-01-08 11:16:00,2026-01-09 05:27:09,1,9,Cleanliness,Metro Building Care,1.88,12.12,1,0,312.49,Synthetic demonstration data — not actual University of Sydney results
WO-01030,CASE-003815,2025-04-14 10:41:00,2025-04-14 21:48:09,1,9,Cleanliness,Metro Building Care,3.27,7.41,1,0,309.33,Synthetic demonstration data — not actual University of Sydney results
WO-01031,CASE-004585,2026-07-08 17:49:00,2026-07-12 02:10:59,1,10,Accessibility,Metro Building Care,2.51,53.58,1,0,363.12,Synthetic demonstration data — not actual University of Sydney results
WO-01032,CASE-002292,2026-04-20 14:13:00,2026-04-26 16:13:38,1,9,HVAC and temperature,Learning Spaces Technical,8.07,97.34,1,0,222.18,Synthetic demonstration data — not actual University of Sydney results
WO-01033,CASE-015334,2025-09-22 15:58:00,2025-09-23 08:32:52,1,9,Cleanliness,CampusWorks Services,10.05,11.05,1,0,898.23,Synthetic demonstration data — not actual University of Sydney results
WO-01034,CASE-008744,2024-09-03 09:35:00,2024-09-04 20:03:13,1,10,Accessibility,Learning Spaces Technical,2.89,22.98,0,0,355.17,Synthetic demonstration data — not actual University of Sydney results
WO-01035,CASE-009318,2026-06-11 17:46:00,2026-06-12 04:58:37,1,10,Accessibility,Learning Spaces Technical,6.47,7.47,1,0,240.29,Synthetic demonstration data — not actual University of Sydney results
WO-01036,CASE-009827,2025-06-03 08:53:00,2025-06-04 21:00:34,1,9,Security and lighting,Metro Building Care,8.13,24.08,1,0,185.91,Synthetic demonstration data — not actual University of Sydney results
WO-01037,CASE-008001,2026-01-10 08:17:00,2026-01-11 01:40:06,1,10,Accessibility,Learning Spaces Technical,5.57,11.59,1,0,540.13,Synthetic demonstration data — not actual University of Sydney results
WO-01038,CASE-000661,2025-03-18 11:13:00,2025-03-23 23:17:36,1,9,HVAC and temperature,Metro Building Care,4.41,88.05,1,0,270.81,Synthetic demonstration data — not actual University of Sydney results
WO-01039,CASE-013221,2026-05-31 11:37:00,2026-06-01 16:20:28,2,9,HVAC and temperature,CampusWorks Services,4.28,19.15,1,0,269.84,Synthetic demonstration data — not actual University of Sydney results
WO-01040,CASE-017081,2026-07-01 10:31:00,2026-07-02 08:11:34,1,10,Accessibility,CampusWorks Services,4.79,14.45,1,0,186.25,Synthetic demonstration data — not actual University of Sydney results
WO-01041,CASE-005638,2026-06-12 15:02:00,2026-06-14 21:54:44,2,9,Cleanliness,CampusWorks Services,3.89,36.59,1,0,270.98,Synthetic demonstration data — not actual University of Sydney results
WO-01042,CASE-015710,2025-10-14 18:47:00,2025-10-16 05:42:26,2,8,Teaching room equipment,Metro Building Care,15.64,23.28,1,0,135.07,Synthetic demonstration data — not actual University of Sydney results
WO-01043,CASE-017162,2025-01-05 18:46:00,2025-01-08 22:02:11,2,9,Cleanliness,Metro Building Care,8.75,50.18,1,0,469.36,Synthetic demonstration data — not actual University of Sydney results
WO-01044,CASE-008160,2024-09-25 16:31:00,2024-09-26 06:29:56,2,10,Accessibility,CampusWorks Services,6.72,9.32,1,1,142.88,Synthetic demonstration data — not actual University of Sydney results
WO-01045,CASE-006244,2026-01-01 15:26:00,2026-01-03 07:45:49,1,9,Study spaces,CampusWorks Services,2.01,26.89,1,0,633.05,Synthetic demonstration data — not actual University of Sydney results
WO-01046,CASE-004400,2026-03-08 10:51:00,2026-03-10 05:17:23,1,9,HVAC and temperature,Learning Spaces Technical,14.73,28.29,0,0,292.58,Synthetic demonstration data — not actual University of Sydney results
WO-01047,CASE-010138,2024-09-15 15:43:00,2024-09-17 20:13:25,1,10,Accessibility,Metro Building Care,4.17,35.0,1,0,129.39,Synthetic demonstration data — not actual University of Sydney results
WO-01048,CASE-009575,2025-03-27 18:13:00,2025-03-29 10:27:26,2,10,Accessibility,Learning Spaces Technical,17.15,26.83,1,0,214.99,Synthetic demonstration data — not actual University of Sydney results
WO-01049,CASE-002871,2024-12-19 10:50:00,2024-12-28 18:33:04,1,9,Study spaces,CampusWorks Services,3.48,149.15,1,0,166.34,Synthetic demonstration data — not actual University of Sydney results
WO-01050,CASE-010239,2025-04-26 12:49:00,2025-04-28 11:27:54,1,9,HVAC and temperature,Learning Spaces Technical,2.55,31.1,1,0,1327.2,Synthetic demonstration data — not actual University of Sydney results
WO-01051,CASE-002836,2025-01-05 09:22:00,2025-01-06 22:09:20,3,9,Study spaces,Metro Building Care,10.73,24.53,1,0,164.14,Synthetic demonstration data — not actual University of Sydney results
WO-01052,CASE-016016,2026-08-12 11:46:00,2026-08-13 15:09:31,1,9,HVAC and temperature,Learning Spaces Technical,6.98,18.26,1,0,291.1,Synthetic demonstration data — not actual University of Sydney results
WO-01053,CASE-002052,2025-02-11 14:28:00,2025-02-16 15:01:18,2,10,Accessibility,Learning Spaces Technical,3.46,80.37,1,0,432.6,Synthetic demonstration data — not actual University of Sydney results
WO-01054,CASE-017199,2024-12-25 15:47:00,2024-12-28 09:08:41,1,9,Study spaces,Learning Spaces Technical,11.46,43.57,1,0,676.76,Synthetic demonstration data — not actual University of Sydney results
WO-01055,CASE-011272,2024-11-04 12:40:00,2024-11-07 11:05:13,2,8,Teaching room equipment,CampusWorks Services,2.45,46.95,1,0,201.1,Synthetic demonstration data — not actual University of Sydney results
WO-01056,CASE-008326,2026-03-29 19:32:00,2026-03-30 14:46:36,1,8,Teaching room equipment,Learning Spaces Technical,9.39,12.83,1,0,372.2,Synthetic demonstration data — not actual University of Sydney results
WO-01057,CASE-004985,2025-10-21 10:42:00,2025-10-22 02:22:31,2,9,HVAC and temperature,Metro Building Care,1.36,10.45,1,0,444.0,Synthetic demonstration data — not actual University of Sydney results
WO-01058,CASE-007568,2025-03-25 14:53:00,2025-03-26 16:10:10,1,9,Study spaces,Learning Spaces Technical,3.18,16.86,1,0,689.13,Synthetic demonstration data — not actual University of Sydney results
WO-01059,CASE-014454,2025-03-24 10:01:00,2025-03-25 05:51:40,3,8,Teaching room equipment,Metro Building Care,12.23,13.23,1,0,182.5,Synthetic demonstration data — not actual University of Sydney results
WO-01060,CASE-005948,2025-10-27 09:58:00,2025-10-28 17:57:18,1,8,Teaching room equipment,CampusWorks Services,6.96,21.33,1,0,43.33,Synthetic demonstration data — not actual University of Sydney results
WO-01061,CASE-016686,2024-10-30 17:32:00,2024-10-31 08:56:24,1,10,Accessibility,CampusWorks Services,9.27,10.27,1,0,345.09,Synthetic demonstration data — not actual University of Sydney results
WO-01062,CASE-004038,2025-01-31 17:55:00,2025-02-01 19:12:36,1,9,Security and lighting,Learning Spaces Technical,5.03,16.86,1,0,228.52,Synthetic demonstration data — not actual University of Sydney results
WO-01063,CASE-009897,2025-12-07 12:36:00,2025-12-09 02:21:00,1,9,Cleanliness,Metro Building Care,4.52,25.17,1,0,568.79,Synthetic demonstration data — not actual University of Sydney results
WO-01064,CASE-007130,2025-03-22 15:39:00,2025-03-25 18:33:38,1,9,HVAC and temperature,Metro Building Care,7.33,49.94,1,0,648.21,Synthetic demonstration data — not actual University of Sydney results
WO-01065,CASE-006987,2025-03-31 13:26:00,2025-04-09 07:43:55,1,9,Study spaces,CampusWorks Services,4.25,140.2,0,0,324.42,Synthetic demonstration data — not actual University of Sydney results
WO-01066,CASE-012567,2025-07-22 13:20:00,2025-07-23 08:32:22,1,8,Teaching room equipment,Learning Spaces Technical,5.41,12.8,1,0,318.72,Synthetic demonstration data — not actual University of Sydney results
WO-01067,CASE-005792,2024-10-17 09:06:00,2024-10-19 14:13:58,1,9,Cleanliness,Metro Building Care,5.82,35.42,1,0,234.52,Synthetic demonstration data — not actual University of Sydney results
WO-01068,CASE-003473,2026-02-18 11:52:00,2026-02-23 01:48:09,1,9,HVAC and temperature,CampusWorks Services,6.56,73.29,1,0,329.35,Synthetic demonstration data — not actual University of Sydney results
WO-01069,CASE-002188,2025-04-12 10:26:00,2025-04-13 06:58:41,1,8,Teaching room equipment,Metro Building Care,3.33,13.7,1,0,219.04,Synthetic demonstration data — not actual University of Sydney results
WO-01070,CASE-016907,2025-07-01 11:30:00,2025-07-02 05:20:00,2,9,HVAC and temperature,Learning Spaces Technical,4.07,11.89,1,0,215.7,Synthetic demonstration data — not actual University of Sydney results
WO-01071,CASE-005687,2025-08-10 12:04:00,2025-08-11 09:09:28,1,9,Cleanliness,Learning Spaces Technical,1.36,14.06,1,0,316.86,Synthetic demonstration data — not actual University of Sydney results
WO-01072,CASE-010705,2024-12-21 15:28:00,2024-12-22 15:48:17,1,9,Security and lighting,CampusWorks Services,3.72,16.23,1,0,203.51,Synthetic demonstration data — not actual University of Sydney results
WO-01073,CASE-002671,2026-07-24 13:41:00,2026-07-26 01:40:09,1,9,HVAC and temperature,Metro Building Care,5.2,23.99,1,0,183.86,Synthetic demonstration data — not actual University of Sydney results
WO-01074,CASE-009217,2026-01-26 10:54:00,2026-01-27 14:44:51,2,9,Cleanliness,CampusWorks Services,17.57,18.57,1,0,397.84,Synthetic demonstration data — not actual University of Sydney results
WO-01075,CASE-007094,2025-11-03 16:14:00,2025-11-06 06:59:20,3,10,Accessibility,CampusWorks Services,7.87,41.84,1,0,269.84,Synthetic demonstration data — not actual University of Sydney results
WO-01076,CASE-006582,2025-07-03 17:00:00,2025-07-06 14:09:54,1,9,Study spaces,CampusWorks Services,6.74,46.11,1,0,776.89,Synthetic demonstration data — not actual University of Sydney results
WO-01077,CASE-008163,2024-10-02 09:01:00,2024-10-07 15:28:32,1,9,HVAC and temperature,CampusWorks Services,6.79,84.31,1,0,134.26,Synthetic demonstration data — not actual University of Sydney results
WO-01078,CASE-016979,2025-03-29 09:22:00,2025-03-31 01:44:36,1,10,Accessibility,CampusWorks Services,5.64,26.92,1,0,409.32,Synthetic demonstration data — not actual University of Sydney results
WO-01079,CASE-007421,2026-03-09 14:39:00,2026-03-10 12:09:26,3,9,Study spaces,CampusWorks Services,9.3,14.34,1,0,193.49,Synthetic demonstration data — not actual University of Sydney results
WO-01080,CASE-012797,2025-10-11 17:58:00,2025-10-12 09:11:42,3,9,Cleanliness,Learning Spaces Technical,8.87,10.15,1,0,140.89,Synthetic demonstration data — not actual University of Sydney results
WO-01081,CASE-002627,2025-10-01 11:53:00,2025-10-02 18:30:44,1,10,Accessibility,CampusWorks Services,2.39,20.42,1,0,747.36,Synthetic demonstration data — not actual University of Sydney results
WO-01082,CASE-006548,2025-12-02 13:37:00,2025-12-03 04:58:08,2,9,HVAC and temperature,Metro Building Care,9.23,10.23,1,0,504.06,Synthetic demonstration data — not actual University of Sydney results
WO-01083,CASE-010199,2026-03-26 14:17:00,2026-03-30 10:52:59,2,9,Study spaces,Learning Spaces Technical,3.74,61.73,1,0,198.5,Synthetic demonstration data — not actual University of Sydney results
WO-01084,CASE-015654,2026-06-03 13:46:00,2026-06-04 19:45:05,1,9,HVAC and temperature,Metro Building Care,18.99,19.99,1,0,163.02,Synthetic demonstration data — not actual University of Sydney results
WO-01085,CASE-017126,2025-06-13 12:13:00,2025-06-16 21:50:02,1,8,Teaching room equipment,Learning Spaces Technical,4.02,54.41,0,0,191.78,Synthetic demonstration data — not actual University of Sydney results
WO-01086,CASE-002359,2025-11-11 16:12:00,2025-11-13 00:26:22,1,9,Cleanliness,Learning Spaces Technical,16.34,21.49,1,0,323.97,Synthetic demonstration data — not actual University of Sydney results
WO-01087,CASE-009761,2025-06-27 15:37:00,2025-06-29 01:49:44,1,9,HVAC and temperature,Metro Building Care,19.26,22.81,1,0,521.42,Synthetic demonstration data — not actual University of Sydney results
WO-01088,CASE-000246,2025-05-10 17:41:00,2025-05-11 04:59:38,1,10,Accessibility,Metro Building Care,2.04,7.54,1,0,415.91,Synthetic demonstration data — not actual University of Sydney results
WO-01089,CASE-009451,2024-11-06 17:24:00,2024-11-07 23:26:19,3,9,Study spaces,CampusWorks Services,3.16,20.03,0,1,261.72,Synthetic demonstration data — not actual University of Sydney results
WO-01090,CASE-005992,2026-01-08 12:38:00,2026-01-10 10:16:34,1,9,Cleanliness,CampusWorks Services,2.87,30.43,1,0,128.18,Synthetic demonstration data — not actual University of Sydney results
WO-01091,CASE-015521,2026-07-15 18:27:00,2026-07-17 17:13:52,1,9,HVAC and temperature,Metro Building Care,6.21,31.19,1,0,182.49,Synthetic demonstration data — not actual University of Sydney results
WO-01092,CASE-003736,2025-08-13 13:54:00,2025-08-17 05:03:31,1,8,Teaching room equipment,Metro Building Care,6.98,58.11,1,0,267.01,Synthetic demonstration data — not actual University of Sydney results
WO-01093,CASE-007632,2025-07-05 20:52:00,2025-07-08 06:27:32,1,9,HVAC and temperature,CampusWorks Services,27.16,38.39,1,1,150.14,Synthetic demonstration data — not actual University of Sydney results
WO-01094,CASE-012525,2025-04-17 17:36:00,2025-04-18 16:40:58,1,10,Accessibility,Learning Spaces Technical,7.51,15.39,1,0,573.94,Synthetic demonstration data — not actual University of Sydney results
WO-01095,CASE-002306,2024-09-27 10:43:00,2024-09-28 11:08:14,1,9,Security and lighting,CampusWorks Services,7.58,16.28,1,0,133.12,Synthetic demonstration data — not actual University of Sydney results
WO-01096,CASE-017833,2025-08-04 14:30:00,2025-08-05 19:07:57,1,9,HVAC and temperature,Learning Spaces Technical,18.09,19.09,1,0,209.71,Synthetic demonstration data — not actual University of Sydney results
WO-01097,CASE-011853,2025-08-31 18:08:00,2025-09-01 17:13:51,1,9,Cleanliness,Metro Building Care,9.62,15.4,1,0,201.27,Synthetic demonstration data — not actual University of Sydney results
WO-01098,CASE-004403,2026-07-16 13:51:00,2026-07-17 11:07:36,1,10,Accessibility,CampusWorks Services,3.15,14.18,1,0,259.43,Synthetic demonstration data — not actual University of Sydney results
WO-01099,CASE-004704,2026-04-20 12:50:00,2026-04-22 01:12:59,1,9,Study spaces,Metro Building Care,7.4,24.26,1,0,129.08,Synthetic demonstration data — not actual University of Sydney results
WO-01100,CASE-016645,2026-02-18 08:52:00,2026-02-19 08:21:19,1,9,HVAC and temperature,Metro Building Care,14.66,15.66,0,0,222.13,Synthetic demonstration data — not actual University of Sydney results
WO-01101,CASE-015571,2025-08-12 18:23:00,2025-08-13 12:56:14,2,8,Teaching room equipment,Metro Building Care,5.93,12.37,0,0,599.03,Synthetic demonstration data — not actual University of Sydney results
WO-01102,CASE-008817,2025-06-24 13:27:00,2025-06-27 06:46:23,1,9,Study spaces,Metro Building Care,10.41,43.55,0,0,218.14,Synthetic demonstration data — not actual University of Sydney results
WO-01103,CASE-004983,2025-05-29 14:09:00,2025-06-01 05:25:52,1,9,Study spaces,CampusWorks Services,7.1,42.19,1,0,186.4,Synthetic demonstration data — not actual University of Sydney results
WO-01104,CASE-017263,2025-08-24 10:09:00,2025-08-26 09:55:55,3,9,Study spaces,Learning Spaces Technical,2.96,31.85,1,0,817.95,Synthetic demonstration data — not actual University of Sydney results
WO-01105,CASE-009393,2026-03-26 19:17:00,2026-03-28 08:18:38,1,9,Study spaces,Learning Spaces Technical,5.66,24.68,1,0,361.86,Synthetic demonstration data — not actual University of Sydney results
WO-01106,CASE-001752,2025-05-01 12:16:00,2025-05-03 00:54:11,1,9,Security and lighting,Metro Building Care,7.57,24.42,1,0,376.7,Synthetic demonstration data — not actual University of Sydney results
WO-01107,CASE-004726,2026-04-28 12:43:00,2026-04-30 12:00:14,1,9,HVAC and temperature,CampusWorks Services,4.86,31.52,1,0,269.92,Synthetic demonstration data — not actual University of Sydney results
WO-01108,CASE-017601,2025-02-03 15:58:00,2025-02-04 18:11:29,1,9,Cleanliness,Metro Building Care,11.22,17.48,1,1,753.99,Synthetic demonstration data — not actual University of Sydney results
WO-01109,CASE-011569,2024-09-12 19:41:00,2024-09-13 16:14:08,3,8,Teaching room equipment,Metro Building Care,2.09,13.7,1,0,336.92,Synthetic demonstration data — not actual University of Sydney results
WO-01110,CASE-010210,2025-12-01 14:48:00,2025-12-03 10:42:40,1,9,Study spaces,Metro Building Care,16.44,29.27,0,0,362.24,Synthetic demonstration data — not actual University of Sydney results
WO-01111,CASE-009412,2025-02-23 08:27:00,2025-02-25 03:06:11,3,8,Teaching room equipment,CampusWorks Services,3.6,28.44,1,0,391.18,Synthetic demonstration data — not actual University of Sydney results
WO-01112,CASE-011901,2024-12-10 08:31:00,2024-12-14 05:50:10,1,9,HVAC and temperature,Learning Spaces Technical,7.34,62.21,1,0,135.36,Synthetic demonstration data — not actual University of Sydney results
WO-01113,CASE-004869,2025-01-24 13:24:00,2025-01-30 06:29:46,1,9,HVAC and temperature,Learning Spaces Technical,5.41,91.4,0,0,160.82,Synthetic demonstration data — not actual University of Sydney results
WO-01114,CASE-000191,2025-02-27 11:28:00,2025-02-28 20:13:39,1,10,Accessibility,Metro Building Care,3.88,21.84,1,1,326.61,Synthetic demonstration data — not actual University of Sydney results
WO-01115,CASE-016994,2025-10-25 16:23:00,2025-10-28 02:00:27,1,9,Study spaces,CampusWorks Services,4.61,38.42,1,1,445.86,Synthetic demonstration data — not actual University of Sydney results
WO-01116,CASE-003157,2024-10-31 10:56:00,2024-11-01 15:30:50,1,10,Accessibility,Metro Building Care,10.04,19.05,1,0,228.92,Synthetic demonstration data — not actual University of Sydney results
WO-01117,CASE-005097,2025-06-16 13:22:00,2025-06-17 04:44:00,1,8,Teaching room equipment,Metro Building Care,5.73,10.24,1,0,146.51,Synthetic demonstration data — not actual University of Sydney results
WO-01118,CASE-004658,2025-05-01 18:23:00,2025-05-02 06:09:00,1,8,Teaching room equipment,Learning Spaces Technical,6.84,7.84,0,0,414.14,Synthetic demonstration data — not actual University of Sydney results
WO-01119,CASE-013957,2025-03-20 09:48:00,2025-03-21 14:21:21,1,9,Cleanliness,CampusWorks Services,3.84,19.04,1,0,344.02,Synthetic demonstration data — not actual University of Sydney results
WO-01120,CASE-009556,2024-12-04 17:29:00,2024-12-05 09:19:55,1,9,Security and lighting,Metro Building Care,2.37,10.57,1,0,127.86,Synthetic demonstration data — not actual University of Sydney results
WO-01121,CASE-014016,2025-11-03 08:05:00,2025-11-04 02:05:24,2,9,HVAC and temperature,Metro Building Care,2.94,12.0,1,0,141.65,Synthetic demonstration data — not actual University of Sydney results
WO-01122,CASE-014494,2026-08-12 16:06:00,2026-08-15 08:55:35,1,9,Study spaces,Metro Building Care,17.48,43.22,1,1,574.68,Synthetic demonstration data — not actual University of Sydney results
WO-01123,CASE-016962,2025-09-09 12:11:00,2025-09-10 13:50:56,1,9,Cleanliness,CampusWorks Services,7.81,17.11,1,1,90.6,Synthetic demonstration data — not actual University of Sydney results
WO-01124,CASE-007349,2025-06-11 11:48:00,2025-06-12 01:42:11,1,9,Security and lighting,Learning Spaces Technical,6.15,9.27,1,0,218.98,Synthetic demonstration data — not actual University of Sydney results
WO-01125,CASE-001702,2024-12-11 11:26:00,2024-12-14 05:44:17,3,9,Security and lighting,CampusWorks Services,3.93,44.2,1,0,364.37,Synthetic demonstration data — not actual University of Sydney results
WO-01126,CASE-000184,2025-09-24 17:05:00,2025-09-25 11:04:32,3,9,Study spaces,CampusWorks Services,4.46,11.99,1,1,158.05,Synthetic demonstration data — not actual University of Sydney results
WO-01127,CASE-005710,2026-04-16 10:49:00,2026-04-19 21:45:47,1,9,Study spaces,Metro Building Care,5.91,55.3,0,0,439.79,Synthetic demonstration data — not actual University of Sydney results
WO-01128,CASE-010288,2025-07-10 12:12:00,2025-07-14 20:44:14,1,9,Study spaces,CampusWorks Services,3.6,69.69,1,0,153.58,Synthetic demonstration data — not actual University of Sydney results
WO-01129,CASE-006417,2025-02-20 09:34:00,2025-02-23 18:12:41,1,9,Study spaces,Learning Spaces Technical,7.86,53.76,0,1,611.13,Synthetic demonstration data — not actual University of Sydney results
WO-01130,CASE-016372,2024-10-02 18:09:00,2024-10-04 01:36:28,1,9,Cleanliness,Metro Building Care,9.81,20.97,1,0,307.2,Synthetic demonstration data — not actual University of Sydney results
WO-01131,CASE-004489,2025-03-07 13:40:00,2025-03-09 08:59:12,1,9,Cleanliness,CampusWorks Services,4.74,28.88,1,0,226.73,Synthetic demonstration data — not actual University of Sydney results
WO-01132,CASE-013107,2025-09-20 17:59:00,2025-09-22 06:13:42,1,9,Study spaces,Learning Spaces Technical,15.62,24.16,0,0,249.21,Synthetic demonstration data — not actual University of Sydney results
WO-01133,CASE-013455,2024-09-18 17:15:00,2024-09-19 14:15:24,1,9,Security and lighting,Learning Spaces Technical,8.27,14.0,1,0,695.43,Synthetic demonstration data — not actual University of Sydney results
WO-01134,CASE-014079,2025-12-25 18:25:00,2025-12-26 13:06:54,1,9,Cleanliness,CampusWorks Services,2.78,12.47,1,0,360.96,Synthetic demonstration data — not actual University of Sydney results
WO-01135,CASE-006913,2025-01-06 14:00:00,2025-01-10 03:42:40,1,9,Study spaces,Metro Building Care,5.9,57.14,1,0,210.22,Synthetic demonstration data — not actual University of Sydney results
WO-01136,CASE-015618,2024-12-07 15:50:00,2024-12-10 03:22:00,1,9,Study spaces,CampusWorks Services,5.89,39.69,1,0,341.11,Synthetic demonstration data — not actual University of Sydney results
WO-01137,CASE-004942,2025-07-06 14:17:00,2025-07-08 21:21:35,1,8,Teaching room equipment,Learning Spaces Technical,3.84,36.72,1,0,247.97,Synthetic demonstration data — not actual University of Sydney results
WO-01138,CASE-005498,2026-01-27 16:51:00,2026-01-31 06:39:31,2,10,Accessibility,Metro Building Care,2.68,57.21,1,0,593.02,Synthetic demonstration data — not actual University of Sydney results
WO-01139,CASE-007031,2025-06-17 13:00:00,2025-06-19 00:52:35,1,10,Accessibility,CampusWorks Services,4.55,23.92,1,0,242.47,Synthetic demonstration data — not actual University of Sydney results
WO-01140,CASE-007730,2025-07-01 11:12:00,2025-07-02 15:33:46,1,8,Teaching room equipment,Learning Spaces Technical,6.79,18.91,1,0,193.72,Synthetic demonstration data — not actual University of Sydney results
WO-01141,CASE-002993,2026-05-11 15:13:00,2026-05-14 12:08:18,3,9,Study spaces,CampusWorks Services,7.75,45.95,1,0,458.59,Synthetic demonstration data — not actual University of Sydney results
WO-01142,CASE-008631,2026-03-02 17:32:00,2026-03-04 01:02:54,1,9,Security and lighting,CampusWorks Services,2.65,21.01,0,0,250.28,Synthetic demonstration data — not actual University of Sydney results
WO-01143,CASE-007375,2025-08-11 13:29:00,2025-08-13 05:16:45,1,9,Security and lighting,CampusWorks Services,5.38,26.53,1,0,517.88,Synthetic demonstration data — not actual University of Sydney results
WO-01144,CASE-002314,2025-09-06 10:05:00,2025-09-07 20:13:45,2,9,HVAC and temperature,CampusWorks Services,9.57,22.76,1,0,277.11,Synthetic demonstration data — not actual University of Sydney results
WO-01145,CASE-008678,2026-01-12 14:34:00,2026-01-13 16:53:14,2,9,HVAC and temperature,Learning Spaces Technical,2.68,17.55,1,0,391.51,Synthetic demonstration data — not actual University of Sydney results
WO-01146,CASE-009359,2025-02-07 13:05:00,2025-02-10 02:36:52,1,9,HVAC and temperature,Metro Building Care,7.89,41.02,1,0,440.84,Synthetic demonstration data — not actual University of Sydney results
WO-01147,CASE-003292,2025-11-20 08:18:00,2025-11-20 23:00:51,1,9,Cleanliness,Metro Building Care,7.04,9.81,1,0,262.49,Synthetic demonstration data — not actual University of Sydney results
WO-01148,CASE-003830,2025-10-29 12:26:00,2025-11-01 19:15:37,1,8,Teaching room equipment,Learning Spaces Technical,9.27,52.55,1,0,168.66,Synthetic demonstration data — not actual University of Sydney results
WO-01149,CASE-008509,2025-01-11 18:51:00,2025-01-12 12:55:38,3,9,Study spaces,Metro Building Care,1.41,12.05,1,0,390.66,Synthetic demonstration data — not actual University of Sydney results
WO-01150,CASE-001921,2025-01-22 17:26:00,2025-01-23 17:17:23,1,9,HVAC and temperature,Learning Spaces Technical,3.32,15.9,1,0,219.35,Synthetic demonstration data — not actual University of Sydney results
WO-01151,CASE-012068,2025-10-10 20:40:00,2025-10-11 14:55:29,2,9,Cleanliness,Learning Spaces Technical,8.21,12.17,1,0,224.87,Synthetic demonstration data — not actual University of Sydney results
WO-01152,CASE-000282,2025-07-07 16:55:00,2025-07-08 20:17:14,1,10,Accessibility,Metro Building Care,6.73,18.25,1,0,316.82,Synthetic demonstration data — not actual University of Sydney results
WO-01153,CASE-015426,2024-12-31 15:02:00,2025-01-02 13:41:05,1,9,HVAC and temperature,Learning Spaces Technical,7.0,31.1,0,0,212.72,Synthetic demonstration data — not actual University of Sydney results
WO-01154,CASE-015004,2025-04-07 15:20:00,2025-04-08 03:47:32,1,9,Security and lighting,Learning Spaces Technical,4.96,8.31,1,1,252.93,Synthetic demonstration data — not actual University of Sydney results
WO-01155,CASE-010549,2025-01-28 10:12:00,2025-02-03 21:27:37,1,9,Study spaces,CampusWorks Services,13.43,103.51,1,0,180.13,Synthetic demonstration data — not actual University of Sydney results
WO-01156,CASE-017568,2025-08-12 11:08:00,2025-08-13 01:11:43,3,9,Cleanliness,Learning Spaces Technical,3.01,9.37,1,0,264.88,Synthetic demonstration data — not actual University of Sydney results
WO-01157,CASE-008910,2024-12-10 08:06:00,2024-12-12 03:43:39,1,9,Study spaces,Learning Spaces Technical,7.56,29.09,1,0,250.62,Synthetic demonstration data — not actual University of Sydney results
WO-01158,CASE-007268,2025-04-27 09:23:00,2025-04-28 07:15:43,1,9,Security and lighting,CampusWorks Services,3.26,14.59,1,0,304.6,Synthetic demonstration data — not actual University of Sydney results
WO-01159,CASE-012070,2025-01-09 11:38:00,2025-01-11 22:13:49,1,9,HVAC and temperature,CampusWorks Services,4.65,39.06,1,1,128.1,Synthetic demonstration data — not actual University of Sydney results
WO-01160,CASE-010932,2025-07-09 09:10:00,2025-07-10 16:59:35,1,9,Study spaces,CampusWorks Services,20.22,21.22,1,1,351.87,Synthetic demonstration data — not actual University of Sydney results
WO-01161,CASE-015728,2026-05-12 11:53:00,2026-05-14 05:21:58,1,9,Study spaces,Learning Spaces Technical,5.55,27.66,0,0,349.5,Synthetic demonstration data — not actual University of Sydney results
WO-01162,CASE-012940,2024-10-01 17:40:00,2024-10-03 01:55:03,2,9,Cleanliness,Learning Spaces Technical,14.87,21.5,1,0,276.54,Synthetic demonstration data — not actual University of Sydney results
WO-01163,CASE-006572,2026-06-03 13:27:00,2026-06-04 16:09:03,2,9,HVAC and temperature,CampusWorks Services,7.54,17.8,0,0,487.95,Synthetic demonstration data — not actual University of Sydney results
WO-01164,CASE-009698,2024-11-13 20:14:00,2024-11-15 15:32:13,1,9,Cleanliness,Metro Building Care,1.25,28.87,1,0,717.06,Synthetic demonstration data — not actual University of Sydney results
WO-01165,CASE-002398,2026-06-23 12:21:00,2026-06-27 21:49:26,1,9,HVAC and temperature,Metro Building Care,3.53,70.32,0,1,359.6,Synthetic demonstration data — not actual University of Sydney results
WO-01166,CASE-015658,2026-06-22 15:17:00,2026-06-23 12:45:05,1,8,Teaching room equipment,Metro Building Care,6.23,14.31,1,0,130.52,Synthetic demonstration data — not actual University of Sydney results
WO-01167,CASE-001490,2025-07-27 15:30:00,2025-07-30 10:59:55,1,9,Cleanliness,Metro Building Care,6.51,45.0,1,1,138.9,Synthetic demonstration data — not actual University of Sydney results
WO-01168,CASE-016278,2026-06-30 19:14:00,2026-07-02 22:01:06,1,9,HVAC and temperature,Learning Spaces Technical,7.69,33.86,0,0,338.01,Synthetic demonstration data — not actual University of Sydney results
WO-01169,CASE-003488,2025-05-08 13:47:00,2025-05-09 23:48:44,3,9,Security and lighting,Metro Building Care,2.56,22.69,1,0,169.23,Synthetic demonstration data — not actual University of Sydney results
WO-01170,CASE-005913,2025-07-01 15:01:00,2025-07-02 10:59:45,1,9,Study spaces,Learning Spaces Technical,10.91,13.32,0,1,444.39,Synthetic demonstration data — not actual University of Sydney results
WO-01171,CASE-006813,2025-07-11 16:22:00,2025-07-13 07:59:27,1,9,Study spaces,Metro Building Care,9.37,26.42,1,0,393.3,Synthetic demonstration data — not actual University of Sydney results
WO-01172,CASE-008197,2025-01-02 14:08:00,2025-01-08 10:15:47,1,9,HVAC and temperature,Learning Spaces Technical,4.09,93.42,1,0,172.71,Synthetic demonstration data — not actual University of Sydney results
WO-01173,CASE-016863,2025-06-10 13:48:00,2025-06-11 09:14:22,1,9,Cleanliness,Learning Spaces Technical,3.15,12.96,0,1,830.89,Synthetic demonstration data — not actual University of Sydney results
WO-01174,CASE-010680,2025-09-06 18:53:00,2025-09-08 00:05:01,1,10,Accessibility,Metro Building Care,1.74,19.47,1,0,266.12,Synthetic demonstration data — not actual University of Sydney results
WO-01175,CASE-007163,2026-02-05 08:40:00,2026-02-06 12:05:39,1,9,Cleanliness,Learning Spaces Technical,7.62,18.29,1,0,211.2,Synthetic demonstration data — not actual University of Sydney results
WO-01176,CASE-009329,2026-02-18 13:52:00,2026-02-19 16:04:59,2,9,HVAC and temperature,Metro Building Care,2.27,17.48,1,0,608.29,Synthetic demonstration data — not actual University of Sydney results
WO-01177,CASE-006358,2024-09-04 18:12:00,2024-09-05 12:45:27,2,9,Study spaces,CampusWorks Services,11.37,12.37,1,0,250.51,Synthetic demonstration data — not actual University of Sydney results
WO-01178,CASE-000170,2025-01-31 13:17:00,2025-02-01 21:53:56,2,9,Study spaces,Metro Building Care,7.97,21.74,1,0,279.52,Synthetic demonstration data — not actual University of Sydney results
WO-01179,CASE-009024,2025-01-15 16:36:00,2025-01-21 08:05:42,1,9,Study spaces,CampusWorks Services,13.09,90.33,1,1,164.6,Synthetic demonstration data — not actual University of Sydney results
WO-01180,CASE-012641,2025-03-05 15:54:00,2025-03-06 00:21:48,1,10,Accessibility,Metro Building Care,3.65,5.64,1,0,86.67,Synthetic demonstration data — not actual University of Sydney results
WO-01181,CASE-004448,2026-01-07 12:37:00,2026-01-08 12:53:52,1,9,Security and lighting,Learning Spaces Technical,5.3,16.19,1,0,592.67,Synthetic demonstration data — not actual University of Sydney results
WO-01182,CASE-016397,2026-04-29 10:38:00,2026-05-06 14:39:11,1,9,Study spaces,CampusWorks Services,8.65,114.68,1,0,604.17,Synthetic demonstration data — not actual University of Sydney results
WO-01183,CASE-004674,2024-10-31 19:28:00,2024-11-04 13:34:10,1,9,HVAC and temperature,Metro Building Care,6.78,60.07,0,0,630.96,Synthetic demonstration data — not actual University of Sydney results
WO-01184,CASE-005011,2025-06-17 16:10:00,2025-06-21 20:39:12,3,9,HVAC and temperature,Learning Spaces Technical,1.68,66.99,1,0,149.11,Synthetic demonstration data — not actual University of Sydney results
WO-01185,CASE-016640,2026-01-16 10:44:00,2026-01-17 17:05:00,1,9,Study spaces,Metro Building Care,4.64,20.23,0,0,212.01,Synthetic demonstration data — not actual University of Sydney results
WO-01186,CASE-012802,2025-07-14 13:42:00,2025-07-15 04:23:52,1,8,Teaching room equipment,Metro Building Care,3.53,9.8,1,0,168.39,Synthetic demonstration data — not actual University of Sydney results
WO-01187,CASE-008269,2026-07-09 12:18:00,2026-07-12 11:31:38,2,10,Accessibility,CampusWorks Services,3.13,47.48,1,0,566.48,Synthetic demonstration data — not actual University of Sydney results
WO-01188,CASE-006385,2025-09-18 09:24:00,2025-09-19 15:00:43,1,8,Teaching room equipment,Learning Spaces Technical,2.81,19.74,1,0,231.52,Synthetic demonstration data — not actual University of Sydney results
WO-01189,CASE-016865,2026-05-18 13:05:00,2026-05-19 01:45:38,1,8,Teaching room equipment,CampusWorks Services,7.45,8.45,1,0,390.06,Synthetic demonstration data — not actual University of Sydney results
WO-01190,CASE-006449,2026-04-22 16:57:00,2026-04-24 15:24:20,1,9,HVAC and temperature,Learning Spaces Technical,8.17,30.97,1,0,330.99,Synthetic demonstration data — not actual University of Sydney results
WO-01191,CASE-004063,2025-02-06 09:55:00,2025-02-06 22:51:52,2,9,Cleanliness,Metro Building Care,4.31,8.63,1,0,250.67,Synthetic demonstration data — not actual University of Sydney results
WO-01192,CASE-013130,2025-06-26 09:16:00,2025-06-27 07:17:54,1,9,Cleanliness,Learning Spaces Technical,3.27,14.69,1,0,126.15,Synthetic demonstration data — not actual University of Sydney results
WO-01193,CASE-009493,2026-01-05 17:32:00,2026-01-06 16:41:43,1,9,Cleanliness,CampusWorks Services,4.77,15.44,1,0,397.14,Synthetic demonstration data — not actual University of Sydney results
WO-01194,CASE-003113,2025-06-23 12:12:00,2025-06-24 19:08:22,2,9,HVAC and temperature,Learning Spaces Technical,3.73,20.63,1,0,373.28,Synthetic demonstration data — not actual University of Sydney results
WO-01195,CASE-015876,2025-04-30 15:00:00,2025-05-02 04:02:50,1,9,Study spaces,Metro Building Care,8.35,24.7,0,0,539.44,Synthetic demonstration data — not actual University of Sydney results
WO-01196,CASE-002364,2026-03-03 17:20:00,2026-03-04 14:45:21,1,9,HVAC and temperature,Learning Spaces Technical,5.08,14.28,1,0,191.45,Synthetic demonstration data — not actual University of Sydney results
WO-01197,CASE-016894,2025-08-04 15:55:00,2025-08-06 04:32:39,1,10,Accessibility,Metro Building Care,3.49,24.42,1,0,289.01,Synthetic demonstration data — not actual University of Sydney results
WO-01198,CASE-015538,2024-10-17 13:56:00,2024-10-20 03:29:51,1,8,Teaching room equipment,CampusWorks Services,4.01,41.04,1,0,116.28,Synthetic demonstration data — not actual University of Sydney results
WO-01199,CASE-007245,2025-02-25 16:02:00,2025-02-26 22:45:33,3,9,Study spaces,CampusWorks Services,3.47,20.48,0,0,1170.79,Synthetic demonstration data — not actual University of Sydney results
WO-01200,CASE-005872,2025-10-02 12:17:00,2025-10-03 14:19:17,1,8,Teaching room equipment,Metro Building Care,5.51,17.36,1,0,385.77,Synthetic demonstration data — not actual University of Sydney results
WO-01201,CASE-010677,2026-03-12 11:25:00,2026-03-14 06:48:41,1,9,Security and lighting,Metro Building Care,5.02,28.93,1,0,252.07,Synthetic demonstration data — not actual University of Sydney results
WO-01202,CASE-009254,2026-04-13 12:18:00,2026-04-16 13:50:53,1,9,Study spaces,Metro Building Care,11.12,49.03,1,0,332.64,Synthetic demonstration data — not actual University of Sydney results
WO-01203,CASE-011144,2025-08-06 16:03:00,2025-08-09 18:03:58,1,9,Security and lighting,Metro Building Care,2.68,49.34,1,0,305.67,Synthetic demonstration data — not actual University of Sydney results
WO-01204,CASE-006663,2025-07-02 13:10:00,2025-07-03 06:15:19,2,9,Cleanliness,Learning Spaces Technical,5.46,11.39,1,1,211.46,Synthetic demonstration data — not actual University of Sydney results
WO-01205,CASE-015043,2025-07-23 11:16:00,2025-07-24 06:25:25,1,9,HVAC and temperature,Learning Spaces Technical,9.71,12.77,1,0,157.37,Synthetic demonstration data — not actual University of Sydney results
WO-01206,CASE-015905,2026-03-13 13:47:00,2026-03-13 23:15:34,1,9,Cleanliness,Metro Building Care,3.74,6.32,1,0,325.82,Synthetic demonstration data — not actual University of Sydney results
WO-01207,CASE-005039,2025-08-14 15:39:00,2025-08-15 15:21:32,2,9,Cleanliness,Learning Spaces Technical,4.07,15.81,1,0,265.94,Synthetic demonstration data — not actual University of Sydney results
WO-01208,CASE-001803,2025-09-26 18:44:00,2025-09-30 18:47:45,1,9,Study spaces,CampusWorks Services,8.72,64.04,1,0,86.44,Synthetic demonstration data — not actual University of Sydney results
WO-01209,CASE-008483,2025-09-26 14:46:00,2025-09-27 13:26:43,1,9,Cleanliness,CampusWorks Services,4.8,15.12,1,0,577.71,Synthetic demonstration data — not actual University of Sydney results
WO-01210,CASE-011356,2026-05-14 10:35:00,2026-05-15 12:39:20,1,9,HVAC and temperature,CampusWorks Services,6.85,17.38,1,0,121.28,Synthetic demonstration data — not actual University of Sydney results
WO-01211,CASE-001508,2026-05-19 10:26:00,2026-05-20 15:42:51,1,9,Study spaces,Learning Spaces Technical,2.56,19.52,1,0,449.57,Synthetic demonstration data — not actual University of Sydney results
WO-01212,CASE-006226,2025-12-10 12:00:00,2025-12-12 04:28:57,1,8,Teaching room equipment,Metro Building Care,2.28,26.99,1,0,207.95,Synthetic demonstration data — not actual University of Sydney results
WO-01213,CASE-015129,2025-11-11 09:01:00,2025-11-13 13:19:25,1,9,Cleanliness,CampusWorks Services,5.35,34.87,1,0,626.07,Synthetic demonstration data — not actual University of Sydney results
WO-01214,CASE-012065,2024-09-20 14:08:00,2024-09-21 08:28:09,1,9,Cleanliness,CampusWorks Services,8.58,12.22,1,0,170.09,Synthetic demonstration data — not actual University of Sydney results
WO-01215,CASE-000178,2026-04-25 14:41:00,2026-04-28 15:57:13,1,9,Study spaces,CampusWorks Services,16.12,48.85,1,0,158.96,Synthetic demonstration data — not actual University of Sydney results
WO-01216,CASE-001804,2026-05-29 11:02:00,2026-05-30 02:42:07,2,9,Study spaces,Learning Spaces Technical,7.6,10.45,1,0,180.36,Synthetic demonstration data — not actual University of Sydney results
WO-01217,CASE-004807,2024-09-23 20:05:00,2024-09-25 06:24:46,1,9,Security and lighting,Learning Spaces Technical,6.58,22.89,1,0,174.27,Synthetic demonstration data — not actual University of Sydney results
WO-01218,CASE-009741,2025-10-04 20:05:00,2025-10-07 03:09:17,1,9,HVAC and temperature,Metro Building Care,16.83,36.71,0,0,200.0,Synthetic demonstration data — not actual University of Sydney results
WO-01219,CASE-003861,2025-03-13 14:27:00,2025-03-14 08:59:49,1,9,Security and lighting,Learning Spaces Technical,4.19,12.36,1,0,185.41,Synthetic demonstration data — not actual University of Sydney results
WO-01220,CASE-015598,2026-07-03 13:59:00,2026-07-05 04:45:34,1,9,Security and lighting,Metro Building Care,2.83,25.85,1,0,263.55,Synthetic demonstration data — not actual University of Sydney results
WO-01221,CASE-001269,2024-09-21 17:18:00,2024-09-22 17:21:58,1,10,Accessibility,CampusWorks Services,6.32,16.04,1,0,283.93,Synthetic demonstration data — not actual University of Sydney results
WO-01222,CASE-017677,2026-03-07 16:36:00,2026-03-11 11:33:04,2,8,Teaching room equipment,Metro Building Care,4.09,60.63,1,0,340.47,Synthetic demonstration data — not actual University of Sydney results
WO-01223,CASE-002307,2025-09-03 11:31:00,2025-09-05 09:07:15,1,9,Cleanliness,Metro Building Care,4.79,30.4,1,0,355.71,Synthetic demonstration data — not actual University of Sydney results
WO-01224,CASE-011025,2025-11-08 20:37:00,2025-11-10 06:27:17,1,10,Accessibility,Learning Spaces Technical,4.64,22.56,1,0,281.44,Synthetic demonstration data — not actual University of Sydney results
WO-01225,CASE-001244,2025-08-13 08:04:00,2025-08-15 12:51:57,1,9,Cleanliness,Metro Building Care,8.48,35.2,1,0,157.13,Synthetic demonstration data — not actual University of Sydney results
WO-01226,CASE-002905,2024-10-25 13:04:00,2024-10-26 14:48:24,1,8,Teaching room equipment,Learning Spaces Technical,9.0,17.16,1,0,969.82,Synthetic demonstration data — not actual University of Sydney results
WO-01227,CASE-008677,2025-02-10 12:31:00,2025-02-12 21:56:34,1,9,Study spaces,CampusWorks Services,6.58,38.28,1,1,153.82,Synthetic demonstration data — not actual University of Sydney results
WO-01228,CASE-012545,2025-06-27 13:43:00,2025-06-28 22:56:03,1,10,Accessibility,CampusWorks Services,3.47,22.15,1,0,375.52,Synthetic demonstration data — not actual University of Sydney results
WO-01229,CASE-004542,2025-10-25 09:09:00,2025-10-26 21:05:59,1,10,Accessibility,CampusWorks Services,6.08,23.97,1,0,238.56,Synthetic demonstration data — not actual University of Sydney results
WO-01230,CASE-000041,2026-08-14 16:07:00,2026-08-16 01:18:49,1,9,Security and lighting,CampusWorks Services,7.36,22.13,1,0,458.31,Synthetic demonstration data — not actual University of Sydney results
WO-01231,CASE-012926,2025-09-11 13:04:00,2025-09-12 15:06:52,1,9,HVAC and temperature,Metro Building Care,14.35,17.37,1,1,397.15,Synthetic demonstration data — not actual University of Sydney results
WO-01232,CASE-004927,2025-07-22 12:21:00,2025-07-23 10:03:45,1,9,Cleanliness,Learning Spaces Technical,3.4,14.48,1,0,822.95,Synthetic demonstration data — not actual University of Sydney results
WO-01233,CASE-011599,2026-05-01 17:54:00,2026-05-02 09:28:13,1,9,Security and lighting,Learning Spaces Technical,7.16,10.38,1,0,478.95,Synthetic demonstration data — not actual University of Sydney results
WO-01234,CASE-000173,2025-03-12 20:58:00,2025-03-15 04:31:06,2,8,Teaching room equipment,CampusWorks Services,4.43,37.03,0,0,490.09,Synthetic demonstration data — not actual University of Sydney results
WO-01235,CASE-008794,2024-11-25 16:21:00,2024-11-28 20:53:58,1,9,HVAC and temperature,Learning Spaces Technical,20.0,51.03,1,0,549.51,Synthetic demonstration data — not actual University of Sydney results
WO-01236,CASE-002775,2026-03-05 15:13:00,2026-03-07 01:23:10,3,9,Security and lighting,Metro Building Care,3.32,22.78,1,0,203.1,Synthetic demonstration data — not actual University of Sydney results
WO-01237,CASE-015415,2024-09-25 09:04:00,2024-09-27 05:47:44,3,10,Accessibility,Metro Building Care,5.36,29.82,1,0,232.5,Synthetic demonstration data — not actual University of Sydney results
WO-01238,CASE-009860,2025-03-18 12:41:00,2025-03-20 11:05:57,1,9,Study spaces,CampusWorks Services,6.38,30.94,1,0,114.97,Synthetic demonstration data — not actual University of Sydney results
WO-01239,CASE-009558,2026-02-11 12:52:00,2026-02-15 05:36:01,1,9,Security and lighting,Learning Spaces Technical,3.73,59.16,1,0,225.9,Synthetic demonstration data — not actual University of Sydney results
WO-01240,CASE-015126,2026-04-22 18:54:00,2026-04-25 00:33:15,1,9,Study spaces,Learning Spaces Technical,6.8,35.77,1,0,173.4,Synthetic demonstration data — not actual University of Sydney results
WO-01241,CASE-006603,2025-02-26 11:10:00,2025-02-28 06:23:11,1,8,Teaching room equipment,Learning Spaces Technical,5.39,28.81,1,0,660.46,Synthetic demonstration data — not actual University of Sydney results
WO-01242,CASE-014026,2025-08-07 15:05:00,2025-08-08 09:18:21,1,10,Accessibility,Learning Spaces Technical,4.71,12.15,1,0,713.9,Synthetic demonstration data — not actual University of Sydney results
WO-01243,CASE-001558,2026-03-10 15:48:00,2026-03-11 15:14:38,1,9,HVAC and temperature,Learning Spaces Technical,7.69,15.63,1,1,392.1,Synthetic demonstration data — not actual University of Sydney results
WO-01244,CASE-010868,2026-01-08 15:13:00,2026-01-09 10:15:56,1,9,Security and lighting,Metro Building Care,4.21,12.7,1,0,299.55,Synthetic demonstration data — not actual University of Sydney results
WO-01245,CASE-016477,2024-12-12 09:35:00,2024-12-17 13:57:41,1,9,HVAC and temperature,Metro Building Care,3.34,82.92,0,0,251.07,Synthetic demonstration data — not actual University of Sydney results
WO-01246,CASE-007365,2024-09-04 11:15:00,2024-09-05 19:05:18,1,9,Cleanliness,Learning Spaces Technical,5.75,21.23,1,0,520.85,Synthetic demonstration data — not actual University of Sydney results
WO-01247,CASE-006973,2025-05-17 12:11:00,2025-05-17 18:24:30,1,8,Teaching room equipment,Learning Spaces Technical,3.15,4.15,1,0,624.53,Synthetic demonstration data — not actual University of Sydney results
WO-01248,CASE-009893,2026-01-15 13:55:00,2026-01-22 05:53:12,1,9,Study spaces,CampusWorks Services,9.37,106.65,1,0,226.59,Synthetic demonstration data — not actual University of Sydney results
WO-01249,CASE-000392,2025-07-09 12:40:00,2025-07-12 01:07:54,1,9,Study spaces,Learning Spaces Technical,3.77,40.31,1,0,232.26,Synthetic demonstration data — not actual University of Sydney results
WO-01250,CASE-000329,2025-08-06 09:04:00,2025-08-10 02:51:08,1,9,Study spaces,Metro Building Care,5.71,59.86,1,1,138.71,Synthetic demonstration data — not actual University of Sydney results
WO-01251,CASE-017512,2026-02-27 13:59:00,2026-03-01 19:54:25,1,9,HVAC and temperature,Metro Building Care,8.78,35.95,0,0,351.91,Synthetic demonstration data — not actual University of Sydney results
WO-01252,CASE-012076,2025-07-21 15:24:00,2025-07-23 00:13:35,2,9,HVAC and temperature,Metro Building Care,1.84,21.88,1,0,227.85,Synthetic demonstration data — not actual University of Sydney results
WO-01253,CASE-017082,2025-10-10 12:49:00,2025-10-13 14:22:38,1,9,HVAC and temperature,Metro Building Care,7.05,49.04,1,0,348.01,Synthetic demonstration data — not actual University of Sydney results
WO-01254,CASE-007838,2025-02-28 14:59:00,2025-03-01 19:02:06,1,8,Teaching room equipment,CampusWorks Services,6.25,18.7,1,0,507.3,Synthetic demonstration data — not actual University of Sydney results
WO-01255,CASE-008715,2026-01-23 09:54:00,2026-01-27 07:08:08,1,9,HVAC and temperature,CampusWorks Services,16.59,62.16,0,0,203.52,Synthetic demonstration data — not actual University of Sydney results
WO-01256,CASE-013914,2025-04-17 12:42:00,2025-04-18 08:00:57,3,9,HVAC and temperature,Metro Building Care,1.83,12.88,1,1,294.0,Synthetic demonstration data — not actual University of Sydney results
WO-01257,CASE-004457,2026-05-26 12:15:00,2026-05-28 21:39:47,2,8,Teaching room equipment,Learning Spaces Technical,6.01,38.28,1,0,154.97,Synthetic demonstration data — not actual University of Sydney results
WO-01258,CASE-004029,2024-12-16 15:30:00,2024-12-17 15:25:53,1,9,Cleanliness,Learning Spaces Technical,4.24,15.95,1,0,527.25,Synthetic demonstration data — not actual University of Sydney results
WO-01259,CASE-009977,2024-11-03 18:36:00,2024-11-04 20:52:23,1,9,HVAC and temperature,Metro Building Care,9.48,17.52,0,0,723.68,Synthetic demonstration data — not actual University of Sydney results
WO-01260,CASE-014679,2024-12-24 17:34:00,2024-12-25 07:15:00,1,9,Security and lighting,Learning Spaces Technical,4.02,9.12,1,0,388.51,Synthetic demonstration data — not actual University of Sydney results
WO-01261,CASE-005311,2025-03-07 12:30:00,2025-03-08 20:29:37,1,9,Security and lighting,Learning Spaces Technical,12.26,21.33,0,0,1006.25,Synthetic demonstration data — not actual University of Sydney results
WO-01262,CASE-006855,2025-09-26 10:17:00,2025-09-28 10:22:35,1,9,Study spaces,CampusWorks Services,10.54,32.06,1,0,471.19,Synthetic demonstration data — not actual University of Sydney results
WO-01263,CASE-016821,2026-05-29 13:22:00,2026-05-31 21:01:43,1,9,HVAC and temperature,Learning Spaces Technical,21.12,37.11,1,0,156.27,Synthetic demonstration data — not actual University of Sydney results
WO-01264,CASE-007842,2025-05-27 14:29:00,2025-05-28 13:19:57,2,9,Study spaces,Learning Spaces Technical,4.81,15.23,1,0,358.49,Synthetic demonstration data — not actual University of Sydney results
WO-01265,CASE-001238,2024-10-31 10:05:00,2024-11-02 18:21:02,1,9,HVAC and temperature,Metro Building Care,19.12,37.51,1,1,424.34,Synthetic demonstration data — not actual University of Sydney results
WO-01266,CASE-010195,2024-10-18 13:58:00,2024-10-21 07:11:30,1,10,Accessibility,Metro Building Care,4.5,43.48,0,0,221.71,Synthetic demonstration data — not actual University of Sydney results
WO-01267,CASE-007989,2025-09-30 17:31:00,2025-10-01 08:50:55,1,8,Teaching room equipment,Learning Spaces Technical,6.35,10.22,1,1,203.49,Synthetic demonstration data — not actual University of Sydney results
WO-01268,CASE-003558,2025-03-31 13:38:00,2025-04-06 11:20:58,1,9,HVAC and temperature,Learning Spaces Technical,7.25,94.48,1,0,123.03,Synthetic demonstration data — not actual University of Sydney results
WO-01269,CASE-000572,2026-08-07 13:40:00,2026-08-10 04:04:39,1,9,Cleanliness,Learning Spaces Technical,3.84,41.61,1,0,279.01,Synthetic demonstration data — not actual University of Sydney results
WO-01270,CASE-012684,2025-09-16 17:03:00,2025-09-18 13:24:22,1,8,Teaching room equipment,CampusWorks Services,3.28,29.57,1,0,718.13,Synthetic demonstration data — not actual University of Sydney results
WO-01271,CASE-015641,2024-11-15 13:46:00,2024-11-16 19:36:45,1,9,Cleanliness,Learning Spaces Technical,5.77,19.9,1,0,288.56,Synthetic demonstration data — not actual University of Sydney results
WO-01272,CASE-015107,2024-09-13 18:10:00,2024-09-14 21:46:46,1,9,Security and lighting,Learning Spaces Technical,8.92,18.41,1,0,338.66,Synthetic demonstration data — not actual University of Sydney results
WO-01273,CASE-016478,2025-03-30 14:17:00,2025-03-31 12:55:51,1,9,Security and lighting,Learning Spaces Technical,2.08,15.1,1,0,360.13,Synthetic demonstration data — not actual University of Sydney results
WO-01274,CASE-004280,2025-09-03 10:29:00,2025-09-05 10:06:14,3,9,Security and lighting,Metro Building Care,3.04,31.75,1,0,302.62,Synthetic demonstration data — not actual University of Sydney results
WO-01275,CASE-006629,2026-01-12 15:23:00,2026-01-13 10:29:32,2,9,Cleanliness,CampusWorks Services,4.15,12.74,1,0,1197.19,Synthetic demonstration data — not actual University of Sydney results
WO-01276,CASE-015492,2025-07-26 17:41:00,2025-07-28 09:23:52,1,9,Study spaces,CampusWorks Services,8.4,26.48,1,0,299.08,Synthetic demonstration data — not actual University of Sydney results
WO-01277,CASE-015158,2026-08-15 14:19:00,2026-08-16 23:29:42,1,8,Teaching room equipment,Metro Building Care,6.35,22.12,1,0,166.67,Synthetic demonstration data — not actual University of Sydney results
WO-01278,CASE-004109,2024-11-06 18:42:00,2024-11-08 22:12:32,1,9,Study spaces,Metro Building Care,5.22,34.34,1,0,178.61,Synthetic demonstration data — not actual University of Sydney results
WO-01279,CASE-010129,2026-07-07 19:48:00,2026-07-08 21:04:24,1,9,Security and lighting,Learning Spaces Technical,2.7,16.85,1,0,487.12,Synthetic demonstration data — not actual University of Sydney results
WO-01280,CASE-002247,2026-03-15 17:00:00,2026-03-16 11:04:06,2,9,Security and lighting,Learning Spaces Technical,6.92,12.05,1,0,143.16,Synthetic demonstration data — not actual University of Sydney results
WO-01281,CASE-014863,2025-02-20 11:20:00,2025-02-22 08:10:09,3,9,Security and lighting,CampusWorks Services,1.87,29.89,1,0,621.43,Synthetic demonstration data — not actual University of Sydney results
WO-01282,CASE-012008,2025-03-18 08:26:00,2025-03-19 13:57:49,1,8,Teaching room equipment,Learning Spaces Technical,5.26,19.69,1,0,346.94,Synthetic demonstration data — not actual University of Sydney results
WO-01283,CASE-006024,2024-10-12 14:26:00,2024-10-14 09:38:06,2,10,Accessibility,Learning Spaces Technical,11.18,28.8,1,0,92.62,Synthetic demonstration data — not actual University of Sydney results
WO-01284,CASE-001020,2026-06-03 14:05:00,2026-06-04 10:47:32,1,8,Teaching room equipment,Learning Spaces Technical,6.01,13.81,1,0,159.82,Synthetic demonstration data — not actual University of Sydney results
WO-01285,CASE-004821,2026-04-14 19:22:00,2026-04-15 01:11:01,2,10,Accessibility,Learning Spaces Technical,2.88,3.88,1,0,151.58,Synthetic demonstration data — not actual University of Sydney results
WO-01286,CASE-005188,2025-08-29 12:28:00,2025-08-31 19:14:07,1,9,HVAC and temperature,CampusWorks Services,16.53,36.51,0,1,594.09,Synthetic demonstration data — not actual University of Sydney results
WO-01287,CASE-003591,2025-11-26 16:52:00,2025-11-27 14:06:55,2,9,Study spaces,Metro Building Care,11.9,14.17,0,0,560.14,Synthetic demonstration data — not actual University of Sydney results
WO-01288,CASE-006650,2024-11-24 11:43:00,2024-11-25 20:25:26,2,9,HVAC and temperature,Learning Spaces Technical,1.68,21.8,1,0,478.93,Synthetic demonstration data — not actual University of Sydney results
WO-01289,CASE-001476,2026-04-23 19:32:00,2026-04-27 01:16:02,1,9,HVAC and temperature,Metro Building Care,9.06,51.82,1,0,842.88,Synthetic demonstration data — not actual University of Sydney results
WO-01290,CASE-001251,2026-01-03 11:43:00,2026-01-09 17:11:28,2,8,Teaching room equipment,CampusWorks Services,6.77,99.65,1,0,112.36,Synthetic demonstration data — not actual University of Sydney results
WO-01291,CASE-014554,2025-07-23 19:50:00,2025-07-25 11:11:58,1,9,Security and lighting,CampusWorks Services,8.22,26.24,1,0,295.54,Synthetic demonstration data — not actual University of Sydney results
WO-01292,CASE-014374,2026-01-08 17:32:00,2026-01-10 10:10:38,1,9,Study spaces,CampusWorks Services,4.77,27.1,1,1,1482.62,Synthetic demonstration data — not actual University of Sydney results
WO-01293,CASE-004992,2024-11-09 15:51:00,2024-11-11 23:02:48,1,9,Security and lighting,Learning Spaces Technical,2.31,36.8,1,0,338.32,Synthetic demonstration data — not actual University of Sydney results
WO-01294,CASE-008112,2025-12-19 11:09:00,2025-12-23 10:56:29,1,9,HVAC and temperature,Learning Spaces Technical,3.97,63.86,0,0,56.94,Synthetic demonstration data — not actual University of Sydney results
WO-01295,CASE-001795,2025-11-11 15:57:00,2025-11-17 10:44:42,1,10,Accessibility,Metro Building Care,9.03,92.53,0,0,187.55,Synthetic demonstration data — not actual University of Sydney results
WO-01296,CASE-006475,2026-04-20 14:17:00,2026-04-21 14:32:11,1,9,Cleanliness,Metro Building Care,3.05,16.17,1,0,292.28,Synthetic demonstration data — not actual University of Sydney results
WO-01297,CASE-008118,2025-02-28 13:21:00,2025-03-01 05:33:11,1,9,Cleanliness,CampusWorks Services,3.12,10.8,1,0,108.39,Synthetic demonstration data — not actual University of Sydney results
WO-01298,CASE-013202,2026-03-27 17:43:00,2026-03-30 01:11:53,1,10,Accessibility,Metro Building Care,3.16,36.99,1,1,274.7,Synthetic demonstration data — not actual University of Sydney results
WO-01299,CASE-003021,2025-08-02 19:41:00,2025-08-04 14:38:32,2,9,Cleanliness,Learning Spaces Technical,2.33,28.64,1,0,239.46,Synthetic demonstration data — not actual University of Sydney results
WO-01300,CASE-006055,2026-01-30 13:29:00,2026-02-06 00:46:07,1,9,HVAC and temperature,CampusWorks Services,16.48,103.52,1,0,163.78,Synthetic demonstration data — not actual University of Sydney results
WO-01301,CASE-015317,2026-07-21 12:38:00,2026-07-23 16:00:05,1,9,HVAC and temperature,Metro Building Care,4.82,34.25,1,0,195.54,Synthetic demonstration data — not actual University of Sydney results
WO-01302,CASE-006429,2026-05-19 14:54:00,2026-05-20 17:21:15,1,9,Cleanliness,Metro Building Care,3.87,17.64,1,0,242.66,Synthetic demonstration data — not actual University of Sydney results
WO-01303,CASE-017565,2025-05-15 15:00:00,2025-05-16 11:22:17,3,8,Teaching room equipment,CampusWorks Services,3.37,13.58,1,0,239.03,Synthetic demonstration data — not actual University of Sydney results
WO-01304,CASE-000064,2024-12-19 14:03:00,2024-12-21 02:43:39,1,9,Cleanliness,CampusWorks Services,6.22,24.45,0,0,675.96,Synthetic demonstration data — not actual University of Sydney results
WO-01305,CASE-011143,2026-03-18 14:26:00,2026-03-19 14:42:58,1,9,Study spaces,Learning Spaces Technical,2.84,16.19,1,0,278.61,Synthetic demonstration data — not actual University of Sydney results
WO-01306,CASE-002141,2025-06-27 13:41:00,2025-06-28 03:14:01,2,9,Study spaces,Learning Spaces Technical,4.3,9.03,1,0,384.59,Synthetic demonstration data — not actual University of Sydney results
WO-01307,CASE-015969,2024-11-01 11:30:00,2024-11-02 09:19:38,1,8,Teaching room equipment,CampusWorks Services,8.08,14.55,1,0,223.64,Synthetic demonstration data — not actual University of Sydney results
WO-01308,CASE-009742,2025-03-05 10:35:00,2025-03-06 08:19:11,1,9,Cleanliness,CampusWorks Services,9.82,14.49,1,0,799.79,Synthetic demonstration data — not actual University of Sydney results
WO-01309,CASE-010529,2025-06-04 12:26:00,2025-06-05 11:20:46,1,9,Security and lighting,CampusWorks Services,1.47,15.28,1,0,318.38,Synthetic demonstration data — not actual University of Sydney results
WO-01310,CASE-002226,2024-10-31 15:28:00,2024-11-02 16:37:19,1,9,Study spaces,CampusWorks Services,6.97,32.77,0,0,232.97,Synthetic demonstration data — not actual University of Sydney results
WO-01311,CASE-006788,2025-12-19 11:41:00,2025-12-22 01:57:06,1,9,Study spaces,Metro Building Care,4.59,41.51,1,0,147.36,Synthetic demonstration data — not actual University of Sydney results
WO-01312,CASE-014614,2025-09-08 13:30:00,2025-09-09 01:13:32,3,9,HVAC and temperature,CampusWorks Services,3.76,7.82,0,0,619.66,Synthetic demonstration data — not actual University of Sydney results
WO-01313,CASE-011552,2025-11-22 15:59:00,2025-11-23 09:51:54,1,10,Accessibility,Metro Building Care,2.92,11.92,1,0,872.46,Synthetic demonstration data — not actual University of Sydney results
WO-01314,CASE-011254,2025-03-17 13:04:00,2025-03-19 12:58:42,1,9,Study spaces,Metro Building Care,13.78,31.94,1,1,219.88,Synthetic demonstration data — not actual University of Sydney results
WO-01315,CASE-010537,2026-01-23 16:15:00,2026-01-25 05:11:19,1,9,HVAC and temperature,CampusWorks Services,7.68,24.63,1,1,614.81,Synthetic demonstration data — not actual University of Sydney results
WO-01316,CASE-011736,2024-12-30 17:37:00,2024-12-31 18:21:21,1,9,Study spaces,CampusWorks Services,5.64,16.49,1,1,497.72,Synthetic demonstration data — not actual University of Sydney results
WO-01317,CASE-012594,2024-09-24 08:24:00,2024-09-26 18:36:20,2,9,Cleanliness,Learning Spaces Technical,10.9,38.8,1,0,488.76,Synthetic demonstration data — not actual University of Sydney results
WO-01318,CASE-005169,2026-05-30 08:48:00,2026-06-01 07:29:12,1,9,Study spaces,Learning Spaces Technical,6.7,31.12,1,0,331.21,Synthetic demonstration data — not actual University of Sydney results
WO-01319,CASE-000106,2026-01-05 20:54:00,2026-01-07 08:59:50,1,9,Study spaces,Metro Building Care,9.07,24.06,0,0,353.09,Synthetic demonstration data — not actual University of Sydney results
WO-01320,CASE-000712,2024-11-26 19:15:00,2024-11-27 10:25:30,2,9,Study spaces,Metro Building Care,3.43,10.12,1,0,255.38,Synthetic demonstration data — not actual University of Sydney results
WO-01321,CASE-015659,2026-03-03 11:30:00,2026-03-05 11:45:21,3,9,HVAC and temperature,Metro Building Care,4.73,32.17,0,0,165.88,Synthetic demonstration data — not actual University of Sydney results
WO-01322,CASE-010563,2025-02-11 14:36:00,2025-02-12 13:54:44,1,8,Teaching room equipment,Metro Building Care,6.28,15.54,1,0,91.04,Synthetic demonstration data — not actual University of Sydney results
WO-01323,CASE-008821,2024-10-16 09:33:00,2024-10-17 21:23:51,2,9,HVAC and temperature,CampusWorks Services,4.19,23.9,1,0,483.56,Synthetic demonstration data — not actual University of Sydney results
WO-01324,CASE-001067,2024-12-23 14:10:00,2024-12-23 23:50:23,1,9,Security and lighting,Metro Building Care,3.58,6.45,1,0,1006.62,Synthetic demonstration data — not actual University of Sydney results
WO-01325,CASE-017877,2026-02-19 08:54:00,2026-02-20 01:08:07,1,9,Cleanliness,Metro Building Care,2.56,10.82,0,0,456.05,Synthetic demonstration data — not actual University of Sydney results
WO-01326,CASE-014779,2025-01-20 12:43:00,2025-01-20 23:09:47,1,9,Security and lighting,Learning Spaces Technical,3.57,6.96,1,0,214.04,Synthetic demonstration data — not actual University of Sydney results
WO-01327,CASE-015558,2025-09-24 14:25:00,2025-09-28 10:34:55,1,9,Study spaces,Learning Spaces Technical,4.33,61.44,0,1,73.62,Synthetic demonstration data — not actual University of Sydney results
WO-01328,CASE-009963,2025-04-11 18:36:00,2025-04-17 01:50:06,1,9,Cleanliness,Learning Spaces Technical,2.59,84.82,1,0,200.01,Synthetic demonstration data — not actual University of Sydney results
WO-01329,CASE-006428,2025-04-24 15:01:00,2025-04-26 01:57:52,1,9,Security and lighting,Learning Spaces Technical,10.69,23.3,1,0,698.78,Synthetic demonstration data — not actual University of Sydney results
WO-01330,CASE-016172,2025-11-26 14:49:00,2025-11-28 05:57:18,1,9,Cleanliness,Learning Spaces Technical,6.27,26.09,1,0,277.94,Synthetic demonstration data — not actual University of Sydney results
WO-01331,CASE-011347,2024-12-06 11:12:00,2024-12-08 08:23:38,2,9,HVAC and temperature,Learning Spaces Technical,1.4,30.13,1,0,406.48,Synthetic demonstration data — not actual University of Sydney results
WO-01332,CASE-008648,2025-11-10 14:38:00,2025-11-12 06:05:01,1,9,Cleanliness,Metro Building Care,2.2,26.3,0,0,247.32,Synthetic demonstration data — not actual University of Sydney results
WO-01333,CASE-001474,2025-08-07 16:18:00,2025-08-08 23:29:58,1,9,Study spaces,Metro Building Care,4.62,20.8,0,0,649.87,Synthetic demonstration data — not actual University of Sydney results
WO-01334,CASE-016889,2026-07-15 19:00:00,2026-07-18 01:30:37,1,9,Cleanliness,CampusWorks Services,3.63,36.34,1,0,186.46,Synthetic demonstration data — not actual University of Sydney results
WO-01335,CASE-004007,2025-09-10 15:45:00,2025-09-11 03:53:43,1,9,Security and lighting,Learning Spaces Technical,5.69,8.1,1,0,171.44,Synthetic demonstration data — not actual University of Sydney results
WO-01336,CASE-007058,2026-02-25 12:31:00,2026-02-26 23:36:20,1,9,Security and lighting,CampusWorks Services,3.67,23.39,1,0,560.7,Synthetic demonstration data — not actual University of Sydney results
WO-01337,CASE-017898,2025-12-10 17:15:00,2025-12-11 07:08:27,1,9,Security and lighting,Learning Spaces Technical,1.16,9.26,1,0,97.53,Synthetic demonstration data — not actual University of Sydney results
WO-01338,CASE-001053,2026-05-18 15:33:00,2026-05-19 01:53:55,2,9,HVAC and temperature,Learning Spaces Technical,1.39,6.9,1,0,228.82,Synthetic demonstration data — not actual University of Sydney results
WO-01339,CASE-017408,2025-04-27 20:46:00,2025-04-29 21:08:55,1,9,Cleanliness,Metro Building Care,1.45,32.25,1,0,180.55,Synthetic demonstration data — not actual University of Sydney results
WO-01340,CASE-013124,2024-12-10 17:13:00,2024-12-13 01:54:26,1,9,Study spaces,Learning Spaces Technical,4.17,37.79,0,0,422.64,Synthetic demonstration data — not actual University of Sydney results
WO-01341,CASE-008195,2024-11-29 14:18:00,2024-12-01 01:50:11,3,8,Teaching room equipment,Metro Building Care,4.89,23.69,1,0,1096.91,Synthetic demonstration data — not actual University of Sydney results
WO-01342,CASE-007894,2025-07-21 13:53:00,2025-07-23 21:04:49,1,9,Security and lighting,CampusWorks Services,5.29,36.8,1,0,1144.34,Synthetic demonstration data — not actual University of Sydney results
WO-01343,CASE-002587,2025-10-02 17:07:00,2025-10-03 12:19:30,1,8,Teaching room equipment,CampusWorks Services,6.93,12.81,1,1,283.75,Synthetic demonstration data — not actual University of Sydney results
WO-01344,CASE-016441,2025-02-10 08:32:00,2025-02-11 14:45:10,1,9,Security and lighting,Learning Spaces Technical,4.75,20.15,0,0,148.65,Synthetic demonstration data — not actual University of Sydney results
WO-01345,CASE-006816,2025-03-12 09:11:00,2025-03-13 05:44:56,3,9,Security and lighting,Metro Building Care,6.04,13.71,1,0,386.24,Synthetic demonstration data — not actual University of Sydney results
WO-01346,CASE-006939,2025-05-16 17:53:00,2025-05-17 10:26:00,1,9,Cleanliness,CampusWorks Services,3.82,11.03,0,0,308.77,Synthetic demonstration data — not actual University of Sydney results
WO-01347,CASE-015023,2026-02-18 09:32:00,2026-02-19 06:45:07,1,8,Teaching room equipment,Learning Spaces Technical,2.96,14.15,1,0,107.98,Synthetic demonstration data — not actual University of Sydney results
WO-01348,CASE-014036,2026-05-24 11:47:00,2026-05-27 04:21:52,1,9,Study spaces,CampusWorks Services,4.4,43.05,0,0,203.67,Synthetic demonstration data — not actual University of Sydney results
WO-01349,CASE-005769,2025-10-17 13:36:00,2025-10-18 09:47:37,1,10,Accessibility,Learning Spaces Technical,7.96,13.46,1,0,564.14,Synthetic demonstration data — not actual University of Sydney results
WO-01350,CASE-003259,2025-03-11 10:39:00,2025-03-11 23:48:46,3,9,HVAC and temperature,CampusWorks Services,2.74,8.78,1,0,429.62,Synthetic demonstration data — not actual University of Sydney results
WO-01351,CASE-009935,2026-01-29 17:58:00,2026-01-30 17:55:58,2,10,Accessibility,CampusWorks Services,8.22,15.98,1,0,400.56,Synthetic demonstration data — not actual University of Sydney results
WO-01352,CASE-005032,2026-05-20 19:58:00,2026-05-21 19:11:50,1,9,Study spaces,Metro Building Care,14.49,15.49,1,0,460.21,Synthetic demonstration data — not actual University of Sydney results
WO-01353,CASE-004581,2026-04-27 14:38:00,2026-05-01 01:51:28,1,9,Study spaces,Metro Building Care,4.69,55.48,0,0,477.51,Synthetic demonstration data — not actual University of Sydney results
WO-01354,CASE-010432,2025-08-14 19:41:00,2025-08-17 16:02:56,1,9,HVAC and temperature,Learning Spaces Technical,4.53,45.58,1,0,133.56,Synthetic demonstration data — not actual University of Sydney results
WO-01355,CASE-002603,2026-03-05 10:44:00,2026-03-09 10:32:38,1,9,HVAC and temperature,Metro Building Care,4.31,63.87,1,1,385.12,Synthetic demonstration data — not actual University of Sydney results
WO-01356,CASE-002644,2025-07-12 18:54:00,2025-07-13 20:42:38,3,10,Accessibility,CampusWorks Services,1.81,17.21,0,0,163.53,Synthetic demonstration data — not actual University of Sydney results
WO-01357,CASE-006324,2026-03-14 16:56:00,2026-03-15 17:12:39,1,8,Teaching room equipment,Metro Building Care,3.98,16.19,1,0,515.53,Synthetic demonstration data — not actual University of Sydney results
WO-01358,CASE-013866,2025-06-28 15:09:00,2025-06-29 18:25:53,1,10,Accessibility,CampusWorks Services,5.15,18.19,1,0,174.12,Synthetic demonstration data — not actual University of Sydney results
WO-01359,CASE-011362,2026-07-27 13:27:00,2026-07-29 02:51:15,1,9,Study spaces,CampusWorks Services,9.19,24.94,1,0,234.27,Synthetic demonstration data — not actual University of Sydney results
WO-01360,CASE-011679,2025-10-08 10:41:00,2025-10-13 23:34:32,1,9,HVAC and temperature,Learning Spaces Technical,9.94,88.59,0,0,446.55,Synthetic demonstration data — not actual University of Sydney results
WO-01361,CASE-009185,2025-12-26 17:15:00,2025-12-27 01:51:20,2,9,Study spaces,CampusWorks Services,4.54,5.74,1,1,216.59,Synthetic demonstration data — not actual University of Sydney results
WO-01362,CASE-002332,2025-04-12 18:32:00,2025-04-14 06:39:21,1,8,Teaching room equipment,Learning Spaces Technical,4.44,24.08,1,0,227.35,Synthetic demonstration data — not actual University of Sydney results
WO-01363,CASE-011265,2025-02-12 19:11:00,2025-02-13 18:21:05,2,8,Teaching room equipment,Learning Spaces Technical,14.45,15.45,1,0,553.18,Synthetic demonstration data — not actual University of Sydney results
WO-01364,CASE-009004,2024-12-24 13:43:00,2025-01-01 21:52:23,1,9,Study spaces,Metro Building Care,10.61,133.44,1,1,281.02,Synthetic demonstration data — not actual University of Sydney results
WO-01365,CASE-010913,2026-07-13 11:42:00,2026-07-14 14:26:01,1,9,Cleanliness,Metro Building Care,4.64,17.82,1,0,628.62,Synthetic demonstration data — not actual University of Sydney results
WO-01366,CASE-000346,2025-02-11 11:45:00,2025-02-14 19:09:42,1,10,Accessibility,CampusWorks Services,4.31,52.94,1,1,438.14,Synthetic demonstration data — not actual University of Sydney results
WO-01367,CASE-007880,2025-07-10 11:27:00,2025-07-11 13:27:14,1,9,Security and lighting,Learning Spaces Technical,2.01,17.34,1,0,295.44,Synthetic demonstration data — not actual University of Sydney results
WO-01368,CASE-009770,2026-03-23 13:40:00,2026-03-24 10:24:24,1,8,Teaching room equipment,Learning Spaces Technical,5.87,13.83,0,0,221.53,Synthetic demonstration data — not actual University of Sydney results
WO-01369,CASE-002323,2024-10-15 09:44:00,2024-10-16 21:54:53,1,9,Study spaces,Learning Spaces Technical,6.22,24.12,1,0,229.41,Synthetic demonstration data — not actual University of Sydney results
WO-01370,CASE-016166,2025-08-15 13:06:00,2025-08-16 08:20:27,2,9,Study spaces,Learning Spaces Technical,7.02,12.83,1,0,263.27,Synthetic demonstration data — not actual University of Sydney results
WO-01371,CASE-006967,2026-02-17 16:42:00,2026-02-19 17:17:48,1,9,Study spaces,CampusWorks Services,6.77,32.4,0,0,306.07,Synthetic demonstration data — not actual University of Sydney results
WO-01372,CASE-004560,2025-04-24 10:32:00,2025-04-26 08:51:07,1,9,Cleanliness,Metro Building Care,5.38,30.88,1,0,466.53,Synthetic demonstration data — not actual University of Sydney results
WO-01373,CASE-011614,2025-12-01 16:57:00,2025-12-03 06:32:44,2,9,Cleanliness,CampusWorks Services,6.15,25.06,1,0,594.14,Synthetic demonstration data — not actual University of Sydney results
WO-01374,CASE-007817,2025-05-15 10:06:00,2025-05-17 10:45:08,1,10,Accessibility,Metro Building Care,7.18,32.43,1,0,380.77,Synthetic demonstration data — not actual University of Sydney results
WO-01375,CASE-002139,2026-05-08 16:19:00,2026-05-10 21:30:50,1,10,Accessibility,CampusWorks Services,1.93,35.46,1,0,628.63,Synthetic demonstration data — not actual University of Sydney results
WO-01376,CASE-017335,2024-09-03 14:21:00,2024-09-04 03:31:54,3,9,Study spaces,Learning Spaces Technical,2.08,8.79,1,1,92.29,Synthetic demonstration data — not actual University of Sydney results
WO-01377,CASE-004635,2025-04-07 17:27:00,2025-04-08 19:42:18,1,8,Teaching room equipment,CampusWorks Services,4.37,17.5,1,0,176.58,Synthetic demonstration data — not actual University of Sydney results
WO-01378,CASE-001701,2026-01-21 11:23:00,2026-01-23 00:39:50,1,9,HVAC and temperature,Metro Building Care,2.61,24.85,1,0,488.74,Synthetic demonstration data — not actual University of Sydney results
WO-01379,CASE-015941,2024-10-16 19:15:00,2024-10-17 16:11:03,1,8,Teaching room equipment,Learning Spaces Technical,3.91,13.96,1,0,113.71,Synthetic demonstration data — not actual University of Sydney results
WO-01380,CASE-015419,2026-03-02 13:11:00,2026-03-04 07:21:03,1,9,Study spaces,Learning Spaces Technical,5.34,28.11,1,0,265.13,Synthetic demonstration data — not actual University of Sydney results
WO-01381,CASE-010521,2026-01-27 10:45:00,2026-01-27 22:33:01,1,9,Cleanliness,Metro Building Care,1.86,7.87,1,0,172.72,Synthetic demonstration data — not actual University of Sydney results
WO-01382,CASE-015863,2026-03-26 19:29:00,2026-03-27 18:35:58,1,9,Study spaces,Learning Spaces Technical,2.74,15.41,1,1,159.76,Synthetic demonstration data — not actual University of Sydney results
WO-01383,CASE-004343,2025-01-08 17:54:00,2025-01-10 22:23:06,2,9,HVAC and temperature,Metro Building Care,6.16,34.99,1,0,289.13,Synthetic demonstration data — not actual University of Sydney results
WO-01384,CASE-002978,2026-01-22 12:52:00,2026-01-23 08:52:48,1,9,Cleanliness,CampusWorks Services,2.96,13.34,1,0,237.8,Synthetic demonstration data — not actual University of Sydney results
WO-01385,CASE-006250,2025-06-10 16:46:00,2025-06-11 13:57:54,3,10,Accessibility,Metro Building Care,4.59,14.13,1,0,78.73,Synthetic demonstration data — not actual University of Sydney results
WO-01386,CASE-007985,2025-07-17 17:27:00,2025-07-20 16:13:31,1,9,Study spaces,Learning Spaces Technical,5.18,47.18,1,0,341.03,Synthetic demonstration data — not actual University of Sydney results
WO-01387,CASE-016381,2025-06-10 11:48:00,2025-06-11 21:17:59,1,9,Security and lighting,Learning Spaces Technical,3.98,22.33,1,0,279.29,Synthetic demonstration data — not actual University of Sydney results
WO-01388,CASE-005446,2025-05-01 14:49:00,2025-05-02 19:33:41,1,9,HVAC and temperature,Learning Spaces Technical,13.98,19.16,1,0,97.91,Synthetic demonstration data — not actual University of Sydney results
WO-01389,CASE-002502,2025-09-07 15:52:00,2025-09-12 09:11:07,1,9,Study spaces,Metro Building Care,7.58,75.55,1,0,531.36,Synthetic demonstration data — not actual University of Sydney results
WO-01390,CASE-000024,2024-12-01 12:48:00,2024-12-02 09:18:11,2,9,HVAC and temperature,Learning Spaces Technical,3.5,13.67,1,0,405.65,Synthetic demonstration data — not actual University of Sydney results
WO-01391,CASE-016879,2026-07-23 10:40:00,2026-08-01 00:53:44,1,9,HVAC and temperature,CampusWorks Services,10.67,137.49,1,0,309.4,Synthetic demonstration data — not actual University of Sydney results
WO-01392,CASE-002959,2026-01-25 15:32:00,2026-01-27 17:53:47,1,9,Study spaces,Metro Building Care,3.13,33.58,0,0,211.79,Synthetic demonstration data — not actual University of Sydney results
WO-01393,CASE-000007,2025-01-16 12:03:00,2025-01-17 20:28:50,1,10,Accessibility,Learning Spaces Technical,8.8,21.62,1,1,360.2,Synthetic demonstration data — not actual University of Sydney results
WO-01394,CASE-016399,2025-03-18 14:44:00,2025-03-19 01:07:29,1,10,Accessibility,Learning Spaces Technical,5.93,6.93,0,0,1409.1,Synthetic demonstration data — not actual University of Sydney results
WO-01395,CASE-003329,2025-02-27 18:16:00,2025-03-01 00:10:14,2,9,Security and lighting,Metro Building Care,3.86,19.94,1,0,95.65,Synthetic demonstration data — not actual University of Sydney results
WO-01396,CASE-006666,2026-07-02 13:53:00,2026-07-03 09:10:41,1,9,Security and lighting,CampusWorks Services,3.41,12.86,1,0,430.76,Synthetic demonstration data — not actual University of Sydney results
WO-01397,CASE-006773,2025-06-16 15:19:00,2025-06-19 09:37:40,1,9,Security and lighting,CampusWorks Services,2.74,44.21,1,0,512.92,Synthetic demonstration data — not actual University of Sydney results
WO-01398,CASE-017271,2025-07-25 17:05:00,2025-07-28 07:05:50,1,9,Cleanliness,Learning Spaces Technical,3.86,41.34,1,0,426.77,Synthetic demonstration data — not actual University of Sydney results
WO-01399,CASE-004702,2024-12-17 16:17:00,2024-12-19 00:53:52,1,9,Security and lighting,Learning Spaces Technical,4.23,21.74,1,0,262.87,Synthetic demonstration data — not actual University of Sydney results
WO-01400,CASE-015858,2026-03-26 11:00:00,2026-03-27 00:48:32,1,9,Cleanliness,CampusWorks Services,4.33,9.21,1,0,107.99,Synthetic demonstration data — not actual University of Sydney results
WO-01401,CASE-001084,2025-10-02 18:32:00,2025-10-04 18:42:58,2,9,Cleanliness,CampusWorks Services,3.78,32.12,1,0,82.83,Synthetic demonstration data — not actual University of Sydney results
WO-01402,CASE-007911,2025-03-13 11:47:00,2025-03-15 16:48:42,1,9,HVAC and temperature,CampusWorks Services,10.64,35.35,1,0,277.68,Synthetic demonstration data — not actual University of Sydney results
WO-01403,CASE-010214,2026-07-17 16:05:00,2026-07-19 09:43:24,1,9,Security and lighting,Learning Spaces Technical,7.8,27.76,1,0,220.33,Synthetic demonstration data — not actual University of Sydney results
WO-01404,CASE-015724,2025-04-11 17:18:00,2025-04-12 18:21:31,1,9,Cleanliness,Metro Building Care,4.54,16.71,1,0,1751.86,Synthetic demonstration data — not actual University of Sydney results
WO-01405,CASE-012027,2025-04-02 15:07:00,2025-04-03 01:48:50,1,9,Cleanliness,Learning Spaces Technical,2.29,7.13,1,0,212.05,Synthetic demonstration data — not actual University of Sydney results
WO-01406,CASE-005902,2026-08-09 14:03:00,2026-08-10 15:41:27,3,9,Cleanliness,CampusWorks Services,2.79,17.09,1,0,256.77,Synthetic demonstration data — not actual University of Sydney results
WO-01407,CASE-012455,2025-02-10 12:39:00,2025-02-15 07:45:55,1,9,Study spaces,Metro Building Care,7.14,76.74,1,1,467.29,Synthetic demonstration data — not actual University of Sydney results
WO-01408,CASE-016647,2025-02-20 11:06:00,2025-02-22 20:59:56,1,9,HVAC and temperature,Learning Spaces Technical,16.34,38.6,1,0,267.5,Synthetic demonstration data — not actual University of Sydney results
WO-01409,CASE-000307,2025-04-17 09:05:00,2025-04-18 15:39:46,1,10,Accessibility,Metro Building Care,4.38,20.39,1,1,417.85,Synthetic demonstration data — not actual University of Sydney results
WO-01410,CASE-017375,2024-09-26 12:51:00,2024-09-29 18:37:00,1,9,HVAC and temperature,Metro Building Care,8.25,51.84,1,0,193.22,Synthetic demonstration data — not actual University of Sydney results
WO-01411,CASE-007359,2025-07-21 16:43:00,2025-07-24 22:12:25,3,10,Accessibility,Metro Building Care,5.24,51.66,1,0,484.82,Synthetic demonstration data — not actual University of Sydney results
WO-01412,CASE-006904,2025-03-27 20:36:00,2025-03-28 14:08:15,1,9,Security and lighting,CampusWorks Services,1.47,11.69,1,0,152.19,Synthetic demonstration data — not actual University of Sydney results
WO-01413,CASE-014412,2025-03-10 11:43:00,2025-03-12 17:24:18,2,9,Cleanliness,Learning Spaces Technical,4.0,35.79,0,0,70.75,Synthetic demonstration data — not actual University of Sydney results
WO-01414,CASE-008128,2025-06-26 12:46:00,2025-06-27 22:19:55,1,9,HVAC and temperature,Metro Building Care,12.26,22.38,0,0,386.35,Synthetic demonstration data — not actual University of Sydney results
WO-01415,CASE-002718,2026-05-19 13:37:00,2026-05-20 07:35:31,2,10,Accessibility,Metro Building Care,10.98,11.98,1,0,138.58,Synthetic demonstration data — not actual University of Sydney results
WO-01416,CASE-006761,2025-02-03 09:01:00,2025-02-04 13:59:45,1,10,Accessibility,Learning Spaces Technical,5.25,19.32,0,0,147.71,Synthetic demonstration data — not actual University of Sydney results
WO-01417,CASE-015914,2026-08-04 08:08:00,2026-08-05 04:03:36,2,8,Teaching room equipment,Learning Spaces Technical,3.72,13.28,1,0,209.49,Synthetic demonstration data — not actual University of Sydney results
WO-01418,CASE-017099,2026-03-16 15:26:00,2026-03-17 08:48:45,1,9,Cleanliness,Metro Building Care,7.47,11.59,1,0,503.09,Synthetic demonstration data — not actual University of Sydney results
WO-01419,CASE-016155,2025-06-08 11:22:00,2025-06-09 11:57:02,1,9,Study spaces,Learning Spaces Technical,12.6,16.39,1,0,178.67,Synthetic demonstration data — not actual University of Sydney results
WO-01420,CASE-012964,2026-07-29 13:45:00,2026-07-30 18:04:21,1,9,HVAC and temperature,Metro Building Care,17.88,18.88,1,0,146.52,Synthetic demonstration data — not actual University of Sydney results
WO-01421,CASE-016362,2026-07-04 11:32:00,2026-07-06 01:34:31,1,9,Cleanliness,Metro Building Care,3.54,25.36,1,0,177.77,Synthetic demonstration data — not actual University of Sydney results
WO-01422,CASE-012602,2025-03-15 19:32:00,2025-03-17 09:11:32,1,9,Study spaces,Learning Spaces Technical,11.57,25.11,1,1,225.59,Synthetic demonstration data — not actual University of Sydney results
WO-01423,CASE-004651,2025-05-13 15:51:00,2025-05-15 01:37:29,1,9,HVAC and temperature,Learning Spaces Technical,17.06,22.52,0,1,461.07,Synthetic demonstration data — not actual University of Sydney results
WO-01424,CASE-006179,2025-07-29 17:09:00,2025-08-03 00:36:22,1,9,Study spaces,Learning Spaces Technical,8.54,68.97,0,0,574.81,Synthetic demonstration data — not actual University of Sydney results
WO-01425,CASE-011482,2026-05-14 11:22:00,2026-05-16 20:28:39,1,8,Teaching room equipment,Metro Building Care,4.42,38.07,1,0,464.49,Synthetic demonstration data — not actual University of Sydney results
WO-01426,CASE-008230,2026-05-07 15:57:00,2026-05-09 10:21:16,1,9,Study spaces,CampusWorks Services,8.58,28.27,1,0,261.13,Synthetic demonstration data — not actual University of Sydney results
WO-01427,CASE-013507,2026-08-07 18:47:00,2026-08-08 22:21:39,1,8,Teaching room equipment,Metro Building Care,6.8,18.39,1,0,371.45,Synthetic demonstration data — not actual University of Sydney results
WO-01428,CASE-009063,2025-04-11 17:08:00,2025-04-13 01:57:23,3,9,Cleanliness,Learning Spaces Technical,3.07,21.88,1,1,400.2,Synthetic demonstration data — not actual University of Sydney results
WO-01429,CASE-001050,2025-02-13 18:53:00,2025-02-15 17:57:16,1,9,Study spaces,CampusWorks Services,8.51,31.38,1,0,167.89,Synthetic demonstration data — not actual University of Sydney results
WO-01430,CASE-015194,2025-02-27 20:26:00,2025-02-28 05:00:37,1,10,Accessibility,CampusWorks Services,3.75,5.72,1,0,223.52,Synthetic demonstration data — not actual University of Sydney results
WO-01431,CASE-017727,2025-08-19 16:46:00,2025-08-21 03:26:46,2,9,HVAC and temperature,Learning Spaces Technical,4.06,23.12,1,0,328.87,Synthetic demonstration data — not actual University of Sydney results
WO-01432,CASE-017754,2025-04-22 15:59:00,2025-04-25 19:33:47,1,9,Cleanliness,CampusWorks Services,3.51,50.39,0,0,305.84,Synthetic demonstration data — not actual University of Sydney results
WO-01433,CASE-008469,2025-02-14 12:36:00,2025-02-15 01:19:22,1,8,Teaching room equipment,CampusWorks Services,3.05,8.48,1,0,676.7,Synthetic demonstration data — not actual University of Sydney results
WO-01434,CASE-016627,2025-03-11 15:46:00,2025-03-12 19:14:58,1,9,Security and lighting,Learning Spaces Technical,1.81,18.32,1,0,252.72,Synthetic demonstration data — not actual University of Sydney results
WO-01435,CASE-012888,2025-10-24 18:26:00,2025-10-27 20:05:06,1,9,HVAC and temperature,Learning Spaces Technical,11.77,49.1,1,0,126.38,Synthetic demonstration data — not actual University of Sydney results
WO-01436,CASE-016425,2024-11-08 16:01:00,2024-11-09 18:20:10,2,9,Study spaces,Metro Building Care,1.97,17.55,1,0,147.65,Synthetic demonstration data — not actual University of Sydney results
WO-01437,CASE-010719,2026-01-20 16:39:00,2026-01-21 13:30:21,1,10,Accessibility,Learning Spaces Technical,3.22,13.9,1,0,192.02,Synthetic demonstration data — not actual University of Sydney results
WO-01438,CASE-003405,2025-08-27 12:24:00,2025-08-28 13:55:24,1,9,Cleanliness,CampusWorks Services,4.76,17.02,1,1,128.3,Synthetic demonstration data — not actual University of Sydney results
WO-01439,CASE-015409,2026-01-14 13:23:00,2026-01-16 14:37:35,3,9,Security and lighting,Metro Building Care,2.89,32.83,1,1,327.08,Synthetic demonstration data — not actual University of Sydney results
WO-01440,CASE-006612,2024-11-01 16:18:00,2024-11-02 13:41:13,1,9,Cleanliness,Learning Spaces Technical,5.12,14.26,1,0,686.76,Synthetic demonstration data — not actual University of Sydney results
WO-01441,CASE-012508,2024-11-01 15:39:00,2024-11-01 23:14:43,1,10,Accessibility,Metro Building Care,2.84,5.06,1,0,802.59,Synthetic demonstration data — not actual University of Sydney results
WO-01442,CASE-007395,2025-11-04 13:04:00,2025-11-12 23:56:29,1,9,HVAC and temperature,Learning Spaces Technical,12.28,135.25,1,0,230.42,Synthetic demonstration data — not actual University of Sydney results
WO-01443,CASE-016857,2025-06-05 19:10:00,2025-06-06 05:01:08,1,10,Accessibility,Metro Building Care,2.55,6.57,1,0,437.17,Synthetic demonstration data — not actual University of Sydney results
WO-01444,CASE-001312,2026-03-12 11:19:00,2026-03-13 06:57:09,1,9,Cleanliness,CampusWorks Services,3.22,13.09,1,0,132.96,Synthetic demonstration data — not actual University of Sydney results
WO-01445,CASE-015222,2025-11-30 15:25:00,2025-12-01 03:29:07,2,9,Study spaces,CampusWorks Services,5.38,8.05,1,0,386.53,Synthetic demonstration data — not actual University of Sydney results
WO-01446,CASE-004972,2025-05-11 18:58:00,2025-05-13 12:42:54,1,9,Study spaces,Learning Spaces Technical,13.5,27.83,1,0,614.53,Synthetic demonstration data — not actual University of Sydney results
WO-01447,CASE-005370,2025-11-14 13:22:00,2025-11-15 09:02:23,1,9,Cleanliness,CampusWorks Services,1.79,13.12,1,0,147.52,Synthetic demonstration data — not actual University of Sydney results
WO-01448,CASE-005553,2026-04-24 10:09:00,2026-04-25 04:12:36,1,9,Security and lighting,Learning Spaces Technical,8.62,12.04,1,0,299.79,Synthetic demonstration data — not actual University of Sydney results
WO-01449,CASE-011967,2026-04-16 09:56:00,2026-04-17 16:43:16,1,9,HVAC and temperature,Metro Building Care,7.19,20.53,1,0,372.6,Synthetic demonstration data — not actual University of Sydney results
WO-01450,CASE-012714,2025-08-31 11:50:00,2025-09-03 03:08:11,1,9,HVAC and temperature,CampusWorks Services,9.13,42.2,1,0,223.67,Synthetic demonstration data — not actual University of Sydney results
WO-01451,CASE-002596,2026-01-28 09:40:00,2026-01-30 12:38:50,2,10,Accessibility,Metro Building Care,1.11,33.99,1,0,856.85,Synthetic demonstration data — not actual University of Sydney results
WO-01452,CASE-012349,2026-05-20 11:36:00,2026-05-21 16:32:59,3,9,Study spaces,Metro Building Care,2.41,19.3,1,0,123.35,Synthetic demonstration data — not actual University of Sydney results
WO-01453,CASE-008231,2026-07-09 12:37:00,2026-07-12 13:47:29,1,9,HVAC and temperature,Learning Spaces Technical,9.46,48.78,1,0,293.58,Synthetic demonstration data — not actual University of Sydney results
WO-01454,CASE-005708,2026-02-13 11:41:00,2026-02-14 15:04:28,1,9,Cleanliness,Learning Spaces Technical,4.77,18.26,1,0,209.71,Synthetic demonstration data — not actual University of Sydney results
WO-01455,CASE-010158,2026-02-22 15:58:00,2026-02-23 17:49:39,1,9,HVAC and temperature,Learning Spaces Technical,6.61,17.24,0,0,530.3,Synthetic demonstration data — not actual University of Sydney results
WO-01456,CASE-009891,2025-05-01 13:09:00,2025-05-04 06:28:09,1,9,Study spaces,Learning Spaces Technical,8.8,43.55,1,0,675.11,Synthetic demonstration data — not actual University of Sydney results
WO-01457,CASE-016804,2025-03-21 11:08:00,2025-03-23 04:45:00,1,9,Security and lighting,CampusWorks Services,3.1,27.74,1,0,252.53,Synthetic demonstration data — not actual University of Sydney results
WO-01458,CASE-014463,2025-12-04 14:53:00,2025-12-08 22:29:13,1,9,Study spaces,CampusWorks Services,4.96,69.07,1,0,388.51,Synthetic demonstration data — not actual University of Sydney results
WO-01459,CASE-003884,2026-05-28 12:26:00,2026-06-01 12:04:25,1,9,HVAC and temperature,Learning Spaces Technical,16.26,63.76,0,0,274.98,Synthetic demonstration data — not actual University of Sydney results
WO-01460,CASE-005931,2026-02-25 17:40:00,2026-02-28 10:05:22,1,9,Cleanliness,Metro Building Care,8.32,42.95,0,0,320.09,Synthetic demonstration data — not actual University of Sydney results
WO-01461,CASE-008187,2025-07-15 14:27:00,2025-07-18 09:44:52,1,9,Study spaces,Metro Building Care,7.54,44.87,1,0,235.14,Synthetic demonstration data — not actual University of Sydney results
WO-01462,CASE-014911,2025-02-24 18:11:00,2025-02-26 17:47:29,1,9,Security and lighting,CampusWorks Services,4.46,31.74,1,0,627.78,Synthetic demonstration data — not actual University of Sydney results
WO-01463,CASE-014064,2025-10-17 12:39:00,2025-10-19 03:53:10,3,8,Teaching room equipment,Metro Building Care,13.99,26.16,1,0,476.5,Synthetic demonstration data — not actual University of Sydney results
WO-01464,CASE-014309,2025-05-14 17:01:00,2025-05-20 01:49:20,1,9,Study spaces,Learning Spaces Technical,4.62,85.87,1,0,488.07,Synthetic demonstration data — not actual University of Sydney results
WO-01465,CASE-006380,2025-06-15 15:13:00,2025-06-16 15:09:39,1,9,Cleanliness,Metro Building Care,3.4,15.96,1,0,414.66,Synthetic demonstration data — not actual University of Sydney results
WO-01466,CASE-010825,2025-01-09 11:31:00,2025-01-10 08:25:24,2,8,Teaching room equipment,Metro Building Care,6.48,13.94,1,0,337.69,Synthetic demonstration data — not actual University of Sydney results
WO-01467,CASE-005920,2025-10-05 12:08:00,2025-10-07 00:33:59,2,9,HVAC and temperature,Learning Spaces Technical,3.45,24.29,1,0,846.1,Synthetic demonstration data — not actual University of Sydney results
WO-01468,CASE-002403,2026-05-08 11:14:00,2026-05-08 19:38:32,1,9,Security and lighting,Metro Building Care,1.77,5.61,1,0,107.56,Synthetic demonstration data — not actual University of Sydney results
WO-01469,CASE-013351,2025-03-07 11:35:00,2025-03-08 11:59:13,1,9,Study spaces,Learning Spaces Technical,10.11,16.27,1,0,658.6,Synthetic demonstration data — not actual University of Sydney results
WO-01470,CASE-008560,2025-03-14 16:10:00,2025-03-15 09:53:05,1,9,Cleanliness,CampusWorks Services,5.38,11.81,1,0,1602.69,Synthetic demonstration data — not actual University of Sydney results
WO-01471,CASE-009134,2024-12-23 11:52:00,2024-12-26 11:43:56,1,9,Study spaces,CampusWorks Services,6.05,47.91,1,0,455.76,Synthetic demonstration data — not actual University of Sydney results
WO-01472,CASE-017707,2025-07-27 12:36:00,2025-07-29 11:45:30,1,9,Security and lighting,CampusWorks Services,7.77,31.44,1,0,155.1,Synthetic demonstration data — not actual University of Sydney results
WO-01473,CASE-011975,2026-03-25 15:15:00,2026-03-27 00:43:51,2,9,HVAC and temperature,Metro Building Care,1.62,22.32,0,0,355.07,Synthetic demonstration data — not actual University of Sydney results
WO-01474,CASE-006340,2024-11-21 16:54:00,2024-11-26 20:09:02,1,9,Study spaces,CampusWorks Services,21.06,82.17,0,0,555.61,Synthetic demonstration data — not actual University of Sydney results
WO-01475,CASE-007594,2024-11-02 11:13:00,2024-11-03 18:23:26,1,10,Accessibility,Metro Building Care,3.43,20.78,1,0,130.35,Synthetic demonstration data — not actual University of Sydney results
WO-01476,CASE-001502,2025-10-30 18:46:00,2025-11-06 05:27:44,2,9,Study spaces,Learning Spaces Technical,3.79,103.13,0,0,298.07,Synthetic demonstration data — not actual University of Sydney results
WO-01477,CASE-003585,2025-03-03 09:04:00,2025-03-07 19:21:01,1,9,Study spaces,Metro Building Care,2.67,70.86,0,1,198.39,Synthetic demonstration data — not actual University of Sydney results
WO-01478,CASE-008309,2024-10-11 13:01:00,2024-10-13 14:07:55,1,9,Study spaces,CampusWorks Services,31.74,32.74,0,0,549.95,Synthetic demonstration data — not actual University of Sydney results
WO-01479,CASE-003584,2025-12-25 14:12:00,2025-12-26 17:47:44,1,8,Teaching room equipment,Metro Building Care,4.3,18.4,1,0,250.87,Synthetic demonstration data — not actual University of Sydney results
WO-01480,CASE-003813,2024-09-01 13:56:00,2024-09-05 17:29:13,1,9,HVAC and temperature,CampusWorks Services,9.71,66.37,1,0,385.03,Synthetic demonstration data — not actual University of Sydney results
WO-01481,CASE-001449,2025-02-12 18:40:00,2025-02-14 08:52:06,1,9,Security and lighting,Learning Spaces Technical,10.27,25.47,1,0,1435.27,Synthetic demonstration data — not actual University of Sydney results
WO-01482,CASE-009636,2026-04-13 12:20:00,2026-04-14 02:13:50,1,10,Accessibility,Learning Spaces Technical,7.32,9.26,1,0,271.54,Synthetic demonstration data — not actual University of Sydney results
WO-01483,CASE-009919,2024-12-30 15:05:00,2025-01-03 20:49:39,1,9,HVAC and temperature,Learning Spaces Technical,31.01,67.83,0,0,158.12,Synthetic demonstration data — not actual University of Sydney results
WO-01484,CASE-006433,2025-10-26 16:53:00,2025-10-27 18:43:31,1,8,Teaching room equipment,Learning Spaces Technical,16.23,17.23,1,0,331.94,Synthetic demonstration data — not actual University of Sydney results
WO-01485,CASE-001012,2026-01-09 11:26:00,2026-01-10 22:22:18,1,9,Cleanliness,Learning Spaces Technical,8.35,23.29,1,0,460.07,Synthetic demonstration data — not actual University of Sydney results
WO-01486,CASE-000239,2025-06-02 10:28:00,2025-06-04 01:54:06,2,8,Teaching room equipment,Metro Building Care,6.32,26.29,1,0,258.97,Synthetic demonstration data — not actual University of Sydney results
WO-01487,CASE-010444,2025-07-04 10:17:00,2025-07-05 12:07:35,1,9,HVAC and temperature,Learning Spaces Technical,10.4,17.23,1,0,184.5,Synthetic demonstration data — not actual University of Sydney results
WO-01488,CASE-016626,2025-08-19 16:09:00,2025-08-20 11:56:55,1,9,Cleanliness,Learning Spaces Technical,3.56,13.2,1,0,693.51,Synthetic demonstration data — not actual University of Sydney results
WO-01489,CASE-016041,2026-04-26 16:06:00,2026-04-27 20:07:37,1,10,Accessibility,Metro Building Care,3.95,18.68,1,0,121.09,Synthetic demonstration data — not actual University of Sydney results
WO-01490,CASE-015578,2025-02-23 18:20:00,2025-02-25 08:41:37,1,9,Study spaces,Metro Building Care,7.94,25.57,1,1,387.51,Synthetic demonstration data — not actual University of Sydney results
WO-01491,CASE-001110,2026-01-22 10:11:00,2026-01-24 01:16:10,1,10,Accessibility,CampusWorks Services,7.33,26.06,1,0,376.77,Synthetic demonstration data — not actual University of Sydney results
WO-01492,CASE-003940,2025-05-26 12:45:00,2025-05-31 08:03:03,1,9,HVAC and temperature,Learning Spaces Technical,17.05,76.87,1,0,440.23,Synthetic demonstration data — not actual University of Sydney results
WO-01493,CASE-016042,2024-11-24 16:44:00,2024-11-27 04:45:32,1,9,HVAC and temperature,CampusWorks Services,7.86,40.02,1,0,319.51,Synthetic demonstration data — not actual University of Sydney results
WO-01494,CASE-004923,2025-12-31 11:43:00,2026-01-02 04:45:32,1,9,HVAC and temperature,Metro Building Care,9.53,27.36,1,0,184.51,Synthetic demonstration data — not actual University of Sydney results
WO-01495,CASE-016040,2024-11-13 10:17:00,2024-11-15 03:30:46,1,9,Study spaces,Metro Building Care,6.44,27.49,0,0,315.87,Synthetic demonstration data — not actual University of Sydney results
WO-01496,CASE-001470,2024-10-23 20:56:00,2024-10-27 18:29:47,1,9,HVAC and temperature,CampusWorks Services,18.55,62.38,0,0,177.69,Synthetic demonstration data — not actual University of Sydney results
WO-01497,CASE-003923,2025-05-22 15:03:00,2025-05-25 22:06:48,1,9,Study spaces,Learning Spaces Technical,6.95,52.71,1,1,418.4,Synthetic demonstration data — not actual University of Sydney results
WO-01498,CASE-011232,2025-08-25 13:55:00,2025-08-26 14:20:04,1,9,HVAC and temperature,CampusWorks Services,14.57,16.28,1,1,151.04,Synthetic demonstration data — not actual University of Sydney results
WO-01499,CASE-011106,2025-06-26 11:11:00,2025-06-28 16:22:20,1,8,Teaching room equipment,Metro Building Care,4.97,35.46,1,0,272.11,Synthetic demonstration data — not actual University of Sydney results
WO-01500,CASE-003961,2025-08-08 11:52:00,2025-08-10 02:50:15,1,9,Security and lighting,CampusWorks Services,8.01,25.98,1,0,341.83,Synthetic demonstration data — not actual University of Sydney results
